show databases;
drop database Store;
create database Store;
use Store;


create table Category(
catid int primary key AUTO_INCREMENT,
catname varchar(20) not null,
noofworkers int not null, check(noofworkers >= 0)
);

create table Products(
	pdid int primary key AUTO_INCREMENT,
	catid int,
    name varchar(100) not null,
    brand varchar(50) not null,
    images varchar(255) not null,
    oftype varchar(50) not null,
    costPrice int not null, check(costPrice >= 0),
    sellingPrice int not null, check(sellingPrice >= 0),
    discount int not null, check(discount >= 0),
    rating int not null, check (rating between 1 and 5),
    foreign key(catid) references Category(catid)
    on update cascade
);

create table Eappliances(
	pdid int,
    mfgDate date not null,
    quantity int not null, check(quantity >= 0),
    primary key(pdid, mfgdate),
    foreign key(pdid) references Products(pdid)
    on delete cascade
    on update cascade
);

create table Footwears(
	pdid int,
	color varchar(20) not null,
	gender varchar(20) not null,
	size int not null, check(size >= 0),
    quantity int not null, check(quantity >= 0),
	primary key(pdid, color, gender, size),
	foreign key(pdid) references Products(pdid)
	on delete cascade
    on update cascade
);

create table Clothes(
	pdid int,
	color varchar(20) not null,
	gender varchar(20) not null,
	size varchar(20) not null, check(size in('M', 'L', 'S', 'XL', 'XXL', 'XXXL')),
    quantity int not null, check(quantity >= 0),
	primary key(pdid, color, gender, size),
	foreign key(pdid) references Products(pdid)
	on delete cascade
    on update cascade
);

create table Vendor(
venid int primary key AUTO_INCREMENT,
fname varchar(20) not null,
lname varchar(20) default "-",
email varchar(50) not null, check(email like '%_@___%.___%'),
phone char(12) not null,
gender varchar(9) not null, check(gender in ('Male', 'Female', 'others')),
hno int default -1, check(hno >= -1),
street varchar(150) not null,
district varchar(50) not null,
city varchar(20) not null,
state varchar(30) not null,
pincode int not null, check(pincode between 000000 and 999999)
);

create table Inventory(
invenid int primary key AUTO_INCREMENT,
hno int not null, check(hno >= 0),
street varchar(255) not null,
district varchar(20) not null,
city varchar(20) not null,
state varchar(50) not null,
pincode int not null, check(pincode between 000000 and 999999)
);

create table InInventory(
	invenid int,
	pdid int,
	quantity int default 0, check(quantity >= 0),
	primary key(invenid,pdid),
	foreign key (invenid) references Inventory(invenid),
	foreign key(pdid) references Products(pdid)
	on delete cascade
    on update cascade
);

create table Distributes(
invenid int,
venid int,
primary key(invenid,venid),
foreign key(invenid) references Inventory(invenid),
foreign key(venid) references Vendor(venid)
on delete cascade
    on update cascade
);

create table Invoice(
	invid int primary key AUTO_INCREMENT,
    invenid int,
    statusof boolean not null,
    receivedDate date not null,
    fulfilledDate date not null, check(date(fulfilledDate) >= date(receivedDate)),
    foreign key(invenid) references Inventory(invenid)
    on delete cascade
    on update cascade
);

create table Batch(
	bid int primary key AUTO_INCREMENT,
    pdid int,
    invid int,
    quantity int default 0, check(quantity >= 0),
    foreign key (pdid) references Products(pdid),
    foreign key(invid) references Invoice(invid)
    on delete cascade
    on update cascade
);

create table Morders(
	invid int primary key,
    venid int,
	foreign key(invid) references Invoice(invid),
    foreign key (venid) references Vendor(venid)
    on delete cascade
    on update cascade
);

create table Manager(
meid int primary key AUTO_INCREMENT,
invenid int,
fname varchar(20)not null,
lname varchar(20) default "-",
phone char(12) not null,
email varchar(50) not null, check(email like '%_@__%.__%'),
dob date not null, check(year(dob) < 2022),
age int generated always as(2022 -  year(dob)),
gender varchar(9) not null, check(gender in ('Male', 'Female', 'Others')),
hno int default -1, check(hno >= 0),
street varchar(150) not null,
district varchar(50) not null,
city varchar(20) not null,
state varchar(30) not null,
pincode int not null, check(pincode between 000000 and 999999),
salary int default 10000, check(salary >= 8000),
experience int not null, check(experience >= 0),
doj date not null, check(year(doj) > year(dob)),
foreign key(invenid) references Inventory(invenid)
    on update cascade
);


create table Customer(
uid int primary key AUTO_INCREMENT,
fname varchar(20)not null,
lname varchar(20) default "-",
phone char(12) not null,
email varchar(50) not null, check(email like '%_@__%.__%'),
gender varchar(9) not null, check(gender in ('Male', 'Female', 'Others')),
dob date not null,  check(year(dob) < 2022),
age int generated always as(2022-year(dob)) virtual,
hno int default -1, check(hno >= 0),
street varchar(150) not null,
district varchar(50) not null,
city varchar(20) not null,
state varchar(30) not null,
pincode int not null, check(pincode between 000000 and 999999)
);

create table Employee(
eid int primary key AUTO_INCREMENT,
fname varchar(20)not null,
lname varchar(20) default "-",
phone char(12) not null,
email varchar(50) not null check(email like '%_@__%.__%'),
dob date not null, check(year(dob) <= 2022),
age int generated always as ((2022-year(dob))) virtual,
gender varchar(9) not null check(gender in ('Male', 'Female', 'Others')),
hno int default -1, check(hno >= 0),
street varchar(150) not null,
district varchar(50) not null,
city varchar(20) not null,
state varchar(30) not null,
pincode int not null, check(pincode between 000000 and 999999),
salary int default 10000, check(salary >= 8000),
experience int not null, check(experience >= 0),
speciality varchar(20) not null,
doj date not null, check(year(dob) < year(doj))
);

create table Supervision(
eid int,
meid int,
primary key(eid, meid),
foreign key(meid) references Manager(meid),
foreign key(eid) references Employee(eid)
	on delete cascade
    on update cascade
);

create table Supervisor(
	superviser_eid int,
    supervisee_eid int,
    primary key(supervisee_eid),
    foreign key (superviser_eid) references Employee(eid),
    foreign key (supervisee_eid) references Employee(eid)
    on delete cascade
    on update cascade
);

create table CatHead(
cheid int primary key,
catid int not null,
foreign key (cheid) references Employee(eid),
foreign key (catid) references Category(catid)
on delete cascade
on update cascade
);


create table Worker(
weid int primary key,
catid int not null,
foreign key (weid) references Employee(eid),
foreign key (catid) references Category(catid)
on delete cascade
on update cascade
);

create table Views(
timstamp timestamp not null DEFAULT current_timestamp(),
uid int,
catid int,
primary key(timstamp,uid,catid),
foreign key (uid) references Customer(uid),
foreign key (catid) references Category(catid)
	on delete cascade
	on update cascade
);

create table Corders(
cordid int primary key AUTO_INCREMENT,
uid int not null,
dateoforderplaced date not null,
dateoforderdelivery date not null, check(date(dateoforderdelivery) >= date(dateoforderplaced)),
orderstatus boolean default false,
totalCost int default 0, check(totalCost >= 0),
foreign key(uid) references Customer(uid)
on delete cascade
on update cascade
);

create table Cart(
ordid int,
pdid int,
quantity int default 0, check(quantity >= 0),
subtotal int default 0,  check(subtotal >= 0),
attr varchar(80) not null,
placed boolean default false,
primary key(ordid, pdid, quantity, attr, placed),
foreign key(ordid) references Corders(cordid),
foreign key (pdid) references Products(pdid)
	on delete cascade
    on update cascade
);

create table Transactions(
tid int primary key AUTO_INCREMENT,
cordid int,
ofstatus boolean not null,
timstamp timestamp not null DEFAULT current_timestamp(),
paymentmethod varchar(10) not null, check(paymentmethod in('COD', 'UPI')),
foreign key(cordid) references Corders(cordid)
on delete cascade
on update cascade
);

create table DeliveryPerson(
cordid int primary key,
deid int,
foreign key(cordid) references Corders(cordid),
foreign key(deid) references Employee(eid)
on delete cascade
on update cascade
);

create table login(
loginID int not null, check(loginID >= 0),
usertype varchar(20) not null, check ( usertype in('customer','manager','employee')),
pasword varchar(12) not null, check (LENGTH(pasword) >= 6 and LENGTH(pasword) <= 12),
primary key (loginID,usertype)
);


-- Triggers Implementation
create  trigger doDiscount
before insert on Products
for each row
set new.discount=new.costPrice*0.1,
new.sellingPrice=new.costPrice-new.discount;


create  trigger discountDu
before update on Products
for each row
set new.discount=new.costPrice*0.1,
new.sellingPrice=new.costPrice-new.discount;


--When the order is inserted in the cart
create trigger jbcartmeadd1
after insert on Cart
for each row
update Eappliances
set quantity=quantity-new.quantity
where Eappliances.pdid=new.pdid;


create trigger jbcartmeadd2
after insert on Cart
for each row
update Footwears
set quantity=quantity-new.quantity
where Footwears.pdid=new.pdid;


create trigger jbcartmeadd3
after insert on Cart
for each row
update Clothes
set Clothes.quantity=Clothes.quantity-new.quantity
where Clothes.pdid=new.pdid;

--
create trigger onIninventory1
after insert on Cart
for each row
update Footwears,InInventory
set Footwears.quantity=10+Footwears.quantity,
InInventory.quantity=InInventory.quantity-10
where Footwears.quantity<5 and Footwears.pdid=new.pdid and InInventory.pdid=new.pdid;


create trigger onIninventory2
after insert on Cart
for each row
update Clothes,InInventory
set Clothes.quantity=10+Clothes.quantity,
InInventory.quantity=InInventory.quantity-10
where Clothes.quantity<5 and Clothes.pdid=new.pdid and InInventory.pdid=new.pdid;


create trigger onIninventory3
after insert on Cart
for each row
update Eappliances,InInventory
set Eappliances.quantity=10+Eappliances.quantity,
InInventory.quantity=InInventory.quantity-10
where Eappliances.quantity<5 and Eappliances.pdid=new.pdid and InInventory.pdid=new.pdid;

DELIMITER $$
CREATE TRIGGER InInventorypr
BEFORE Update
ON InInventory
FOR EACH ROW
BEGIN
  if (NEW.quantity < 10) THEN
	 set NEW.quantity = NEW.quantity + 15;
  END IF;
END$$


--views
--Manager
create view InInventoryViewMan as
SELECT InInventory.pdid, Products.name, Products.brand, InInventory.quantity, InInventory.invenid
FROM InInventory JOIN Products ON InInventory.pdid = Products.pdid;

create view VendorViewMan as
SELECT Vendor.venid, Vendor.fname, Vendor.lname, Vendor.email, Vendor.phone,
Vendor.gender, Vendor.hno, Vendor.street, Vendor.district, Vendor.city,
Vendor.state, Vendor.pincode, Distributes.invenid FROM Vendor JOIN Distributes
ON Vendor.venid = Distributes.venid;

create view InvoiceUnderMan as
SELECT Invoice.invid, Invoice.invenid, Invoice.statusof, Invoice.receivedDate,
Invoice.fulfilledDate, Morders.venid FROM Invoice JOIN Morders
ON Invoice.invid = Morders.invid;

create view BatchView as
SELECT Products.name, Products.brand, Products.oftype, Batch.quantity, Batch.invid,
Morders.venid, Invoice.invenid FROM Invoice JOIN Products JOIN Batch JOIN Morders
ON Invoice.invid = Morders.invid AND Invoice.invid = Batch.invid AND Products.pdid = Batch.pdid;


--Catrgory Head
create view InventoryViewCat as
SELECT Inventory.invenid, Inventory.hno, Inventory.street, Inventory.district,
Inventory.city, Inventory.state, Inventory.pincode, Employee.eid FROM Inventory JOIN
Manager JOIN Supervision JOIN Employee ON Inventory.invenid = Manager.invenid AND Manager.meid = Supervision.meid AND
Supervision.eid = Employee.eid;

create view InInventoryViewCat as
SELECT DISTINCT InInventory.pdid, Products.name, Products.brand, InInventory.quantity, Employee.eid
FROM Products JOIN InInventory JOIN Inventory JOIN Manager JOIN Supervision JOIN Employee JOIN CatHead ON
InInventory.pdid = Products.pdid AND Inventory.invenid = InInventory.invenid AND Manager.invenid = Inventory.invenid
AND Manager.meid = Supervision.meid AND Supervision.eid = Employee.eid AND Employee.eid = CatHead.cheid AND
Products.catid = CatHead.catid;

create view EmployeeUnderCat as
SELECT E1.eid, E1.fname, E1.lname, E1.phone, E1.age, E1.salary, S1.superviser_eid
FROM Employee E1 JOIN Supervisor S1 ON E1.eid = S1.supervisee_eid;

create view ProductsUnderCat as
SELECT DISTINCT Products.pdid, Products.catid, Products.name, Products.brand, Products.images,
Products.oftype, Products.costPrice, Products.sellingPrice, Products.discount, Products.rating,
CatHead.cheid FROM Products JOIN CatHead ON Products.catid = CatHead.catid;

--DeliveryPerson
create view Shippings as
SELECT D.cordid, C.dateoforderplaced, C.dateoforderdelivery, C.orderstatus, C.totalCost, U.uid,
U.fname, U.lname, U.phone, U.email, U.hno, U.street, U.district, U.city, U.state, U.pincode, D.deid
FROM DeliveryPerson D JOIN Corders C JOIN Customer U ON D.cordid = C.cordid AND C.uid = U.uid
ORDER BY C.orderstatus=0;


--Worker
create view InventoryViewWork as
SELECT DISTINCT Inventory.invenid, Inventory.hno, Inventory.street, Inventory.district, Inventory.city,
Inventory.state, Inventory.pincode, Employee.eid FROM Inventory JOIN Manager JOIN Supervision JOIN Employee JOIN Supervisor JOIN
CatHead ON Employee.eid = Supervisor.supervisee_eid AND Supervisor.superviser_eid = CatHead.cheid AND
CatHead.cheid = Supervision.eid AND Supervision.meid = Manager.meid AND Inventory.invenid = Manager.invenid;

create view InInventoryViewWork as
SELECT DISTINCT InInventory.pdid, Products.name, Products.brand, InInventory.quantity, Employee.eid
FROM Products JOIN InInventory JOIN Inventory JOIN Manager JOIN Supervision JOIN Employee JOIN
CatHead JOIN Supervisor ON InInventory.pdid = Products.pdid AND Inventory.invenid = InInventory.invenid AND
Manager.invenid = Inventory.invenid AND Manager.meid = Supervision.meid AND
Supervision.eid = CatHead.cheid AND CatHead.cheid = Supervisor.superviser_eid AND
Supervisor.supervisee_eid = Employee.eid AND Products.catid = CatHead.catid;

create view ProductsUnderWork as
SELECT DISTINCT Products.pdid, Products.catid, Products.name, Products.brand, Products.images,
Products.oftype, Products.costPrice, Products.sellingPrice, Products.discount, Products.rating,
Employee.eid FROM Products JOIN CatHead JOIN Supervisor JOIN Employee ON
Products.catid = CatHead.catid AND CatHead.cheid = Supervisor.superviser_eid AND
Supervisor.supervisee_eid = Employee.eid;

--Store
create view CartView as
SELECT Cart.pdid, Cart.quantity, Cart.subtotal, Cart.attr, Cart.placed, Products.name,
Products.sellingPrice, Products.catid, Cart.ordid FROM Cart JOIN Products ON Cart.pdid = Products.pdid
WHERE Cart.placed = 0;


--user
create view InCartView as
SELECT Cart.pdid, Cart.quantity, Cart.subtotal, Products.catid,
Products.name, Products.sellingPrice, Cart.ordid
FROM Cart JOIN Products ON Cart.pdid = Products.pdid
WHERE Cart.placed = 1;

create view DeliveryPersonView as
select DIStINCT eid
FROM Supervision
WHERE eid NOT IN (SELECT DISTINCT cheid FROM CatHead);



create view OrderView as
SELECT Cart.quantity, Cart.subtotal, Products.name,
Products.sellingPrice, Cart.ordid
FROM Cart JOIN Products ON Cart.pdid = Products.pdid
WHERE Cart.placed = 0;

--Grants
CREATE USER 'Customer'@'localhost' IDENTIFIED BY 'Root#1234';
CREATE USER 'Manager'@'localhost' IDENTIFIED BY 'Root#1234';
CREATE USER 'CatHead'@'localhost' IDENTIFIED BY 'Root#1234';
CREATE USER 'DeliveryPerson'@'localhost' IDENTIFIED BY 'Root#1234';
CREATE USER 'Worker'@'localhost' IDENTIFIED BY 'Root#1234';

--Inventory
GRANT SELECT
ON Store.Inventory TO 'Manager'@'localhost';

--Inventory
GRANT ALL PRIVILEGES
ON Store.InInventory TO 'Manager'@'localhost';

--Products
GRANT UPDATE, SELECT
ON Store.Products TO 'Worker'@'localhost';

GRANT ALL
ON Store.Products TO 'CatHead'@'localhost';

GRANT SELECT
ON Store.Products TO 'Customer'@'localhost';

--Clothes
GRANT ALL
ON Store.Clothes TO 'CatHead'@'localhost';

GRANT SELECT
ON Store.Clothes TO 'Customer'@'localhost';

--Footwear
GRANT ALL
ON Store.Footwears TO 'CatHead'@'localhost';

GRANT SELECT
ON Store.Footwears TO 'Customer'@'localhost';

--Eappliances
GRANT ALL
ON Store.Eappliances TO 'CatHead'@'localhost';

GRANT SELECT
ON Store.Eappliances TO 'Customer'@'localhost';


--Customer
GRANT SELECT, UPDATE
ON Store.Customer TO 'Customer'@'localhost';

--Manager
GRANT SELECT, UPDATE
ON Store.Manager TO 'Manager'@'localhost';

--Emploeee
GRANT ALL
ON Store.Employee TO 'Manager'@'localhost';

GRANT ALL
ON Store.Employee TO 'CatHead'@'localhost';

GRANT SELECT, UPDATE
ON Store.Employee TO 'DeliveryPerson'@'localhost';

GRANT SELECT, UPDATE
ON Store.Employee TO 'Worker'@'localhost';

--DeliveryPerson
GRANT SELECT
ON Store.DeliveryPerson TO 'DeliveryPerson'@'localhost';

GRANT SELECT, INSERT
ON Store.DeliveryPerson TO 'Customer'@'localhost';

--Worker
GRANT SELECT, INSERT, DELETE
ON Store.Worker TO 'CatHead'@'localhost';

--Corders
GRANT SELECT, UPDATE
ON Store.Corders TO 'DeliveryPerson'@'localhost';

GRANT SELECT, INSERT
ON Store.Corders TO 'Customer'@'localhost';


--Morders
GRANT SELECT, INSERT
ON Store.Morders TO 'Manager'@'localhost';

--Vendor
GRANT SELECT
ON Store.Vendor TO 'Manager'@'localhost';

--Transactions
GRANT SELECT, INSERT, DELETE
ON Store.Transactions TO 'Customer'@'localhost';

--Cart
GRANT ALL
ON Store.Cart TO 'Customer'@'localhost';

--Views
GRANT SELECT, INSERT
ON Store.Views TO 'Customer'@'localhost';

--Distributes
GRANT SELECT, INSERT
ON Store.Distributes TO 'Manager'@'localhost';

--Batch
GRANT SELECT, INSERT
ON Store.Batch TO 'Manager'@'localhost';

--Invoice
GRANT SELECT, INSERT
ON Store.Invoice TO 'Manager'@'localhost';

--login
GRANT SELECT
ON Store.login TO 'Customer'@'localhost', 'Manager'@'localhost', 'DeliveryPerson'@'localhost', 'Worker'@'localhost', 'CatHead'@'localhost';

--Supervisor
GRANT SELECT, INSERT
ON Store.Supervisor TO 'CatHead'@'localhost';

--Supervision
GRANT SELECT, INSERT
ON Store.Supervision TO 'Manager'@'localhost';


--CatHead
GRANT SELECT, INSERT, DELETE
ON Store.CatHead TO 'Manager'@'localhost';

GRANT SELECT
ON Store.CatHead TO 'CatHead'@'localhost';

--Category
GRANT SELECT
ON Store.Category TO 'CatHead'@'localhost', 'Worker'@'localhost', 'Customer'@'localhost';

-- GRANTS ON VIEWS
--BatchView
GRANT SELECT
ON Store.BatchView TO 'Manager'@'localhost';

--CartView
GRANT SELECT
ON Store.CartView TO 'Customer'@'localhost';

--EmployeeUnderCat
GRANT SELECT
ON Store.EmployeeUnderCat TO 'CatHead'@'localhost';

--InCartView
GRANT SELECT
ON Store.InCartView TO 'Customer'@'localhost';

--InInventoryViewCat
GRANT SELECT
ON Store.InInventoryViewCat TO 'CatHead'@'localhost';

--InInventoryViewMan
GRANT SELECT
ON Store.InInventoryViewMan TO 'Manager'@'localhost';

--InInventoryViewWork
GRANT SELECT
ON Store.InInventoryViewWork TO 'Worker'@'localhost';

--InventoryViewCat
GRANT SELECT
ON Store.InventoryViewCat TO 'CatHead'@'localhost';

--InventoryViewWork
GRANT SELECT
ON Store.InventoryViewWork TO 'Worker'@'localhost';

--InvoiceUnderMan
GRANT SELECT
ON Store.InvoiceUnderMan TO 'Manager'@'localhost';

--OrderView
GRANT SELECT
ON Store.OrderView TO 'Customer'@'localhost';

--ProductsUnderCat
GRANT SELECT
ON Store.ProductsUnderCat TO 'CatHead'@'localhost';

--ProductsUnderWork
GRANT SELECT
ON Store.ProductsUnderWork TO 'Worker'@'localhost';

--Shippings
GRANT SELECT
ON Store.Shippings TO 'DeliveryPerson'@'localhost';

--VendorViewMan
GRANT SELECT
ON Store.VendorViewMan TO 'Manager'@'localhost';

--DeliveryPersonView
GRANT SELECT
ON Store.DeliveryPersonView TO 'Customer'@'localhost';


------------------------------------------------------
--Data filling
------------------------------------------------------

Insert into Category values
(1,'Clothes',100),
(2,'Footwear',100),
(3,'EAppliances',100);

INSERT INTO Products VALUES
(1,1,'Jacket 1','Van Heusen','https://Jacket 1.pl/350x200/ff0000/000','Jacket',2417,2158,259,3),
(2,1,'Shorts 1','Louis Philippe','https://Shorts 1.pl/350x200/ff0000/000','Shorts',1617,1418,199,2),
(3,1,'T-shirt 1','Puma','https://T-shirt 1.pl/350x200/ff0000/000','T-shirt',2541,2190,351,1),
(4,1,'Socks 1','ZARA','https://Socks 1.pl/350x200/ff0000/000','Socks',3655,3234,421,5),
(5,1,'T-shirt 1','Wrangler','https://T-shirt 1.pl/350x200/ff0000/000','T-shirt',1005,844,161,4),
(6,1,'Shorts 1','FabIndia','https://Shorts 1.pl/350x200/ff0000/000','Shorts',2460,2236,224,3),
(7,1,'Dress 1','ZARA','https://Dress 1.pl/350x200/ff0000/000','Dress',2040,1906,134,5),
(8,1,'Hat 1','Allen Solly','https://Hat 1.pl/350x200/ff0000/000','Hat',2691,2280,411,5),
(9,1,'Shirt 1','Louis Philippe','https://Shirt 1.pl/350x200/ff0000/000','Shirt',3002,2610,392,1),
(10,1,'Hat 2','Allen Solly','https://Hat 2.pl/350x200/ff0000/000','Hat',3316,2908,408,1),
(11,1,'Jeans 1','Adidas','https://Jeans 1.pl/350x200/ff0000/000','Jeans',2466,2326,140,4),
(12,1,'Shorts 1','GUCCI','https://Shorts 1.pl/350x200/ff0000/000','Shorts',2474,2356,118,2),
(13,1,'Hat 1','UNIQLO','https://Hat 1.pl/350x200/ff0000/000','Hat',2977,2634,343,2),
(14,1,'Suit 1','Biba','https://Suit 1.pl/350x200/ff0000/000','Suit',2052,1710,342,2),
(15,1,'Dress 2','ZARA','https://Dress 2.pl/350x200/ff0000/000','Dress',1967,1772,195,2),
(16,1,'Hoodies 1','Wrangler','https://Hoodies 1.pl/350x200/ff0000/000','Hoodies',3493,3264,229,2),
(17,1,'Shorts 1','Biba','https://Shorts 1.pl/350x200/ff0000/000','Shorts',1417,1336,81,1),
(18,1,'Gloves 1','FabIndia','https://Gloves 1.pl/350x200/ff0000/000','Gloves',2116,1808,308,4),
(19,1,'Jeans 1','Allen Solly','https://Jeans 1.pl/350x200/ff0000/000','Jeans',2621,2496,125,3),
(20,1,'Sweater 1','Louis Philippe','https://Sweater 1.pl/350x200/ff0000/000','Sweater',2790,2632,158,5),
(21,1,'Jacket 1','Levi’s','https://Jacket 1.pl/350x200/ff0000/000','Jacket',2233,1892,341,2),
(22,1,'Suit 1','Adidas','https://Suit 1.pl/350x200/ff0000/000','Suit',2611,2486,125,1),
(23,1,'Sweater 1','Cartier','https://Sweater 1.pl/350x200/ff0000/000','Sweater',2917,2604,313,5),
(24,1,'Jacket 1','Puma','https://Jacket 1.pl/350x200/ff0000/000','Jacket',1082,966,116,5),
(25,1,'Coat 1','GUCCI','https://Coat 1.pl/350x200/ff0000/000','Coat',812,706,106,5),
(26,1,'Sweater 1','GUCCI','https://Sweater 1.pl/350x200/ff0000/000','Sweater',3147,2760,387,5),
(27,1,'Shirt 1','UNIQLO','https://Shirt 1.pl/350x200/ff0000/000','Shirt',2285,2058,227,1),
(28,1,'Shirt 1','Nike','https://Shirt 1.pl/350x200/ff0000/000','Shirt',1135,1060,75,3),
(29,1,'Socks 1','GUCCI','https://Socks 1.pl/350x200/ff0000/000','Socks',2878,2592,286,1),
(30,1,'Jeans 1','Cartier','https://Jeans 1.pl/350x200/ff0000/000','Jeans',1107,1044,63,2),
(31,1,'Socks 1','Raymond','https://Socks 1.pl/350x200/ff0000/000','Socks',868,796,72,2),
(32,1,'Jacket 1','Cartier','https://Jacket 1.pl/350x200/ff0000/000','Jacket',2559,2168,391,2),
(33,1,'Shirt 1','Biba','https://Shirt 1.pl/350x200/ff0000/000','Shirt',3035,2594,441,4),
(34,1,'Coat 1','Cartier','https://Coat 1.pl/350x200/ff0000/000','Coat',1343,1128,215,3),
(35,1,'Hoodies 1','Puma','https://Hoodies 1.pl/350x200/ff0000/000','Hoodies',1761,1544,217,3),
(36,1,'Dress 1','Louis Philippe','https://Dress 1.pl/350x200/ff0000/000','Dress',3083,2908,175,1),
(37,1,'T-shirt 1','H&M','https://T-shirt 1.pl/350x200/ff0000/000','T-shirt',1253,1118,135,4),
(38,1,'Sweater 1','Wrangler','https://Sweater 1.pl/350x200/ff0000/000','Sweater',2845,2390,455,4),
(39,1,'Shirt 1','Van Heusen','https://Shirt 1.pl/350x200/ff0000/000','Shirt',1093,918,175,1),
(40,1,'Shorts 1','Wrangler','https://Shorts 1.pl/350x200/ff0000/000','Shorts',2231,2104,127,5),
(41,1,'Sweater 1','Puma','https://Sweater 1.pl/350x200/ff0000/000','Sweater',3078,2586,492,2),
(42,1,'Sweater 2','Louis Philippe','https://Sweater 2.pl/350x200/ff0000/000','Sweater',2042,1944,98,5),
(43,1,'Gloves 1','Louis Philippe','https://Gloves 1.pl/350x200/ff0000/000','Gloves',2435,2254,181,2),
(44,1,'Gloves 2','Louis Philippe','https://Gloves 2.pl/350x200/ff0000/000','Gloves',3208,2864,344,5),
(45,1,'T-shirt 1','Allen Solly','https://T-shirt 1.pl/350x200/ff0000/000','T-shirt',761,724,37,2),
(46,1,'Sweater 1','Allen Solly','https://Sweater 1.pl/350x200/ff0000/000','Sweater',3111,2880,231,5),
(47,1,'Hat 1','Louis Philippe','https://Hat 1.pl/350x200/ff0000/000','Hat',1407,1256,151,2),
(48,1,'Socks 1','Wrangler','https://Socks 1.pl/350x200/ff0000/000','Socks',2259,1930,329,4),
(49,1,'Sweater 1','Nike','https://Sweater 1.pl/350x200/ff0000/000','Sweater',805,682,123,3),
(50,1,'Hoodies 1','Levi’s','https://Hoodies 1.pl/350x200/ff0000/000','Hoodies',1596,1464,132,4),
(51,1,'Suit 2','Adidas','https://Suit 2.pl/350x200/ff0000/000','Suit',1862,1564,298,1),
(52,1,'Jacket 1','H&M','https://Jacket 1.pl/350x200/ff0000/000','Jacket',4093,3498,595,3),
(53,1,'Gloves 1','Peter England','https://Gloves 1.pl/350x200/ff0000/000','Gloves',1353,1264,89,2),
(54,1,'Jeans 1','ZARA','https://Jeans 1.pl/350x200/ff0000/000','Jeans',2176,1960,216,1),
(55,1,'Dress 1','Raymond','https://Dress 1.pl/350x200/ff0000/000','Dress',3675,3168,507,5),
(56,1,'Hoodies 1','Biba','https://Hoodies 1.pl/350x200/ff0000/000','Hoodies',1577,1408,169,5),
(57,1,'Socks 1','Van Heusen','https://Socks 1.pl/350x200/ff0000/000','Socks',3659,3238,421,3),
(58,1,'Socks 1','Nike','https://Socks 1.pl/350x200/ff0000/000','Socks',2109,1900,209,1),
(59,1,'Gloves 1','UNIQLO','https://Gloves 1.pl/350x200/ff0000/000','Gloves',2061,1944,117,4),
(60,1,'Shirt 2','Louis Philippe','https://Shirt 2.pl/350x200/ff0000/000','Shirt',2885,2508,377,1),
(61,1,'Sweater 1','Peter England','https://Sweater 1.pl/350x200/ff0000/000','Sweater',1759,1556,203,2),
(62,1,'Hat 1','Van Heusen','https://Hat 1.pl/350x200/ff0000/000','Hat',2763,2402,361,3),
(63,1,'Suit 1','Van Heusen','https://Suit 1.pl/350x200/ff0000/000','Suit',2198,1862,336,2),
(64,1,'Suit 1','Wrangler','https://Suit 1.pl/350x200/ff0000/000','Suit',1320,1200,120,5),
(65,1,'Coat 1','FabIndia','https://Coat 1.pl/350x200/ff0000/000','Coat',2104,1930,174,2),
(66,1,'Coat 1','UNIQLO','https://Coat 1.pl/350x200/ff0000/000','Coat',1720,1622,98,1),
(67,1,'Sweater 1','Levi’s','https://Sweater 1.pl/350x200/ff0000/000','Sweater',2901,2686,215,3),
(68,1,'Hoodies 1','UNIQLO','https://Hoodies 1.pl/350x200/ff0000/000','Hoodies',1553,1294,259,1),
(69,1,'Coat 1','Raymond','https://Coat 1.pl/350x200/ff0000/000','Coat',2209,1990,219,3),
(70,1,'T-shirt 1','Van Heusen','https://T-shirt 1.pl/350x200/ff0000/000','T-shirt',1650,1386,264,4),
(71,1,'Dress 2','Louis Philippe','https://Dress 2.pl/350x200/ff0000/000','Dress',793,672,121,3),
(72,1,'Jacket 1','Allen Solly','https://Jacket 1.pl/350x200/ff0000/000','Jacket',1875,1562,313,2),
(73,1,'Hat 1','Levi’s','https://Hat 1.pl/350x200/ff0000/000','Hat',3663,3488,175,2),
(74,1,'Dress 1','Van Heusen','https://Dress 1.pl/350x200/ff0000/000','Dress',3785,3180,605,5),
(75,1,'Gloves 2','UNIQLO','https://Gloves 2.pl/350x200/ff0000/000','Gloves',2102,1812,290,4),
(76,1,'Suit 1','Allen Solly','https://Suit 1.pl/350x200/ff0000/000','Suit',1320,1118,202,1),
(77,1,'Shorts 1','Adidas','https://Shorts 1.pl/350x200/ff0000/000','Shorts',2159,1814,345,1),
(78,1,'Hoodies 1','Cartier','https://Hoodies 1.pl/350x200/ff0000/000','Hoodies',642,594,48,4),
(79,1,'Shorts 1','Peter England','https://Shorts 1.pl/350x200/ff0000/000','Shorts',2207,1886,321,4),
(80,1,'T-shirt 2','Puma','https://T-shirt 2.pl/350x200/ff0000/000','T-shirt',2754,2394,360,5),
(81,1,'Socks 1','Cartier','https://Socks 1.pl/350x200/ff0000/000','Socks',2547,2402,145,2),
(82,1,'Socks 1','Levi’s','https://Socks 1.pl/350x200/ff0000/000','Socks',2821,2588,233,5),
(83,1,'Suit 2','Allen Solly','https://Suit 2.pl/350x200/ff0000/000','Suit',3438,2938,500,3),
(84,1,'Suit 1','Puma','https://Suit 1.pl/350x200/ff0000/000','Suit',1373,1248,125,5),
(85,1,'Coat 1','Biba','https://Coat 1.pl/350x200/ff0000/000','Coat',2333,2140,193,1),
(86,1,'Suit 3','Allen Solly','https://Suit 3.pl/350x200/ff0000/000','Suit',3175,2860,315,2),
(87,1,'Coat 2','Cartier','https://Coat 2.pl/350x200/ff0000/000','Coat',862,790,72,5),
(88,1,'Suit 2','Puma','https://Suit 2.pl/350x200/ff0000/000','Suit',740,616,124,5),
(89,1,'Sweater 1','Van Heusen','https://Sweater 1.pl/350x200/ff0000/000','Sweater',3085,2856,229,1),
(90,1,'Sweater 2','Nike','https://Sweater 2.pl/350x200/ff0000/000','Sweater',3370,2956,414,5),
(91,1,'Gloves 2','Peter England','https://Gloves 2.pl/350x200/ff0000/000','Gloves',3812,3176,636,1),
(92,1,'Shirt 1','Peter England','https://Shirt 1.pl/350x200/ff0000/000','Shirt',3544,3108,436,4),
(93,1,'Hat 1','FabIndia','https://Hat 1.pl/350x200/ff0000/000','Hat',2026,1746,280,2),
(94,1,'Dress 1','Wrangler','https://Dress 1.pl/350x200/ff0000/000','Dress',816,748,68,1),
(95,1,'Hat 1','Biba','https://Hat 1.pl/350x200/ff0000/000','Hat',2028,1704,324,5),
(96,1,'T-shirt 2','Wrangler','https://T-shirt 2.pl/350x200/ff0000/000','T-shirt',2972,2830,142,1),
(97,1,'Suit 2','Wrangler','https://Suit 2.pl/350x200/ff0000/000','Suit',3484,3256,228,1),
(98,1,'Jeans 1','FabIndia','https://Jeans 1.pl/350x200/ff0000/000','Jeans',3249,2980,269,1),
(99,1,'Coat 1','Levi’s','https://Coat 1.pl/350x200/ff0000/000','Coat',3224,2904,320,3),
(100,1,'Sweater 1','Raymond','https://Sweater 1.pl/350x200/ff0000/000','Sweater',3580,3314,266,5),
(101,2,'Open Slippers 1','Khadim','https://Open Slippers 1.pl/350x200/ff0000/000','Open Slippers',3534,3302,232,1),
(102,2,'Hiking Boots 1','Puma','https://Hiking Boots 1.pl/350x200/ff0000/000','Hiking Boots',3365,3204,161,1),
(103,2,'Hiking Boots 1','Liberty','https://Hiking Boots 1.pl/350x200/ff0000/000','Hiking Boots',1553,1362,191,5),
(104,2,'Barefoot Sandals 1','Superhouse','https://Barefoot Sandals 1.pl/350x200/ff0000/000','Barefoot Sandals',3138,2988,150,2),
(105,2,'Open Slippers 1','On Holding','https://Open Slippers 1.pl/350x200/ff0000/000','Open Slippers',1409,1316,93,4),
(106,2,'Toe Shoes 1','Superhouse','https://Toe Shoes 1.pl/350x200/ff0000/000','Toe Shoes',1496,1372,124,1),
(107,2,'Flip Flops 1','Bata','https://Flip Flops 1.pl/350x200/ff0000/000','Flip Flops',3400,2982,418,5),
(108,2,'Barefoot Sandals 1','Adidas','https://Barefoot Sandals 1.pl/350x200/ff0000/000','Barefoot Sandals',838,704,134,5),
(109,2,'Sea Boots 1','Superhouse','https://Sea Boots 1.pl/350x200/ff0000/000','Sea Boots',3552,3382,170,5),
(110,2,'Toe Shoes 1','Foot Locker','https://Toe Shoes 1.pl/350x200/ff0000/000','Toe Shoes',2776,2332,444,4),
(111,2,'Hiking Boots 1','Weyco Group','https://Hiking Boots 1.pl/350x200/ff0000/000','Hiking Boots',3040,2598,442,3),
(112,2,'Barefoot Sandals 2','Superhouse','https://Barefoot Sandals 2.pl/350x200/ff0000/000','Barefoot Sandals',3520,3034,486,2),
(113,2,'Ballet flats 1','Mirza','https://Ballet flats 1.pl/350x200/ff0000/000','Ballet flats',869,812,57,2),
(114,2,'Fashion Boots 1','Puma','https://Fashion Boots 1.pl/350x200/ff0000/000','Fashion Boots',3897,3418,479,5),
(115,2,'Open Slippers 1','Lakhani','https://Open Slippers 1.pl/350x200/ff0000/000','Open Slippers',3105,2848,257,4),
(116,2,'Athletic Shoes 1','On Holding','https://Athletic Shoes 1.pl/350x200/ff0000/000','Athletic Shoes',3614,3142,472,3),
(117,2,'Sneakers 1','Puma','https://Sneakers 1.pl/350x200/ff0000/000','Sneakers',2282,2074,208,2),
(118,2,'Sneakers 1','Nike','https://Sneakers 1.pl/350x200/ff0000/000','Sneakers',650,580,70,1),
(119,2,'Open Slippers 1','Metro','https://Open Slippers 1.pl/350x200/ff0000/000','Open Slippers',2526,2196,330,5),
(120,2,'Flip Flops 1','On Holding','https://Flip Flops 1.pl/350x200/ff0000/000','Flip Flops',3627,3022,605,5),
(121,2,'Sea Boots 1','Veekesy','https://Sea Boots 1.pl/350x200/ff0000/000','Sea Boots',724,664,60,3),
(122,2,'Toe Shoes 1','Lakhani','https://Toe Shoes 1.pl/350x200/ff0000/000','Toe Shoes',3232,2786,446,5),
(123,2,'Hiking Boots 1','Foot Locker','https://Hiking Boots 1.pl/350x200/ff0000/000','Hiking Boots',887,836,51,4),
(124,2,'Athletic Shoes 1','Foot Locker','https://Athletic Shoes 1.pl/350x200/ff0000/000','Athletic Shoes',2541,2310,231,3),
(125,2,'Ballet flats 1','Sparx','https://Ballet flats 1.pl/350x200/ff0000/000','Ballet flats',2804,2670,134,4),
(126,2,'Closed Slippers 1','Weyco Group','https://Closed Slippers 1.pl/350x200/ff0000/000','Closed Slippers',2123,1862,261,1),
(127,2,'Closed Slippers 1','On Holding','https://Closed Slippers 1.pl/350x200/ff0000/000','Closed Slippers',1991,1826,165,3),
(128,2,'Sea Boots 1','Liberty','https://Sea Boots 1.pl/350x200/ff0000/000','Sea Boots',1958,1748,210,5),
(129,2,'Sea Boots 2','Superhouse','https://Sea Boots 2.pl/350x200/ff0000/000','Sea Boots',701,620,81,1),
(130,2,'Sneakers 1','Foot Locker','https://Sneakers 1.pl/350x200/ff0000/000','Sneakers',2827,2692,135,5),
(131,2,'Flip Flops 1','Khadim','https://Flip Flops 1.pl/350x200/ff0000/000','Flip Flops',1021,954,67,4),
(132,2,'Closed Slippers 1','Adidas','https://Closed Slippers 1.pl/350x200/ff0000/000','Closed Slippers',3412,3130,282,4),
(133,2,'Athletic Shoes 1','Skechers','https://Athletic Shoes 1.pl/350x200/ff0000/000','Athletic Shoes',2702,2370,332,5),
(134,2,'Ballet flats 1','Skechers','https://Ballet flats 1.pl/350x200/ff0000/000','Ballet flats',1311,1120,191,5),
(135,2,'Toe Shoes 1','Mirza','https://Toe Shoes 1.pl/350x200/ff0000/000','Toe Shoes',3389,2896,493,4),
(136,2,'Hiking Boots 1','Khadim','https://Hiking Boots 1.pl/350x200/ff0000/000','Hiking Boots',2243,2076,167,1),
(137,2,'Ballet flats 1','Liberty','https://Ballet flats 1.pl/350x200/ff0000/000','Ballet flats',1953,1842,111,5),
(138,2,'Open Slippers 2','On Holding','https://Open Slippers 2.pl/350x200/ff0000/000','Open Slippers',1883,1666,217,2),
(139,2,'Derby Shoes 1','Metro','https://Derby Shoes 1.pl/350x200/ff0000/000','Derby Shoes',1084,942,142,1),
(140,2,'Closed Slippers 1','Superhouse','https://Closed Slippers 1.pl/350x200/ff0000/000','Closed Slippers',1380,1232,148,4),
(141,2,'Sneakers 1','Sparx','https://Sneakers 1.pl/350x200/ff0000/000','Sneakers',2772,2566,206,4),
(142,2,'Derby Shoes 1','Skechers','https://Derby Shoes 1.pl/350x200/ff0000/000','Derby Shoes',3546,3194,352,5),
(143,2,'Peshawari Chappal 1','Adidas','https://Peshawari Chappal 1.pl/350x200/ff0000/000','Peshawari Chappal',1568,1340,228,4),
(144,2,'Toe Shoes 2','Foot Locker','https://Toe Shoes 2.pl/350x200/ff0000/000','Toe Shoes',2494,2168,326,5),
(145,2,'Fashion Boots 1','On Holding','https://Fashion Boots 1.pl/350x200/ff0000/000','Fashion Boots',929,876,53,2),
(146,2,'Sea Boots 1','Mirza','https://Sea Boots 1.pl/350x200/ff0000/000','Sea Boots',1535,1358,177,2),
(147,2,'Fashion Boots 2','On Holding','https://Fashion Boots 2.pl/350x200/ff0000/000','Fashion Boots',2457,2296,161,4),
(148,2,'Derby Shoes 1','Superhouse','https://Derby Shoes 1.pl/350x200/ff0000/000','Derby Shoes',1935,1626,309,2),
(149,2,'Derby Shoes 1','Adidas','https://Derby Shoes 1.pl/350x200/ff0000/000','Derby Shoes',3086,2660,426,5),
(150,2,'Flip Flops 1','Skechers','https://Flip Flops 1.pl/350x200/ff0000/000','Flip Flops',1562,1394,168,3),
(151,2,'Athletic Shoes 1','Khadim','https://Athletic Shoes 1.pl/350x200/ff0000/000','Athletic Shoes',1695,1412,283,3),
(152,2,'Derby Shoes 1','Foot Locker','https://Derby Shoes 1.pl/350x200/ff0000/000','Derby Shoes',1227,1076,151,2),
(153,2,'Fashion Boots 1','Khadim','https://Fashion Boots 1.pl/350x200/ff0000/000','Fashion Boots',3933,3390,543,1),
(154,2,'Toe Shoes 1','Adidas','https://Toe Shoes 1.pl/350x200/ff0000/000','Toe Shoes',1930,1678,252,2),
(155,2,'Fashion Boots 1','Relaxo','https://Fashion Boots 1.pl/350x200/ff0000/000','Fashion Boots',3446,3022,424,4),
(156,2,'Fashion Boots 1','Lakhani','https://Fashion Boots 1.pl/350x200/ff0000/000','Fashion Boots',2414,2214,200,1),
(157,2,'Fashion Boots 2','Lakhani','https://Fashion Boots 2.pl/350x200/ff0000/000','Fashion Boots',1293,1086,207,4),
(158,2,'Open Slippers 1','Sparx','https://Open Slippers 1.pl/350x200/ff0000/000','Open Slippers',2921,2608,313,5),
(159,2,'Peshawari Chappal 1','On Holding','https://Peshawari Chappal 1.pl/350x200/ff0000/000','Peshawari Chappal',2584,2266,318,2),
(160,2,'Barefoot Sandals 1','Skechers','https://Barefoot Sandals 1.pl/350x200/ff0000/000','Barefoot Sandals',2791,2560,231,5),
(161,2,'Barefoot Sandals 1','Liberty','https://Barefoot Sandals 1.pl/350x200/ff0000/000','Barefoot Sandals',2143,1816,327,4),
(162,2,'Athletic Shoes 1','Liberty','https://Athletic Shoes 1.pl/350x200/ff0000/000','Athletic Shoes',1626,1548,78,3),
(163,2,'Hiking Boots 1','Superhouse','https://Hiking Boots 1.pl/350x200/ff0000/000','Hiking Boots',969,814,155,4),
(164,2,'Fashion Boots 1','Sparx','https://Fashion Boots 1.pl/350x200/ff0000/000','Fashion Boots',2312,2046,266,2),
(165,2,'Sea Boots 2','Veekesy','https://Sea Boots 2.pl/350x200/ff0000/000','Sea Boots',1850,1594,256,5),
(166,2,'Flip Flops 1','Adidas','https://Flip Flops 1.pl/350x200/ff0000/000','Flip Flops',3666,3458,208,3),
(167,2,'Sneakers 1','Weyco Group','https://Sneakers 1.pl/350x200/ff0000/000','Sneakers',1351,1274,77,2),
(168,2,'Platform Boots 1','Amin','https://Platform Boots 1.pl/350x200/ff0000/000','Platform Boots',2323,2212,111,1),
(169,2,'Athletic Shoes 1','Metro','https://Athletic Shoes 1.pl/350x200/ff0000/000','Athletic Shoes',1879,1692,187,2),
(170,2,'Sea Boots 1','Puma','https://Sea Boots 1.pl/350x200/ff0000/000','Sea Boots',1661,1552,109,4),
(171,2,'Closed Slippers 2','Weyco Group','https://Closed Slippers 2.pl/350x200/ff0000/000','Closed Slippers',1062,956,106,4),
(172,2,'Barefoot Sandals 1','Lakhani','https://Barefoot Sandals 1.pl/350x200/ff0000/000','Barefoot Sandals',1194,1020,174,2),
(173,2,'Closed Slippers 1','Foot Locker','https://Closed Slippers 1.pl/350x200/ff0000/000','Closed Slippers',3840,3428,412,1),
(174,2,'Derby Shoes 1','Puma','https://Derby Shoes 1.pl/350x200/ff0000/000','Derby Shoes',1669,1574,95,4),
(175,2,'Hiking Boots 1','Skechers','https://Hiking Boots 1.pl/350x200/ff0000/000','Hiking Boots',3352,2966,386,5),
(176,2,'Open Slippers 2','Sparx','https://Open Slippers 2.pl/350x200/ff0000/000','Open Slippers',954,844,110,5),
(177,2,'Derby Shoes 1','Sparx','https://Derby Shoes 1.pl/350x200/ff0000/000','Derby Shoes',3066,2598,468,5),
(178,2,'Platform Boots 1','Liberty','https://Platform Boots 1.pl/350x200/ff0000/000','Platform Boots',3684,3148,536,5),
(179,2,'Closed Slippers 1','Metro','https://Closed Slippers 1.pl/350x200/ff0000/000','Closed Slippers',924,810,114,4),
(180,2,'Sea Boots 1','Foot Locker','https://Sea Boots 1.pl/350x200/ff0000/000','Sea Boots',635,538,97,1),
(181,2,'Barefoot Sandals 1','Khadim','https://Barefoot Sandals 1.pl/350x200/ff0000/000','Barefoot Sandals',679,570,109,5),
(182,2,'Hiking Boots 1','Adidas','https://Hiking Boots 1.pl/350x200/ff0000/000','Hiking Boots',943,834,109,2),
(183,2,'Open Slippers 3','On Holding','https://Open Slippers 3.pl/350x200/ff0000/000','Open Slippers',619,524,95,5),
(184,2,'Flip Flops 1','Amin','https://Flip Flops 1.pl/350x200/ff0000/000','Flip Flops',2271,2142,129,5),
(185,2,'Barefoot Sandals 1','Metro','https://Barefoot Sandals 1.pl/350x200/ff0000/000','Barefoot Sandals',2200,1848,352,3),
(186,2,'Athletic Shoes 2','Khadim','https://Athletic Shoes 2.pl/350x200/ff0000/000','Athletic Shoes',3153,2866,287,3),
(187,2,'Sea Boots 1','Relaxo','https://Sea Boots 1.pl/350x200/ff0000/000','Sea Boots',1255,1110,145,3),
(188,2,'Hiking Boots 2','Skechers','https://Hiking Boots 2.pl/350x200/ff0000/000','Hiking Boots',3766,3362,404,1),
(189,2,'Open Slippers 1','Adidas','https://Open Slippers 1.pl/350x200/ff0000/000','Open Slippers',1539,1438,101,4),
(190,2,'Sneakers 1','Veekesy','https://Sneakers 1.pl/350x200/ff0000/000','Sneakers',773,736,37,3),
(191,2,'Hiking Boots 3','Skechers','https://Hiking Boots 3.pl/350x200/ff0000/000','Hiking Boots',2509,2260,249,3),
(192,2,'Sneakers 1','Mirza','https://Sneakers 1.pl/350x200/ff0000/000','Sneakers',2149,1936,213,4),
(193,2,'Peshawari Chappal 1','Lakhani','https://Peshawari Chappal 1.pl/350x200/ff0000/000','Peshawari Chappal',1863,1606,257,4),
(194,2,'Ballet flats 1','Foot Locker','https://Ballet flats 1.pl/350x200/ff0000/000','Ballet flats',1813,1726,87,1),
(195,2,'Fashion Boots 1','Metro','https://Fashion Boots 1.pl/350x200/ff0000/000','Fashion Boots',2967,2472,495,4),
(196,2,'Fashion Boots 1','Foot Locker','https://Fashion Boots 1.pl/350x200/ff0000/000','Fashion Boots',2569,2314,255,1),
(197,2,'Hiking Boots 1','Bata','https://Hiking Boots 1.pl/350x200/ff0000/000','Hiking Boots',2390,2254,136,5),
(198,2,'Barefoot Sandals 1','Amin','https://Barefoot Sandals 1.pl/350x200/ff0000/000','Barefoot Sandals',648,558,90,1),
(199,2,'Sea Boots 2','Puma','https://Sea Boots 2.pl/350x200/ff0000/000','Sea Boots',2699,2522,177,3),
(200,2,'Peshawari Chappal 1','Bata','https://Peshawari Chappal 1.pl/350x200/ff0000/000','Peshawari Chappal',3122,2812,310,1),
(201,3,'Toaster 1','Puma','https://Toaster 1.pl/350x200/ff0000/000','Toaster',1928,1662,266,4),
(202,3,'Instant Pot 1','Puma','https://Instant Pot 1.pl/350x200/ff0000/000','Instant Pot',3588,3384,204,3),
(203,3,'Washing Machine 1','Mirza','https://Washing Machine 1.pl/350x200/ff0000/000','Washing Machine',1684,1490,194,3),
(204,3,'Vacuum 1','Bata','https://Vacuum 1.pl/350x200/ff0000/000','Vacuum',4148,3456,692,1),
(205,3,'Portable Dishwasher 1','Skechers','https://Portable Dishwasher 1.pl/350x200/ff0000/000','Portable Dishwasher',3717,3232,485,5),
(206,3,'Coffee Maker 1','Lakhani','https://Coffee Maker 1.pl/350x200/ff0000/000','Coffee Maker',3333,2848,485,4),
(207,3,'Slow Cooker 1','Adidas','https://Slow Cooker 1.pl/350x200/ff0000/000','Slow Cooker',3375,3068,307,3),
(208,3,'Food Processor 1','Superhouse','https://Food Processor 1.pl/350x200/ff0000/000','Food Processor',969,850,119,2),
(209,3,'Freezer 1','Amin','https://Freezer 1.pl/350x200/ff0000/000','Freezer',1657,1428,229,3),
(210,3,'Washing Machine 1','Relaxo','https://Washing Machine 1.pl/350x200/ff0000/000','Washing Machine',1583,1376,207,4),
(211,3,'Toaster 1','Adidas','https://Toaster 1.pl/350x200/ff0000/000','Toaster',2968,2800,168,1),
(212,3,'Portable Dishwasher 1','On Holding','https://Portable Dishwasher 1.pl/350x200/ff0000/000','Portable Dishwasher',2425,2184,241,3),
(213,3,'Portable Dishwasher 2','Skechers','https://Portable Dishwasher 2.pl/350x200/ff0000/000','Portable Dishwasher',3125,2604,521,1),
(214,3,'Coffee Maker 1','On Holding','https://Coffee Maker 1.pl/350x200/ff0000/000','Coffee Maker',2733,2462,271,2),
(215,3,'Stand Mixer 1','Relaxo','https://Stand Mixer 1.pl/350x200/ff0000/000','Stand Mixer',2754,2550,204,4),
(216,3,'Food Processor 1','Amin','https://Food Processor 1.pl/350x200/ff0000/000','Food Processor',3011,2688,323,2),
(217,3,'Portable Dishwasher 1','Khadim','https://Portable Dishwasher 1.pl/350x200/ff0000/000','Portable Dishwasher',1944,1720,224,5),
(218,3,'Microwave 1','Liberty','https://Microwave 1.pl/350x200/ff0000/000','Microwave',2210,1938,272,5),
(219,3,'Washing Machine 1','Superhouse','https://Washing Machine 1.pl/350x200/ff0000/000','Washing Machine',3710,3254,456,1),
(220,3,'Coffee Maker 1','Bata','https://Coffee Maker 1.pl/350x200/ff0000/000','Coffee Maker',2951,2658,293,3),
(221,3,'Oven 1','Skechers','https://Oven 1.pl/350x200/ff0000/000','Oven',3965,3304,661,5),
(222,3,'Blender 1','Foot Locker','https://Blender 1.pl/350x200/ff0000/000','Blender',1255,1162,93,4),
(223,3,'Built-in Dishwasher 1','Liberty','https://Built-in Dishwasher 1.pl/350x200/ff0000/000','Built-in Dishwasher',2666,2298,368,4),
(224,3,'Blender 1','On Holding','https://Blender 1.pl/350x200/ff0000/000','Blender',2491,2204,287,1),
(225,3,'Washing Machine 1','Nike','https://Washing Machine 1.pl/350x200/ff0000/000','Washing Machine',3667,3188,479,1),
(226,3,'Toaster Oven 1','Puma','https://Toaster Oven 1.pl/350x200/ff0000/000','Toaster Oven',1124,1070,54,3),
(227,3,'Portable Dishwasher 1','Relaxo','https://Portable Dishwasher 1.pl/350x200/ff0000/000','Portable Dishwasher',3232,3020,212,4),
(228,3,'Stand Mixer 1','Sparx','https://Stand Mixer 1.pl/350x200/ff0000/000','Stand Mixer',3388,3052,336,3),
(229,3,'Toaster Oven 1','Khadim','https://Toaster Oven 1.pl/350x200/ff0000/000','Toaster Oven',3347,2910,437,4),
(230,3,'Instant Pot 1','Lakhani','https://Instant Pot 1.pl/350x200/ff0000/000','Instant Pot',3260,3046,214,5),
(231,3,'Food Processor 1','Lakhani','https://Food Processor 1.pl/350x200/ff0000/000','Food Processor',1657,1428,229,2),
(232,3,'Slow Cooker 1','Veekesy','https://Slow Cooker 1.pl/350x200/ff0000/000','Slow Cooker',1554,1438,116,5),
(233,3,'Oven 1','Relaxo','https://Oven 1.pl/350x200/ff0000/000','Oven',4016,3462,554,5),
(234,3,'Food Processor 1','Relaxo','https://Food Processor 1.pl/350x200/ff0000/000','Food Processor',3138,2932,206,5),
(235,3,'Slow Cooker 1','Mirza','https://Slow Cooker 1.pl/350x200/ff0000/000','Slow Cooker',2493,2374,119,5),
(236,3,'Toaster Oven 1','Veekesy','https://Toaster Oven 1.pl/350x200/ff0000/000','Toaster Oven',968,880,88,1),
(237,3,'Freezer 1','Skechers','https://Freezer 1.pl/350x200/ff0000/000','Freezer',1866,1696,170,3),
(238,3,'Toaster Oven 1','Sparx','https://Toaster Oven 1.pl/350x200/ff0000/000','Toaster Oven',1460,1216,244,3),
(239,3,'Vacuum 1','Sparx','https://Vacuum 1.pl/350x200/ff0000/000','Vacuum',1126,962,164,4),
(240,3,'Stand Mixer 2','Sparx','https://Stand Mixer 2.pl/350x200/ff0000/000','Stand Mixer',2369,2134,235,2),
(241,3,'Instant Pot 1','Sparx','https://Instant Pot 1.pl/350x200/ff0000/000','Instant Pot',1466,1370,96,3),
(242,3,'Refrigerator 1','Lakhani','https://Refrigerator 1.pl/350x200/ff0000/000','Refrigerator',3377,3156,221,1),
(243,3,'Food Processor 2','Superhouse','https://Food Processor 2.pl/350x200/ff0000/000','Food Processor',2702,2434,268,4),
(244,3,'Coffee Maker 2','On Holding','https://Coffee Maker 2.pl/350x200/ff0000/000','Coffee Maker',835,780,55,1),
(245,3,'Refrigerator 1','Puma','https://Refrigerator 1.pl/350x200/ff0000/000','Refrigerator',1453,1274,179,5),
(246,3,'Dryer 1','On Holding','https://Dryer 1.pl/350x200/ff0000/000','Dryer',3356,3166,190,1),
(247,3,'Vacuum 1','Relaxo','https://Vacuum 1.pl/350x200/ff0000/000','Vacuum',1512,1426,86,3),
(248,3,'Microwave 1','Mirza','https://Microwave 1.pl/350x200/ff0000/000','Microwave',2873,2476,397,3),
(249,3,'Toaster Oven 1','Nike','https://Toaster Oven 1.pl/350x200/ff0000/000','Toaster Oven',1930,1770,160,1),
(250,3,'Microwave 1','Khadim','https://Microwave 1.pl/350x200/ff0000/000','Microwave',2998,2540,458,1),
(251,3,'Food Processor 1','Mirza','https://Food Processor 1.pl/350x200/ff0000/000','Food Processor',2424,2244,180,3),
(252,3,'Rice Cooker 1','Skechers','https://Rice Cooker 1.pl/350x200/ff0000/000','Rice Cooker',2184,1882,302,3),
(253,3,'Toaster 1','Weyco Group','https://Toaster 1.pl/350x200/ff0000/000','Toaster',3670,3084,586,5),
(254,3,'Toaster Oven 1','Mirza','https://Toaster Oven 1.pl/350x200/ff0000/000','Toaster Oven',2337,2014,323,4),
(255,3,'Rice Cooker 1','Nike','https://Rice Cooker 1.pl/350x200/ff0000/000','Rice Cooker',1722,1510,212,5),
(256,3,'Portable Dishwasher 1','Adidas','https://Portable Dishwasher 1.pl/350x200/ff0000/000','Portable Dishwasher',2977,2706,271,4),
(257,3,'Refrigerator 1','On Holding','https://Refrigerator 1.pl/350x200/ff0000/000','Refrigerator',1471,1362,109,1),
(258,3,'Refrigerator 1','Weyco Group','https://Refrigerator 1.pl/350x200/ff0000/000','Refrigerator',2761,2320,441,1),
(259,3,'Refrigerator 2','Lakhani','https://Refrigerator 2.pl/350x200/ff0000/000','Refrigerator',2404,2054,350,3),
(260,3,'Vacuum 2','Sparx','https://Vacuum 2.pl/350x200/ff0000/000','Vacuum',1943,1782,161,1),
(261,3,'Blender 1','Relaxo','https://Blender 1.pl/350x200/ff0000/000','Blender',1954,1670,284,4),
(262,3,'Rice Cooker 1','On Holding','https://Rice Cooker 1.pl/350x200/ff0000/000','Rice Cooker',1925,1750,175,3),
(263,3,'Vacuum 1','Nike','https://Vacuum 1.pl/350x200/ff0000/000','Vacuum',962,916,46,3),
(264,3,'Microwave 2','Liberty','https://Microwave 2.pl/350x200/ff0000/000','Microwave',687,592,95,5),
(265,3,'Toaster Oven 2','Sparx','https://Toaster Oven 2.pl/350x200/ff0000/000','Toaster Oven',1905,1780,125,2),
(266,3,'Rice Cooker 1','Sparx','https://Rice Cooker 1.pl/350x200/ff0000/000','Rice Cooker',2318,2166,152,4),
(267,3,'Built-in Dishwasher 1','Bata','https://Built-in Dishwasher 1.pl/350x200/ff0000/000','Built-in Dishwasher',3365,2926,439,2),
(268,3,'Stand Mixer 1','Skechers','https://Stand Mixer 1.pl/350x200/ff0000/000','Stand Mixer',2665,2514,151,3),
(269,3,'Built-in Dishwasher 1','Foot Locker','https://Built-in Dishwasher 1.pl/350x200/ff0000/000','Built-in Dishwasher',1404,1242,162,4),
(270,3,'Refrigerator 1','Khadim','https://Refrigerator 1.pl/350x200/ff0000/000','Refrigerator',1130,1056,74,2),
(271,3,'Oven 1','Nike','https://Oven 1.pl/350x200/ff0000/000','Oven',1286,1224,62,1),
(272,3,'Refrigerator 3','Lakhani','https://Refrigerator 3.pl/350x200/ff0000/000','Refrigerator',4138,3448,690,3),
(273,3,'Washing Machine 1','Foot Locker','https://Washing Machine 1.pl/350x200/ff0000/000','Washing Machine',1017,876,141,5),
(274,3,'Refrigerator 2','Khadim','https://Refrigerator 2.pl/350x200/ff0000/000','Refrigerator',1532,1298,234,4),
(275,3,'Coffee Maker 1','Weyco Group','https://Coffee Maker 1.pl/350x200/ff0000/000','Coffee Maker',3812,3314,498,5),
(276,3,'Food Processor 3','Superhouse','https://Food Processor 3.pl/350x200/ff0000/000','Food Processor',3593,2994,599,1),
(277,3,'Rice Cooker 2','On Holding','https://Rice Cooker 2.pl/350x200/ff0000/000','Rice Cooker',1069,946,123,3),
(278,3,'Freezer 1','Bata','https://Freezer 1.pl/350x200/ff0000/000','Freezer',3704,3112,592,4),
(279,3,'Freezer 1','Mirza','https://Freezer 1.pl/350x200/ff0000/000','Freezer',1575,1406,169,2),
(280,3,'Portable Dishwasher 2','On Holding','https://Portable Dishwasher 2.pl/350x200/ff0000/000','Portable Dishwasher',1596,1464,132,3),
(281,3,'Vacuum 1','On Holding','https://Vacuum 1.pl/350x200/ff0000/000','Vacuum',598,564,34,3),
(282,3,'Dryer 1','Veekesy','https://Dryer 1.pl/350x200/ff0000/000','Dryer',1747,1632,115,2),
(283,3,'Coffee Maker 1','Adidas','https://Coffee Maker 1.pl/350x200/ff0000/000','Coffee Maker',1500,1376,124,3),
(284,3,'Rice Cooker 1','Veekesy','https://Rice Cooker 1.pl/350x200/ff0000/000','Rice Cooker',1642,1492,150,4),
(285,3,'Freezer 1','Liberty','https://Freezer 1.pl/350x200/ff0000/000','Freezer',3381,2914,467,1),
(286,3,'Washing Machine 2','Foot Locker','https://Washing Machine 2.pl/350x200/ff0000/000','Washing Machine',863,806,57,1),
(287,3,'Refrigerator 2','On Holding','https://Refrigerator 2.pl/350x200/ff0000/000','Refrigerator',1697,1542,155,5),
(288,3,'Toaster Oven 1','Skechers','https://Toaster Oven 1.pl/350x200/ff0000/000','Toaster Oven',2627,2226,401,5),
(289,3,'Coffee Maker 1','Foot Locker','https://Coffee Maker 1.pl/350x200/ff0000/000','Coffee Maker',3121,2690,431,1),
(290,3,'Stand Mixer 1','Superhouse','https://Stand Mixer 1.pl/350x200/ff0000/000','Stand Mixer',1924,1798,126,3),
(291,3,'Vacuum 1','Weyco Group','https://Vacuum 1.pl/350x200/ff0000/000','Vacuum',2264,1918,346,2),
(292,3,'Stand Mixer 3','Sparx','https://Stand Mixer 3.pl/350x200/ff0000/000','Stand Mixer',2003,1726,277,4),
(293,3,'Dryer 1','Amin','https://Dryer 1.pl/350x200/ff0000/000','Dryer',2706,2460,246,2),
(294,3,'Toaster Oven 1','Adidas','https://Toaster Oven 1.pl/350x200/ff0000/000','Toaster Oven',2046,1826,220,2),
(295,3,'Refrigerator 2','Puma','https://Refrigerator 2.pl/350x200/ff0000/000','Refrigerator',1492,1394,98,4),
(296,3,'Stand Mixer 1','Weyco Group','https://Stand Mixer 1.pl/350x200/ff0000/000','Stand Mixer',2856,2694,162,3),
(297,3,'Freezer 1','Foot Locker','https://Freezer 1.pl/350x200/ff0000/000','Freezer',3778,3148,630,5),
(298,3,'Built-in Dishwasher 1','Amin','https://Built-in Dishwasher 1.pl/350x200/ff0000/000','Built-in Dishwasher',1311,1248,63,3),
(299,3,'Microwave 1','Weyco Group','https://Microwave 1.pl/350x200/ff0000/000','Microwave',662,618,44,3),
(300,3,'Built-in Dishwasher 1','Khadim','https://Built-in Dishwasher 1.pl/350x200/ff0000/000','Built-in Dishwasher',3994,3328,666,3);

INSERT INTO Eappliances VALUES
(201,'2017-04-05',48),
(202,'2016-01-02',33),
(203,'2017-07-18',18),
(204,'2020-11-23',32),
(205,'2019-02-03',35),
(206,'2015-12-20',29),
(207,'2019-07-07',36),
(208,'2019-08-24',39),
(209,'2016-02-13',39),
(210,'2020-08-05',49),
(211,'2020-09-13',34),
(212,'2017-07-10',15),
(213,'2019-02-05',33),
(214,'2018-07-08',50),
(215,'2016-09-19',39),
(216,'2015-10-17',49),
(217,'2021-01-04',29),
(218,'2018-10-22',20),
(219,'2015-01-30',49),
(220,'2021-10-23',35),
(221,'2015-03-08',40),
(222,'2021-04-24',24),
(223,'2020-01-23',18),
(224,'2021-11-06',18),
(225,'2020-03-18',45),
(226,'2021-11-21',18),
(227,'2021-02-01',44),
(228,'2018-04-30',19),
(229,'2020-05-01',40),
(230,'2016-11-03',34),
(231,'2021-02-15',40),
(232,'2017-06-07',24),
(233,'2019-07-25',28),
(234,'2020-06-26',19),
(235,'2015-09-29',37),
(236,'2021-10-20',37),
(237,'2017-09-18',31),
(238,'2020-03-14',48),
(239,'2021-11-06',47),
(240,'2016-11-30',40),
(241,'2018-04-19',31),
(242,'2018-07-05',28),
(243,'2015-08-02',24),
(244,'2021-11-10',31),
(245,'2018-12-02',46),
(246,'2018-12-12',16),
(247,'2017-11-05',45),
(248,'2017-11-18',48),
(249,'2018-03-10',34),
(250,'2016-11-24',39),
(251,'2021-02-28',26),
(252,'2019-10-09',30),
(253,'2016-06-27',24),
(254,'2021-05-04',34),
(255,'2015-06-26',24),
(256,'2020-05-23',41),
(257,'2020-02-13',19),
(258,'2017-07-10',26),
(259,'2020-11-26',22),
(260,'2020-07-01',29),
(261,'2017-8-05',32),
(262,'2019-02-26',29),
(263,'2015-08-03',45),
(264,'2019-06-26',46),
(265,'2017-02-28',39),
(266,'2017-02-17',34),
(267,'2018-05-25',28),
(268,'2017-04-03',32),
(269,'2021-06-20',17),
(270,'2015-09-12',49),
(271,'2018-08-22',34),
(272,'2020-01-06',16),
(273,'2017-08-10',32),
(274,'2016-05-03',23),
(275,'2018-11-29',26),
(276,'2016-10-27',39),
(277,'2021-03-22',40),
(278,'2020-01-10',43),
(279,'2018-11-22',16),
(280,'2020-10-16',47),
(281,'2018-07-13',17),
(282,'2015-05-03',35),
(283,'2018-02-04',48),
(284,'2021-01-30',19),
(285,'2016-07-04',32),
(286,'2016-12-07',47),
(287,'2015-10-14',34),
(288,'2017-05-05',40),
(289,'2018-09-21',20),
(290,'2019-09-27',15),
(291,'2015-11-20',44),
(292,'2019-07-29',37),
(293,'2016-08-07',37),
(294,'2019-11-07',23),
(295,'2017-04-13',45),
(296,'2021-01-19',37),
(297,'2018-01-19',49),
(298,'2020-01-20',43),
(299,'2015-07-03',47),
(300,'2017-06-07',29);

INSERT INTO Footwears VALUES
(101,'navy blue','Female',4,41),
(102,'navy blue','Male',9,21),
(103,'yellow black','Male',8,32),
(104,'gray','Male',8,34),
(105,'red','Female',5,35),
(106,'black','Others',4,26),
(107,'green','Female',8,16),
(108,'blue','Male',7,38),
(109,'yellow black','Male',4,34),
(110,'pink','Female',5,23),
(111,'white','Others',6,22),
(112,'navy blue','Male',8,19),
(113,'orange','Others',5,15),
(114,'white','Female',4,39),
(115,'red','Female',6,28),
(116,'yellow black','Female',7,50),
(117,'orange','Female',8,23),
(118,'white','Male',8,29),
(119,'blue','Female',7,35),
(120,'orange','Male',5,32),
(121,'gray','Female',5,44),
(122,'yellow black','Male',4,19),
(123,'black','Male',6,39),
(124,'pink','Male',6,42),
(125,'white','Others',8,17),
(126,'gray','Female',6,39),
(127,'yellow black','Female',6,30),
(128,'white','Others',5,37),
(129,'navy blue','Male',8,25),
(130,'white','Others',4,24),
(131,'pink','Male',7,46),
(132,'white','Others',5,27),
(133,'pink','Female',9,39),
(134,'white','Others',6,38),
(135,'gray','Male',7,29),
(136,'black','Female',9,33),
(137,'orange','Others',8,37),
(138,'yellow black','Female',5,31),
(139,'orange','Male',9,50),
(140,'green','Others',6,20),
(141,'black','Others',6,26),
(142,'red black','Female',5,40),
(143,'black','Female',6,40),
(144,'navy blue','Others',9,27),
(145,'blue','Female',9,30),
(146,'yellow black','Female',6,33),
(147,'white','Male',8,15),
(148,'blue','Male',8,23),
(149,'black','Female',7,32),
(150,'yellow black','Female',7,18),
(151,'gray','Female',8,31),
(152,'purple','Male',5,41),
(153,'blue','Male',9,26),
(154,'green','Female',6,29),
(155,'red black','Others',6,18),
(156,'red black','Male',9,43),
(157,'orange','Female',4,43),
(158,'green','Male',8,35),
(159,'white','Others',6,25),
(160,'gray','Male',8,46),
(161,'red','Male',5,21),
(162,'white','Female',9,35),
(163,'navy blue','Female',7,36),
(164,'purple','Female',9,15),
(165,'black','Male',9,23),
(166,'black','Others',8,33),
(167,'blue','Male',4,16),
(168,'pink','Male',5,21),
(169,'red','Male',5,27),
(170,'white','Others',7,24),
(171,'navy blue','Male',5,18),
(172,'gray','Female',5,22),
(173,'purple','Male',7,32),
(174,'blue','Others',7,26),
(175,'yellow black','Others',6,40),
(176,'red','Male',7,34),
(177,'black','Others',9,44),
(178,'navy blue','Female',5,28),
(179,'yellow black','Male',7,33),
(180,'green','Male',8,41),
(181,'white','Male',8,49),
(182,'red','Female',6,27),
(183,'white','Others',5,41),
(184,'red','Male',4,43),
(185,'green','Male',8,22),
(186,'yellow black','Female',6,26),
(187,'black','Male',8,15),
(188,'red','Female',4,33),
(189,'orange','Others',7,47),
(190,'black','Female',4,24),
(191,'yellow black','Others',4,49),
(192,'gray','Female',6,38),
(193,'navy blue','Female',5,22),
(194,'blue','Others',9,24),
(195,'pink','Male',5,20),
(196,'white','Male',9,47),
(197,'blue','Male',5,46),
(198,'purple','Others',5,32),
(199,'purple','Others',9,41),
(200,'red black','Male',9,42);

INSERT INTO Clothes VALUES
(1,'orange','Others','XXL',21),
(2,'white','Female','XXL',25),
(3,'pink','Female','L',43),
(4,'red black','Female','XXL',43),
(5,'white','Others','L',23),
(6,'red','Others','M',42),
(7,'red','Female','XL',40),
(8,'blue','Others','XXL',48),
(9,'green','Male','XL',27),
(10,'navy blue','Male','S',44),
(11,'navy blue','Male','XL',46),
(12,'green','Female','L',48),
(13,'white','Others','XXXL',23),
(14,'green','Female','M',25),
(15,'pink','Female','XXL',35),
(16,'purple','Others','M',27),
(17,'green','Others','S',21),
(18,'navy blue','Female','XXXL',44),
(19,'white','Female','L',24),
(20,'red','Female','XXXL',31),
(21,'red','Others','M',34),
(22,'gray','Others','XXXL',45),
(23,'blue','Others','XXXL',48),
(24,'pink','Others','XXL',47),
(25,'purple','Female','L',49),
(26,'green','Female','S',32),
(27,'white','Male','M',22),
(28,'blue','Others','XL',26),
(29,'gray','Male','XL',26),
(30,'yellow black','Others','XXXL',43),
(31,'pink','Others','XXXL',30),
(32,'white','Others','XL',35),
(33,'white','Female','XXL',20),
(34,'purple','Female','S',31),
(35,'gray','Others','XL',20),
(36,'green','Female','S',38),
(37,'gray','Male','S',24),
(38,'purple','Others','XXL',28),
(39,'yellow black','Male','XXXL',43),
(40,'yellow black','Female','XXL',39),
(41,'black','Others','S',25),
(42,'pink','Others','XXXL',47),
(43,'navy blue','Female','L',28),
(44,'purple','Male','XXL',17),
(45,'orange','Male','XL',16),
(46,'navy blue','Others','XL',36),
(47,'purple','Others','XXL',24),
(48,'yellow black','Others','XL',24),
(49,'black','Others','L',50),
(50,'yellow black','Others','XXXL',34),
(51,'red black','Female','XL',24),
(52,'red black','Male','XXXL',33),
(53,'pink','Others','XXL',38),
(54,'blue','Others','XXL',19),
(55,'gray','Others','XXXL',40),
(56,'pink','Male','L',40),
(57,'red','Others','L',39),
(58,'black','Others','XL',46),
(59,'blue','Male','S',28),
(60,'red','Female','S',42),
(61,'blue','Female','XXL',38),
(62,'purple','Female','L',28),
(63,'red black','Female','XXXL',16),
(64,'orange','Others','XXL',36),
(65,'purple','Others','M',35),
(66,'red','Others','S',17),
(67,'orange','Female','L',34),
(68,'red','Male','S',44),
(69,'red black','Others','XL',34),
(70,'purple','Others','XXL',39),
(71,'blue','Female','XXXL',23),
(72,'gray','Male','XXL',49),
(73,'yellow black','Male','XXL',19),
(74,'red','Others','XL',23),
(75,'red','Male','M',36),
(76,'pink','Female','XXXL',26),
(77,'green','Female','XXXL',45),
(78,'navy blue','Others','XXL',20),
(79,'yellow black','Female','S',39),
(80,'green','Others','XXL',46),
(81,'green','Others','XXXL',47),
(82,'red','Male','XXL',30),
(83,'gray','Female','XXL',47),
(84,'orange','Female','XL',17),
(85,'black','Others','XXXL',15),
(86,'blue','Female','XXXL',27),
(87,'black','Female','XXL',36),
(88,'purple','Female','L',39),
(89,'white','Male','XXL',16),
(90,'white','Female','M',31),
(91,'red','Female','XXXL',32),
(92,'yellow black','Female','M',23),
(93,'pink','Female','S',35),
(94,'yellow black','Female','XL',47),
(95,'red black','Female','M',35),
(96,'blue','Male','L',47),
(97,'purple','Others','M',32),
(98,'white','Male','S',31),
(99,'navy blue','Others','XL',44),
(100,'green','Male','L',17);

INSERT INTO vendor VALUES
(1,'Erin','Baker','milleremily@yahoo.com','995-881-6218','Male',5699,' Bass CenterPayneburgh\, MO 19770 ','Noney','Chennai','Meghalaya',219475),
(2,'Jennifer','Phillips','whiteemily@gmail.com','748-509-2700','Male',3544,' Hoffman Mountain Apt. 835Williamschester\, ND 09551 ','Ambala','Sagar','Meghalaya',456638),
(3,'David','Shaw','cainmichael@hotmail.com','882-735-5656','Others',1780,' Yvette Ways Suite 232Jenniferview\, NE 42786 ','Vaishali','Arrah','Nagaland',218738),
(4,'Charles','Black','garciaclaudia@hotmail.com','374-696-8913','Male',8124,' Jamie LightNew Richard\, RI 37190 ','Araria','Faridabad','Mizoram',761334),
(5,'Shannon','Cooper','benjaminsullivan@hotmail.com','584-475-1564','Male',1269,' Mary SquaresNorth Monicamouth\, IN 81073 ','Manyam','Korba','Andaman and Nicobar',274836),
(6,'Jose','Jensen','angela63@hotmail.com','803-079-4853','Male',8522,' Jonathan BridgeReneeberg\, AZ 84494 ','Raipur','Surat','Uttar Pradesh',411693),
(7,'Alexandra','Watson','william03@hotmail.com','368-709-5837','Female',3958,' 7582\, Box 8327APO AA 00626 ','Bellary','Bellary','Maharashtra',791807),
(8,'Dr.','Andrea','smithjeffrey@hotmail.com','545-338-1590','Male',2269,' Edwards Squares Apt. 181Natashafort\, UT 32805 ','Aravalli','Kollam','Delhi',638143),
(9,'Richard','Gibson','oscarshelton@gmail.com','338-723-1716','Others',7429,' Snyder Gardens Apt. 195Meltonville\, OK 02365 ','Bokaro','Akola','Arunachal Pradesh',725927),
(10,'Diana','Martin','dylan97@yahoo.com','661-042-3731','Others',6139,' Rice Underpass Suite 399Port Kristin\, NC 10227 ','Udupi','Bokara','Himachal Pradesh',766231),
(11,'Lisa','Young','anthony16@gmail.com','563-740-6969','Female',2046,' Williams TunnelWest Loristad\, TX 67132 ','Idukki','Vadodara','Andhra Pradesh',195630),
(12,'Mr.','Tony','antoniophillips@yahoo.com','686-178-9397','Others',3149,' John CourtsColtonshire\, KY 70110 ','Kiphire','Surat','Chandigarh',817904),
(13,'Yvonne','Roach','smurray@hotmail.com','674-539-7206','Others',9346,' Amy PointsLake Jonathan\, OK 74146 ','Ranchi','Nashik','Dadra and Nagar Haveli',276078),
(14,'Jennifer','Craig','russoveronica@yahoo.com','785-007-2418','Female',9841,' Diane Gardens Apt. 325Perezstad\, ND 30770 ','Ri Bhoi','Jaipur','Dadra and Nagar Haveli',388877),
(15,'Mark','Hayden','catherinemckenzie@hotmail.com','476-084-5283','Female',4307,' Parker PrairieNew Michaelburgh\, AR 35034 ','Nuapada','Thane','Manipur',657507),
(16,'Karen','White','johnwood@yahoo.com','264-293-0039','Female',9639,' JonesFPO AP 39132 ','Bhagalpur','Panipat','Andhra Pradesh',120259),
(17,'Brittany','Miller','meadowselizabeth@yahoo.com','309-117-7316','Male',6817,' Nichols Mount Apt. 707Henrystad\, PA 78188 ','Anjaw','Guwahati','Haryana',692093),
(18,'Desiree','Miller','williamsjill@yahoo.com','752-409-8344','Female',1438,' Myers VillageEast Dannyberg\, HI 96232 ','Kishanganj','Bikaner','Punjab',383305),
(19,'Erica','Taylor','john74@gmail.com','554-167-0942','Male',7112,' 6468\, Box 4510APO AP 77431 ','Kinnaur','Arrah','Assam',444956),
(20,'David','Reyes','lisabryant@gmail.com','721-799-3894','Male',1552,' Erica Lane Suite 143Lake Reginald\, MA 13999 ','Jind','Aizwal','Andaman and Nicobar',728859),
(21,'Joshua','Scott','wwhitney@yahoo.com','782-464-9712','Others',2293,' Adam PointsJillbury\, WY 23317 ','Pakyong','Thane','Kerala',983087),
(22,'Paul','Boone','kellypatrick@hotmail.com','545-731-8785','Female',8987,' Martinez ViaductEast Marvin\, MD 34056 ','Jind','Ludhiana','Bihar',945839),
(23,'Miranda','Simon','coxpatrick@yahoo.com','770-268-1089','Others',4537,' Carr StationSouth Katieport\, GA 19287 ','Thrissur','Aizwal','Assam',907246),
(24,'Nicole','Knight','garnerashley@hotmail.com','338-387-1713','Female',8105,' Salas TrackWest Davidberg\, OK 24334 ','Sangrur','Korba','Chhattisgarh',610092),
(25,'Timothy','Roberts','parkerjohn@gmail.com','970-818-2692','Others',5440,' Edward Way Suite 014Brendatown\, ME 60020 ','Tirap','Faridabad','Orissa',822955),
(26,'Thomas','Ramirez','chaddavis@yahoo.com','927-861-4569','Others',3486,' Cole RapidsWyattton\, TN 04681 ','Kaithal','Nagpur','Dadra and Nagar Haveli',285121),
(27,'Kendra','Irwin','melissa93@yahoo.com','266-444-3531','Male',4231,' Cummings Island Apt. 955Port Christian\, MO 33997 ','Kiphire','Lucknow','Jammu and Kashmir',901566),
(28,'Laura','Anderson','ehernandez@gmail.com','168-083-1259','Others',3174,' Poole Forest Apt. 476Hudsonborough\, NE 58724 ','Kishanganj','Indore','Nagaland',347885),
(29,'Robert','Delgado','katherinehuffman@hotmail.com','109-313-3016','Others',8756,' George HillsJasonmouth\, AZ 07171 ','Bharuch','Rajkot','Telangana',757929),
(30,'Joshua','Kaiser','davidhodges@hotmail.com','370-863-8964','Male',1897,' James Prairie Suite 049East Joshua\, HI 38585 ','Gaya','Agartala','Gujarat',152975),
(31,'Susan','Ford','randall85@hotmail.com','370-515-9039','Male',4837,' Nguyen Vista Apt. 747Andradeside\, DC 26506 ','Aurangabad','Firozabad','Kerala',548922),
(32,'Isaac','Rogers','qcarson@yahoo.com','461-626-2714','Others',4755,' Heather Spurs Suite 081Lake Angelachester\, AK 69544 ','Dausa','Erode','Lakshadweep',026203),
(33,'Jason','Tucker','barryphilip@gmail.com','200-001-9420','Male',4149,' Tracy DrivesWest Dariusfurt\, IN 32373 ','Lohit','Jaipur','Chandigarh',956175),
(34,'Sylvia','Santana','kathy85@hotmail.com','239-361-4325','Male',1319,' Antonio GrovesAnthonybury\, NV 49165 ','Idukki','kolkata','Puducherry',695330),
(35,'Traci','Roberts','xpatterson@gmail.com','337-796-4974','Male',6254,' Robert ParkwaysPort Annetteburgh\, SC 64893 ','Ajmer','Bilaspur','Chhattisgarh',322893),
(36,'Mark','Mack','terrizuniga@yahoo.com','750-343-2932','Others',4575,' Horne Locks Suite 033Lake Carlosbury\, OH 45848 ','Patan','Vadodara','Daman and Diu',857901),
(37,'Carrie','Henderson','ulee@yahoo.com','943-664-3182','Male',5075,' Mcdaniel Row Suite 567Jeffreyland\, AR 29136 ','Aizawl','Durgapur','Chandigarh',493793),
(38,'William','Castaneda','xbrown@gmail.com','344-525-4131','Female',6508,' Patrick PlainColeville\, MS 63013 ','Aizawl','Latur','Chandigarh',700301),
(39,'Lindsey','Payne','monica40@gmail.com','353-480-5366','Male',8689,' Christopher Way Apt. 543Williamsborough\, AL 28926 ','Dhubri','Guwahati','Gujarat',476062),
(40,'Mark','Jackson','sprice@yahoo.com','242-545-1083','Female',7704,' Bean Prairie Apt. 206Stevenmouth\, MI 55322 ','South Goa','Rajkot','Tamil Nadu',822857),
(41,'Sheila','Jones','ufuentes@yahoo.com','598-397-6967','Male',3899,' 0661 Box 0128DPO AA 55379 ','Datia','Bangalore','Tamil Nadu',396268),
(42,'Alexa','Sullivan','timothywilson@hotmail.com','335-860-1983','Female',9183,' Robert Canyon Suite 059Port Saraberg\, MD 21123 ','Dhubri','Lucknow','Orissa',048689),
(43,'Nicholas','Morgan','kevinpowers@gmail.com','901-074-2947','Female',6525,' Powell Trafficway Apt. 369Andrewberg\, CO 79412 ','Dhubri','Chandigarh','Daman and Diu',215099),
(44,'Nicholas','Cox','kathleen59@gmail.com','934-464-0200','Female',7527,' Jasmine InletLesterbury\, AZ 03532 ','Imphal East','kota','Mizoram',384511),
(45,'Kenneth','Underwood','hannahhunt@hotmail.com','883-849-8293','Female',2394,' Derrick Curve Suite 200Port Dylanville\, WI 69126 ','Manyam','Jaipur','Maharashtra',335727),
(46,'Sandra','Meyer','zalvarez@hotmail.com','178-117-2900','Others',7518,' Justin Plaza Apt. 401Port Steven\, VT 76030 ','Ranchi','Nagpur','Gujarat',934470),
(47,'Erik','Krueger','jmendoza@yahoo.com','652-171-0505','Male',8179,' Crane CenterJonesville\, WY 25614 ','Noklak','Ludhiana','Uttar Pradesh',967703),
(48,'William','Henry','wardjoseph@yahoo.com','388-212-1290','Male',4069,' Christopher DaleWest Hollytown\, CT 69185 ','Chitradurga','Mysore','Uttar Pradesh',648168),
(49,'Brenda','Fitzgerald','james59@yahoo.com','635-190-0149','Male',7581,' KnoxFPO AA 77596 ','Senapati','Kanpur','Chhattisgarh',810121),
(50,'Donald','Clark','zfuentes@gmail.com','197-180-2374','Female',7594,' Albert StravenueCarolinefurt\, FL 81551 ','Goalpara','Vadodara','Bihar',387413),
(51,'Mr.','Garrett','millerstephen@gmail.com','497-510-0284','Female',3224,' Lewis TurnpikePatriciaburgh\, NY 36198 ','Belgaum','Srinagar','Jharkhand',924159),
(52,'Adam','Carney','qvincent@yahoo.com','238-600-1079','Female',5224,' 9742 Box 1728DPO AE 55808 ','Guna','Lucknow','Lakshadweep',258084),
(53,'Alexander','Smith','joneschristopher@gmail.com','515-595-2865','Others',4336,' Scott RampLake Alison\, LA 42413 ','Jangaon','Dehradun','Andhra Pradesh',252497),
(54,'Jeffery','Bentley','vvazquez@hotmail.com','317-095-6212','Others',2823,' Foster StreetsAlexandraview\, CT 06925 ','Kinnaur','Solapur','Himachal Pradesh',757337),
(55,'Rodney','Miller','gregorykathy@yahoo.com','651-297-6774','Female',5209,' Hunt Harbors Suite 071North Melissafurt\, OK 10914 ','Eluru','Aligarh','Lakshadweep',141328),
(56,'Ashley','Smith','cynthiaaguilar@yahoo.com','277-372-5321','Male',8958,' Brown ParkLucasport\, NM 56844 ','Udupi','Ghaziabad','Lakshadweep',536923),
(57,'Michael','Brooks','sandra79@hotmail.com','260-300-0833','Others',1036,' Joseph ParkEast Carlabury\, KS 02087 ','Kapurthala','Kollam','Orissa',760923),
(58,'Carl','Collins','beth14@yahoo.com','128-163-0697','Male',5354,' Aaron Gardens Apt. 735Karenport\, SD 80748 ','Noney','Jaipur','Madhya Pradesh',858560),
(59,'Robert','Morgan','sheliaadams@yahoo.com','624-784-4199','Others',6876,' David TurnpikePort Kariville\, IA 42561 ','Dhubri','Jammu','Bihar',764746),
(60,'Karen','Coleman','mbrown@yahoo.com','878-227-8175','Male',9368,' Kaufman Point Apt. 810Caitlinborough\, SD 30088 ','Garhwa','Kutti','Orissa',054492),
(61,'Michele','Jordan','sylvia11@gmail.com','771-319-8277','Male',6871,' Byrd Rapid Suite 928Christopherside\, PA 65610 ','Pakyong','Patna','Bihar',606722),
(62,'Carrie','Dean','stephenliu@hotmail.com','418-723-3986','Female',2741,' Erin Place Suite 914Pamelaborough\, AR 65145 ','Dhubri','Kutti','Tamil Nadu',459925),
(63,'Dan','Shepherd','campbellmonica@gmail.com','998-320-8513','Others',4234,' Cheyenne CrescentNorth Michaelstad\, WY 16159 ','Akola','Indore','Lakshadweep',711734),
(64,'Lisa','Brown','kathryn96@gmail.com','149-587-7652','Male',8880,' Dickson Haven Suite 056East Patrick\, WY 15314 ','Ambala','Jabalpur','Lakshadweep',802894),
(65,'Michelle','Kirby','julie97@hotmail.com','966-104-9110','Male',6406,' Hunter DivideVincentborough\, SD 72746 ','Kishanganj','Dehradun','Mizoram',133391),
(66,'Sarah','Higgins','phillipgraham@yahoo.com','166-639-8353','Female',6624,' Jason FallEast Robert\, PA 82477 ','Balangir','Arrah','Goa',109133),
(67,'Mary','Thompson','ramirezcory@hotmail.com','425-351-2211','Others',8804,' 3579 Box 9969DPO AA 82778 ','Udupi','Imphal','Gujarat',551787),
(68,'Tanya','Hernandez','jeremycooper@gmail.com','201-453-9641','Others',9527,' Anderson Key Apt. 234East Bradchester\, MO 25032 ','North Goa','Korba','Himachal Pradesh',751415),
(69,'Tamara','Hendricks','peter60@yahoo.com','194-817-7463','Female',1901,' 5308 Box 4328DPO AP 37414 ','Mandi','Jabalpur','Manipur',846258),
(70,'Amy','Ferguson','yramsey@hotmail.com','591-497-5051','Others',7551,' Medina Court Apt. 318Richardstad\, WA 06633 ','Bharuch','Amritsar','Puducherry',920072),
(71,'Brandy','Green','stephanie07@yahoo.com','509-605-8833','Others',1379,' Isaac Port Apt. 752North Cheryl\, UT 75316 ','Anand','Bellary','Uttar Pradesh',061250),
(72,'Christopher','Anderson','kimberlystark@yahoo.com','362-602-7151','Others',5408,' Michelle RampMelissaton\, AR 47677 ','Ajmer','Meerut','Lakshadweep',351563),
(73,'Amanda','Short','iballard@gmail.com','133-211-0376','Male',4469,' Romero CourtWest Dianeville\, SD 22229 ','Ahmedabad','Patna','Tamil Nadu',890950),
(74,'Jonathan','Martinez','fgarcia@yahoo.com','101-489-8102','Male',7006,' Melissa TrafficwayTrujillomouth\, NC 70995 ','Firozpur','Udaipur','Chhattisgarh',618592),
(75,'Steven','Jones','pgomez@hotmail.com','552-115-7122','Others',7040,' Kane Trail Apt. 886Port Carla\, MS 77944 ','Botad','Cuttack','Arunachal Pradesh',222093),
(76,'Joseph','Davies','marcusfuller@gmail.com','798-200-0631','Male',9882,' Martinez TunnelPort Amybury\, IA 89286 ','Mansa','Ghaziabad','Rajasthan',184690),
(77,'Manuel','Harris','jessica40@hotmail.com','137-119-1886','Male',8920,' Callahan DamPort Jessica\, GA 49720 ','Raipur','Jabalpur','Madhya Pradesh',238217),
(78,'Brian','Waters','xbecker@hotmail.com','113-490-6145','Male',6650,' Miles ParkwaysPaulland\, NC 88347 ','Garhwa','Dehradun','Karnataka',916226),
(79,'Thomas','Mckenzie','odunn@yahoo.com','943-478-9165','Others',8438,' 0431 Box 8322DPO AP 39544 ','Goalpara','Karur','Goa',929893),
(80,'Erik','Solis','xwest@hotmail.com','490-026-6913','Others',1251,' Young CornerKatrinaborough\, IA 40255 ','Palghar','Jammu','Daman and Diu',407645),
(81,'Cynthia','Dawson','joshua65@hotmail.com','610-261-8453','Others',5425,' Mcdonald FortWellsville\, NE 52753 ','Bhagalpur','Dehradun','Tamil Nadu',837613),
(82,'Dakota','Nguyen','tonya43@yahoo.com','967-431-3438','Others',1911,' Wagner Motorway Apt. 962North Jonathanfort\, NY 17782 ','Sangrur','Surat','Chhattisgarh',720899),
(83,'Jennifer','Webb','marisa18@hotmail.com','919-053-8825','Others',1257,' James Passage Suite 238West Ronald\, NM 43219 ','Imphal East','Meerut','Sikkim',387516),
(84,'Elizabeth','Matthews','meyertimothy@hotmail.com','435-401-9821','Female',6969,' Myers Center Apt. 955North Hector\, WA 74572 ','Namsai','Vadodara','Puducherry',797298),
(85,'Mark','Hoffman','amynelson@yahoo.com','478-268-5695','Male',6188,' 5027\, Box 8634APO AP 24262 ','Palwal','Agartala','Andaman and Nicobar',571128),
(86,'Tammie','Russell','kbradley@gmail.com','617-462-0243','Others',8874,' Griffin HeightsSouth Cheryl\, OH 10480 ','Firozpur','Bhopal','Gujarat',539501),
(87,'Adam','Gilbert','michelleparker@hotmail.com','283-480-0005','Others',9972,' Hernandez MillHaydentown\, WA 35777 ','Bhagalpur','Agartala','Andhra Pradesh',276844),
(88,'Jose','Larsen','bcox@gmail.com','849-137-1191','Female',5324,' Davis MissionEricaview\, FL 90149 ','Ukhrul','Kollam','Puducherry',770576),
(89,'Andrea','Thomas','icurtis@hotmail.com','969-612-0038','Others',6854,' Phillips CrossroadWest Karatown\, WI 37542 ','Visakhapatnam','Patna','Nagaland',722656),
(90,'Elizabeth','Rich','ylong@hotmail.com','723-815-6496','Female',2530,' Charles GardenJamesmouth\, MI 61195 ','Bhind','Panipat','Lakshadweep',016518),
(91,'Jay','Silva','riveraamanda@gmail.com','740-014-9903','Male',8777,' Jennifer Extensions Apt. 126South Reginaland\, ND 74724 ','Belgaum','Ghaziabad','Andhra Pradesh',231783),
(92,'Charles','Garza','allisonwilliams@hotmail.com','847-502-3249','Female',8691,' Kenneth Meadow Apt. 878North Michaelville\, MD 66001 ','Mandi','Bokara','West Bengal',553458),
(93,'Alexis','Wagner','philipwilson@yahoo.com','992-014-5257','Others',9210,' Smith Walk Apt. 779Elliottburgh\, CA 47402 ','Jhabua','kota','Maharashtra',410327),
(94,'Melanie','Peters','andrewhendricks@hotmail.com','934-446-8383','Others',5757,' Katie Track Suite 626North Melissatown\, IN 77907 ','Aurangabad','Pune','Tamil Nadu',154072),
(95,'Katrina','Reid','jason99@hotmail.com','507-289-3835','Others',8005,' Cindy OvalJacobsonstad\, MN 11977 ','Kaithal','Howrah','Madhya Pradesh',976561),
(96,'Gina','Daniels','kenneth08@yahoo.com','697-315-1771','Others',7064,' Mary LoafDanatown\, SD 89881 ','Dibrugarh','Nashik','Uttar Pradesh',147546),
(97,'Amber','Walker','yorktimothy@gmail.com','873-875-6099','Male',9279,' 3675\, Box 2005APO AE 14867 ','Nalbari','Kollam','Nagaland',338130),
(98,'Sara','Olson','richard36@hotmail.com','392-430-5615','Male',1892,' Allen Ferry Suite 016West Jessicafort\, SC 50261 ','Aravalli','Panipat','Mizoram',650898),
(99,'Cody','Holt','icarlson@hotmail.com','199-764-6810','Male',1795,' Ross Trace Apt. 310Sandratown\, HI 13706 ','Baksa','Meerut','Karnataka',648263),
(100,'Brian','Jennings','torresmegan@gmail.com','861-553-3899','Others',9357,' Welch FlatsDeniseton\, ME 33533 ','Eluru','kochi','Orissa',478838),
(101,'Susan','Collins','qsanford@gmail.com','319-842-2585','Others',2316,' Christopher ViewsRaymondberg\, DC 62207 ','Serchhip','Dehradun','Puducherry',852443),
(102,'Melissa','Smith','jonathanflores@gmail.com','848-381-1615','Male',3332,' Greene Mountains Suite 807New Lisashire\, KY 86564 ','Bharuch','Mysore','Daman and Diu',640381),
(103,'Justin','Adams','brittany94@yahoo.com','476-185-4552','Male',9542,' Cole WellsDouglasmouth\, GA 06401 ','Bhind','Thane','Rajasthan',285448),
(104,'Jordan','Ho','shepherdanthony@gmail.com','979-461-7289','Female',7180,' Charles Run Suite 005Christianberg\, TX 48536 ','Noney','Kutti','Andaman and Nicobar',927758),
(105,'Leslie','Hunt','vanessajimenez@yahoo.com','179-118-5870','Female',7598,' Tracy PortsSnyderstad\, DE 63670 ','Tirap','Ranchi','Assam',067286),
(106,'Alex','Sosa','schmidtsabrina@yahoo.com','839-858-7258','Others',6086,' Henderson WallNew Emilyhaven\, AK 00516 ','Imphal East','Faridabad','Goa',738730),
(107,'Christopher','Moore','rachelcervantes@yahoo.com','158-504-8952','Others',5845,' Powell Prairie Apt. 749Letown\, DC 12671 ','Durg','Gaya','Dadra and Nagar Haveli',004882),
(108,'Randy','Baker','xsmith@yahoo.com','159-018-5593','Others',9139,' 8283 Box 4595DPO AE 46938 ','Dharwad','Agartala','Goa',654537),
(109,'Michele','Brown','zgonzales@gmail.com','440-438-4550','Others',4446,' William PlainsWest Cory\, WV 98829 ','Ajmer','Ranchi','Daman and Diu',035148),
(110,'Timothy','Harrington','megan00@hotmail.com','845-849-7319','Female',5530,' Grant IslandsDeniseville\, SD 38868 ','Anjaw','Bhilai','Sikkim',366919),
(111,'Sheena','Taylor','sandovalalicia@gmail.com','738-288-5063','Male',5607,' Thompson Brook Apt. 788North Stevenstad\, MA 10575 ','Ranchi','Rajkot','Daman and Diu',330078),
(112,'Shannon','Maldonado','sergiojimenez@yahoo.com','692-495-4683','Female',3846,' HallFPO AA 61967 ','Senapati','Bhopal','Tripura',289792),
(113,'Amy','Blake','alexanderhood@gmail.com','857-787-9832','Female',2261,' Morris SummitBarnesborough\, IN 52415 ','Bharuch','Ranchi','Assam',309353),
(114,'John','Watson','travis79@yahoo.com','490-477-3095','Female',5843,' Evan ValleyNew Amandachester\, WI 11569 ','Sangrur','Ludhiana','Andaman and Nicobar',149356),
(115,'Abigail','Torres','johngarcia@gmail.com','517-573-0616','Female',2453,' Christine StravenuePort Chelseachester\, WA 05786 ','Bhind','Kutti','Assam',079324),
(116,'Megan','Lee','michaelle@gmail.com','116-411-4594','Male',4025,' Meyer OvalNew Alexisport\, TN 86352 ','Ajmer','Bangalore','Arunachal Pradesh',112952),
(117,'Denise','Waller','meganwood@hotmail.com','888-409-6573','Others',6962,' Smith Meadows Apt. 793Carlsonland\, VA 53858 ','Akola','Bokara','Assam',074966),
(118,'Carol','Flores','morrisondoris@gmail.com','324-710-0609','Others',5074,' Ashley WellsLaurenview\, WV 49687 ','Jind','Jammu','Tripura',553366),
(119,'Stephen','Morales','shawtravis@gmail.com','978-166-7840','Male',6057,' SmithFPO AA 74330 ','Pakyong','Solapur','Mizoram',761106),
(120,'Jennifer','Reyes','davidlawson@yahoo.com','164-540-9281','Male',2541,' Anthony GrovesSnydermouth\, ID 40660 ','Nagpur','Solapur','Daman and Diu',671775),
(121,'Karen','Gomez','brucejonathan@hotmail.com','111-094-9701','Female',4638,' Willie Orchard Suite 115Codyport\, TX 70959 ','Eluru','Gurgaon','Lakshadweep',034857),
(122,'Alexander','Hobbs','mendozamelissa@yahoo.com','343-449-7055','Male',8504,' Curry Oval Apt. 432Johnsonshire\, MN 78902 ','Guna','Panipat','Jammu and Kashmir',471654),
(123,'Richard','Goodman','adamschristopher@hotmail.com','508-312-3353','Female',4704,' Luis Burg Apt. 765Amberville\, MI 43000 ','Mansa','Guwahati','Himachal Pradesh',517376),
(124,'Tara','Diaz','rsherman@yahoo.com','540-266-2288','Male',7407,' Erica ShoreLake Steven\, NH 06734 ','Kaithal','Imphal','Rajasthan',961429),
(125,'Larry','Grant','austin05@yahoo.com','175-248-1801','Others',1146,' Stanley AlleyEast Adamberg\, NM 84036 ','Raipur','Jammu','Assam',470890),
(126,'Justin','Sweeney','kathleenbrooks@gmail.com','938-240-1179','Others',2991,' Renee CenterPooleville\, CO 87437 ','Belgaum','Rajkot','Madhya Pradesh',077064),
(127,'Robert','Rodriguez','johnsonkimberly@yahoo.com','409-440-7490','Female',2115,' Thomas GardenWest Marissa\, PA 08387 ','Serchhip','Ujjain','Dadra and Nagar Haveli',653040),
(128,'Kimberly','Robinson','gadams@gmail.com','511-748-8448','Female',9840,' Joseph CrossingLake Christopherberg\, NC 93796 ','Kurukshetra','Gurgaon','Goa',680748),
(129,'Stacey','Carr','thomasreginald@gmail.com','117-509-7291','Male',5098,' 4588\, Box 1240APO AP 91255 ','Kinnaur','Mysore','Karnataka',952693),
(130,'Teresa','Davis','cole44@yahoo.com','515-435-1250','Male',7304,' Jessica Turnpike Suite 387West Michellemouth\, VT 81031 ','Mansa','Imphal','Jammu and Kashmir',107212),
(131,'Derek','Brown','amanda35@yahoo.com','607-266-6302','Male',5981,' Eric JunctionMelissaburgh\, KS 74487 ','Noney','Ranchi','Karnataka',830190),
(132,'Joshua','Wade','ufreeman@yahoo.com','913-154-5882','Others',8376,' Walsh IslandsNguyenfurt\, NH 72832 ','Kapurthala','Guwahati','Arunachal Pradesh',979040),
(133,'Olivia','Chen','mbuchanan@yahoo.com','962-858-8087','Female',7042,' DavisFPO AE 16886 ','Dharwad','Gorakhpur','Maharashtra',272410),
(134,'Rita','Scott','wrightcarl@yahoo.com','261-170-3113','Others',8798,' Campos Summit Apt. 656Laurenville\, WI 31263 ','Korea','Thane','West Bengal',431393),
(135,'Michael','Edwards','salazarbrandon@hotmail.com','498-837-7546','Female',4273,' Thompson Tunnel Suite 882Lisaport\, UT 94223 ','Kinnaur','Navi Mumbai','Jharkhand',064239),
(136,'Sara','Robinson','heather55@yahoo.com','268-703-8890','Others',8798,' Ruth Hills Apt. 793East Amy\, GA 04625 ','Belgaum','Dhule','Uttar Pradesh',781707),
(137,'Judy','Dean','lmcintyre@hotmail.com','197-151-8547','Others',1618,' Davies Plain Suite 620Taylormouth\, VT 03925 ','Erode','Ajmer','Jharkhand',327039),
(138,'Philip','Kline','natalie88@gmail.com','920-585-6673','Female',5710,' Susan Drive Suite 527Luismouth\, DC 32608 ','Lohit','Patna','Mizoram',280406),
(139,'Corey','Golden','dwerner@yahoo.com','398-641-3306','Female',7754,' Christine Heights Suite 718New Traciburgh\, MN 26728 ','Kinnaur','Ujjain','Nagaland',880786),
(140,'Brianna','Reid','mannlynn@hotmail.com','983-518-4918','Male',1223,' Amanda Mount Suite 001Charlesville\, AK 88512 ','Vaishali','Arrah','Daman and Diu',129617),
(141,'Timothy','Walker','timothybell@yahoo.com','602-472-1156','Female',2891,' Cynthia CentersNguyenfurt\, LA 43515 ','Alwar','Korba','Manipur',828583),
(142,'George','Knight','evancarrillo@gmail.com','468-217-2024','Female',2357,' Robert CourtMichaelmouth\, CO 09171 ','Aravalli','Ludhiana','Daman and Diu',151826),
(143,'Richard','Lee','keithmolina@gmail.com','617-175-1468','Female',3373,' Kyle Junction Suite 181South Jamesburgh\, PA 37901 ','Dibrugarh','Solapur','Andaman and Nicobar',840493),
(144,'Christine','Williams','woodsjeffrey@yahoo.com','906-152-6070','Female',7949,' Dyer Junction Apt. 051Port Cheryl\, PA 69978 ','Bhind','Dhule','Bihar',362983),
(145,'Terrance','Williams','tunderwood@yahoo.com','544-338-7369','Male',4260,' WangFPO AP 44574 ','Baksa','Surat','Tamil Nadu',383134),
(146,'Kelly','Ross','salinasthomas@yahoo.com','757-770-6898','Female',3063,' Orr RanchNew Pamela\, GA 97269 ','Kishanganj','Latur','Mizoram',796192),
(147,'Stephen','Griffin','jasonhoward@hotmail.com','685-336-3481','Others',9378,' Mccoy Skyway Suite 664South Jacqueline\, RI 52867 ','Gaya','Gaya','Chhattisgarh',965471),
(148,'Amanda','Anderson','ryanmiller@yahoo.com','825-140-9115','Others',2553,' Oconnor Parkways Suite 967Lake Robert\, AR 84997 ','Araria','Faridabad','Dadra and Nagar Haveli',565063),
(149,'Ashley','Hall','ashley97@yahoo.com','436-487-9588','Male',2739,' Davis Track Apt. 602New Geraldshire\, RI 72821 ','Thrissur','Dhanbad','Sikkim',066515),
(150,'Christopher','Deleon','keymatthew@hotmail.com','118-764-7345','Others',4153,' Patton Square Apt. 190Clarkhaven\, AR 51228 ','Chitradurga','Dhanbad','Uttarakhand',456542);

INSERT INTO Inventory VALUES
(1,2126,' Lauren Meadow Apt. 794New Rebecca\, IL 60127 ','Alwar','Udaipur','Mizoram',284863),
(2,4955,' Veronica VillePort Douglasville\, KY 29469 ','Patan','Kollam','Meghalaya',215022),
(3,9522,' Walters Port Apt. 448Lake Christinamouth\, IA 91329 ','Kurukshetra','Ahmedabad','Arunachal Pradesh',832331),
(4,7523,' Jessica Curve Suite 963West Aaron\, MI 07982 ','Dhubri','Srinagar','Himachal Pradesh',654210),
(5,3061,' Griffin Trail Suite 932Gambleberg\, OK 70990 ','Jhabua','Srinagar','Uttar Pradesh',927325),
(6,6408,' Johnson Springs Apt. 613Jenniferberg\, UT 97291 ','Chitradurga','Rajkot','Dadra and Nagar Haveli',607134),
(7,5091,' Richard Junctions Suite 373Brianfurt\, NJ 20297 ','Hingoli','Agartala','Rajasthan',943608),
(8,8006,' Caroline ShoalsNew Cameron\, TX 94883 ','Kiphire','Guwahati','Chandigarh',373522),
(9,7632,' Candace Roads Apt. 867Cameronberg\, MO 83806 ','Ranchi','Nagpur','Punjab',566633),
(10,4454,' Collins PrairieAllisonstad\, AK 62737 ','Nalbari','Allahabad','Nagaland',278278),
(11,4044,' Rodriguez StreamLake Nicoletown\, UT 39176 ','Nagpur','Ahmedabad','Tripura',081075),
(12,9669,' Hernandez View Apt. 907Oscarland\, TX 73510 ','Patan','Sagar','Goa',391325),
(13,3860,' Davis Land Apt. 043East Lesliemouth\, NH 21226 ','Bellary','Srinagar','Jharkhand',577109),
(14,9401,' Carla Walks Suite 216South Cynthiaview\, RI 40785 ','Vaishali','Hyderabad','Telangana',565770),
(15,5703,' Perez Coves Suite 152Louismouth\, RI 14380 ','Hingoli','Agra','Chandigarh',955192),
(16,8471,' Denise Overpass Suite 457Laurenbury\, IA 11604 ','Wayanad','Udaipur','Puducherry',609874),
(17,3233,' Russell Streets Suite 503Lake Deborahstad\, NY 16083 ','Akola','Aizwal','Puducherry',356368),
(18,5042,' Martinez MountainNorth Monica\, TN 42086 ','Korba','Bilaspur','Himachal Pradesh',738462),
(19,4584,' JamesFPO AE 23249 ','Mansa','kota','Lakshadweep',732205),
(20,1509,' Williams Forks Apt. 951Christensenberg\, VT 66355 ','Ahmedabad','Karur','Nagaland',593251),
(21,2554,' Gray PineKennethside\, CO 81430 ','Ajmer','Firozabad','Daman and Diu',176907),
(22,9454,' Joshua RidgesWest Wendy\, DE 98593 ','Balod','Ajmer','Jharkhand',610283),
(23,6156,' Campbell Center Apt. 894Theresatown\, SC 69246 ','Alwar','Agra','Chandigarh',980647),
(24,2552,' 8862\, Box 0834APO AA 77620 ','Bhagalpur','Patiala','Rajasthan',119708),
(25,2629,' Stacey ForksKevinfort\, MD 85307 ','Mandi','Bangalore','Jammu and Kashmir',483544),
(26,9363,' Lisa ForksEast Alexandra\, FL 95308 ','Ambala','Aligarh','Goa',921017),
(27,1134,' Cindy KeyHoodport\, NM 03609 ','Namsai','Kutti','Arunachal Pradesh',703206),
(28,2131,' Mills CapeMistyhaven\, LA 38008 ','Ukhrul','Gurgaon','Orissa',959622),
(29,8529,' Berry ParkwayAdamsbury\, GA 30005 ','Anakapalli','Meerut','Chandigarh',284384),
(30,2387,' Foster HeightsNew Jamesport\, IA 77558 ','Vaishali','Ahmedabad','Sikkim',678811),
(31,3968,' Thompson CommonNorth Noahmouth\, OR 52463 ','Korba','Faridabad','Delhi',442538),
(32,3583,' Amy Spring Suite 359West Robertville\, WV 44819 ','Korea','Kolhapur','Andhra Pradesh',788011),
(33,1496,' Haley Ports Apt. 221Jonesstad\, LA 76821 ','Lohit','Udaipur','Meghalaya',261893),
(34,3028,' Jack Oval Apt. 948North Barry\, ID 88963 ','Korba','Vadodara','Kerala',601627),
(35,8664,' Evans Forest Apt. 143Allisonmouth\, MO 36914 ','South Goa','Dehradun','Lakshadweep',506177),
(36,3447,' John Greens Suite 704Evansport\, WA 43761 ','Sangrur','Korba','West Bengal',444538),
(37,2929,' Ana CliffsStephaniemouth\, PA 42227 ','Balod','Hyderabad','Gujarat',848976),
(38,7743,' Katherine Mountain Apt. 760South Meghanton\, TX 52142 ','Ajmer','Kolhapur','Mizoram',307603),
(39,7378,' William Alley Apt. 941East Justin\, PA 16062 ','Chatra','Akola','Madhya Pradesh',040034),
(40,6060,' 0660\, Box 6763APO AE 32895 ','North Goa','Kolhapur','Karnataka',965804),
(41,9182,' 8469 Box 8971DPO AA 65903 ','Korba','Erode','Assam',700696),
(42,2695,' 7720\, Box 5005APO AE 83497 ','Ri Bhoi','Aizwal','Tripura',873813),
(43,4049,' Gaines Pike Suite 815Stokesfurt\, MD 07487 ','Korea','Jabalpur','Punjab',987024),
(44,5952,' Patricia FerryJasonmouth\, IA 37565 ','Ahmedabad','Chandigarh','Jammu and Kashmir',956420),
(45,4117,' Franklin GroveSarahmouth\, CT 99748 ','North Goa','Thane','Goa',033075),
(46,9217,' Smith FallNorth Michaelmouth\, OR 01105 ','Aravalli','Bokara','Orissa',960055),
(47,3344,' Catherine GlensWest Sean\, NH 97652 ','Bharuch','Sagar','Assam',726019),
(48,5588,' Preston UnderpassRonaldstad\, LA 45656 ','Patan','Jammu','Tamil Nadu',911704),
(49,1595,' Jensen VillageRobertfurt\, OK 11220 ','Anjaw','Avadi','Puducherry',922446),
(50,8960,' Odom Knolls Suite 734West Davidtown\, FL 45997 ','Solan','Patna','Andaman and Nicobar',133572);

INSERT INTO InInventory VALUES
(1,127,93),
(1,236,63),
(1,281,73),
(1,89,89),
(1,34,65),
(1,202,82),
(1,232,57),
(1,230,98),
(1,78,67),
(1,19,100),
(2,244,94),
(2,269,58),
(2,78,91),
(2,162,54),
(2,217,56),
(2,205,100),
(2,249,66),
(2,220,79),
(2,9,96),
(2,152,58),
(3,108,66),
(3,193,65),
(3,31,98),
(3,113,99),
(3,202,66),
(3,198,93),
(3,269,69),
(3,121,85),
(3,183,57),
(3,168,69),
(4,243,66),
(4,21,76),
(4,88,71),
(4,121,78),
(4,114,77),
(4,71,99),
(4,17,93),
(4,92,55),
(4,226,60),
(4,96,101),
(5,182,52),
(5,178,71),
(5,278,56),
(5,88,84),
(5,64,86),
(5,242,55),
(5,156,59),
(5,281,54),
(5,133,58),
(5,123,70),
(6,137,95),
(6,237,77),
(6,61,52),
(6,101,84),
(6,158,82),
(6,187,96),
(6,4,80),
(6,11,85),
(6,238,99),
(6,270,97),
(7,255,100),
(7,29,99),
(7,216,85),
(7,117,72),
(7,136,59),
(7,60,65),
(7,171,71),
(7,111,91),
(7,80,87),
(7,127,54),
(8,164,100),
(8,58,85),
(8,100,59),
(8,11,86),
(8,262,77),
(8,165,60),
(8,114,92),
(8,102,80),
(8,166,91),
(8,26,86),
(9,36,77),
(9,35,52),
(9,103,82),
(9,140,82),
(9,18,51),
(9,34,56),
(9,215,95),
(9,7,85),
(9,97,77),
(9,32,86),
(10,285,59),
(10,147,65),
(10,223,83),
(10,178,87),
(10,243,97),
(10,155,72),
(10,255,79),
(10,222,98),
(10,29,74),
(10,16,73),
(11,7,54),
(11,255,63),
(11,206,89),
(11,20,80),
(11,138,96),
(11,88,78),
(11,76,79),
(11,107,67),
(11,27,58),
(11,8,89),
(12,164,71),
(12,39,68),
(12,122,68),
(12,70,88),
(12,5,84),
(12,267,77),
(12,93,92),
(12,260,87),
(12,231,78),
(12,59,92),
(13,134,84),
(13,85,77),
(13,150,52),
(13,33,88),
(13,56,100),
(13,238,95),
(13,64,69),
(13,185,55),
(13,203,100),
(13,9,92),
(14,88,64),
(14,68,81),
(14,116,60),
(14,13,54),
(14,66,62),
(14,181,72),
(14,99,60),
(14,288,73),
(14,198,95),
(14,46,55),
(15,84,65),
(15,162,71),
(15,63,84),
(15,224,88),
(15,134,63),
(15,18,74),
(15,50,55),
(15,116,85),
(15,257,89),
(15,281,68),
(16,154,51),
(16,273,83),
(16,51,53),
(16,243,87),
(16,191,55),
(16,215,73),
(16,30,93),
(16,133,72),
(16,130,77),
(16,62,79),
(17,32,56),
(17,238,61),
(17,94,80),
(17,242,68),
(17,101,62),
(17,22,93),
(17,93,93),
(17,275,51),
(17,43,64),
(17,121,95),
(18,45,50),
(18,138,100),
(18,284,65),
(18,164,72),
(18,264,72),
(18,123,74),
(18,100,93),
(18,272,75),
(18,247,76),
(18,201,51),
(19,167,68),
(19,161,51),
(19,216,73),
(19,107,93),
(19,261,68),
(19,101,61),
(19,85,72),
(19,141,82),
(19,295,52),
(19,206,71),
(20,155,86),
(20,85,74),
(20,14,59),
(20,264,70),
(20,186,54),
(20,285,66),
(20,143,73),
(20,232,79),
(20,175,79),
(20,274,68),
(21,257,96),
(21,105,59),
(21,96,50),
(21,194,94),
(21,237,80),
(21,99,92),
(21,144,93),
(21,50,68),
(21,209,77),
(21,32,61),
(22,291,58),
(22,194,59),
(22,153,75),
(22,61,76),
(22,195,92),
(22,106,69),
(22,149,90),
(22,260,66),
(22,83,88),
(22,141,52),
(23,90,92),
(23,294,73),
(23,125,50),
(23,261,60),
(23,38,52),
(23,154,62),
(23,272,89),
(23,29,87),
(23,31,99),
(23,130,68),
(24,3,58),
(24,54,86),
(24,112,100),
(24,230,52),
(24,205,54),
(24,195,77),
(24,55,82),
(24,123,89),
(24,28,68),
(24,247,100),
(25,40,80),
(25,220,101),
(25,189,75),
(25,152,70),
(25,215,99),
(25,276,57),
(25,71,74),
(25,108,91),
(25,18,58),
(25,42,100),
(26,96,85),
(26,58,62),
(26,95,93),
(26,121,64),
(26,185,68),
(26,252,101),
(26,14,91),
(26,188,50),
(26,231,58),
(26,267,93),
(27,84,51),
(27,87,58),
(27,206,81),
(27,261,57),
(27,183,81),
(27,22,75),
(27,217,73),
(27,52,88),
(27,149,51),
(27,277,80),
(28,180,67),
(28,102,101),
(28,189,63),
(28,253,64),
(28,46,64),
(28,191,51),
(28,190,93),
(28,76,95),
(28,229,78),
(28,83,50),
(29,258,91),
(29,41,82),
(29,74,64),
(29,260,64),
(29,112,97),
(29,269,54),
(29,169,82),
(29,42,55),
(29,280,96),
(29,51,87),
(30,232,93),
(30,174,60),
(30,298,55),
(30,89,54),
(30,205,93),
(30,287,75),
(30,243,78),
(30,291,80),
(30,285,96),
(30,187,52),
(31,223,101),
(31,244,62),
(31,164,65),
(31,82,91),
(31,197,72),
(31,251,80),
(31,243,61),
(31,10,95),
(31,73,86),
(31,270,96),
(32,13,50),
(32,198,97),
(32,238,56),
(32,26,86),
(32,280,67),
(32,119,52),
(32,266,57),
(32,55,56),
(32,151,93),
(32,3,96),
(33,185,77),
(33,1,92),
(33,238,66),
(33,263,68),
(33,3,89),
(33,26,68),
(33,118,73),
(33,4,96),
(33,117,57),
(33,92,82),
(34,178,57),
(34,223,95),
(34,201,100),
(34,218,78),
(34,27,88),
(34,172,74),
(34,64,88),
(34,26,89),
(34,295,51),
(34,299,66),
(35,264,58),
(35,114,63),
(35,235,77),
(35,246,63),
(35,95,87),
(35,213,64),
(35,255,68),
(35,70,52),
(35,39,84),
(35,83,74),
(36,75,75),
(36,224,71),
(36,99,68),
(36,7,101),
(36,89,95),
(36,261,91),
(36,78,72),
(36,177,101),
(36,221,78),
(36,225,66),
(37,87,69),
(37,271,80),
(37,22,65),
(37,6,58),
(37,179,54),
(37,217,70),
(37,241,50),
(37,14,73),
(37,52,59),
(37,247,57),
(38,174,95),
(38,133,64),
(38,152,91),
(38,218,70),
(38,190,83),
(38,38,63),
(38,40,81),
(38,284,51),
(38,36,79),
(38,210,78),
(39,242,89),
(39,268,76),
(39,214,80),
(39,10,53),
(39,76,82),
(39,60,57),
(39,244,64),
(39,188,89),
(39,148,78),
(39,22,86),
(40,29,67),
(40,296,60),
(40,114,100),
(40,99,52),
(40,131,77),
(40,228,54),
(40,78,84),
(40,232,78),
(40,282,77),
(40,142,52),
(41,238,95),
(41,159,74),
(41,57,54),
(41,232,92),
(41,103,62),
(41,298,75),
(41,249,54),
(41,129,92),
(41,240,70),
(41,84,101),
(42,77,55),
(42,78,53),
(42,137,66),
(42,255,72),
(42,232,68),
(42,52,95),
(42,18,90),
(42,54,63),
(42,100,54),
(42,247,59),
(43,123,86),
(43,229,85),
(43,173,63),
(43,143,94),
(43,80,52),
(43,300,86),
(43,254,59),
(43,168,88),
(43,34,72),
(43,101,65),
(44,208,91),
(44,116,75),
(44,110,88),
(44,61,68),
(44,180,80),
(44,192,91),
(44,85,91),
(44,62,57),
(44,114,56),
(44,179,61),
(45,207,75),
(45,63,59),
(45,270,71),
(45,235,68),
(45,159,82),
(45,92,68),
(45,164,75),
(45,77,72),
(45,166,85),
(45,128,59),
(46,275,81),
(46,26,53),
(46,111,70),
(46,210,56),
(46,55,99),
(46,68,58),
(46,118,84),
(46,217,99),
(46,230,87),
(46,117,71),
(47,176,75),
(47,267,97),
(47,275,100),
(47,79,56),
(47,160,91),
(47,228,67),
(47,253,80),
(47,219,50),
(47,174,93),
(47,34,92),
(48,261,55),
(48,84,63),
(48,229,84),
(48,212,58),
(48,253,66),
(48,267,67),
(48,127,86),
(48,175,91),
(48,143,80),
(48,247,84),
(49,33,88),
(49,160,65),
(49,277,64),
(49,232,62),
(49,90,101),
(49,206,71),
(49,133,99),
(49,48,87),
(49,164,55),
(49,118,58),
(50,51,93),
(50,251,71),
(50,122,58),
(50,162,92),
(50,204,84),
(50,181,65),
(50,66,88),
(50,232,99),
(50,6,99),
(50,57,87);

INSERT INTO Distributes (venid,invenid) VALUES (128,50);
INSERT INTO Distributes (venid,invenid) VALUES (80,16);
INSERT INTO Distributes (venid,invenid) VALUES (53,19);
INSERT INTO Distributes (venid,invenid) VALUES (33,19);
INSERT INTO Distributes (venid,invenid) VALUES (83,4);
INSERT INTO Distributes (venid,invenid) VALUES (141,16);
INSERT INTO Distributes (venid,invenid) VALUES (105,39);
INSERT INTO Distributes (venid,invenid) VALUES (140,49);
INSERT INTO Distributes (venid,invenid) VALUES (40,34);
INSERT INTO Distributes (venid,invenid) VALUES (149,27);
INSERT INTO Distributes (venid,invenid) VALUES (40,15);
INSERT INTO Distributes (venid,invenid) VALUES (33,29);
INSERT INTO Distributes (venid,invenid) VALUES (21,38);
INSERT INTO Distributes (venid,invenid) VALUES (139,47);
INSERT INTO Distributes (venid,invenid) VALUES (34,24);
INSERT INTO Distributes (venid,invenid) VALUES (132,6);
INSERT INTO Distributes (venid,invenid) VALUES (44,38);
INSERT INTO Distributes (venid,invenid) VALUES (58,44);
INSERT INTO Distributes (venid,invenid) VALUES (46,42);
INSERT INTO Distributes (venid,invenid) VALUES (101,44);
INSERT INTO Distributes (venid,invenid) VALUES (121,26);
INSERT INTO Distributes (venid,invenid) VALUES (142,30);
INSERT INTO Distributes (venid,invenid) VALUES (131,33);
INSERT INTO Distributes (venid,invenid) VALUES (97,12);
INSERT INTO Distributes (venid,invenid) VALUES (64,45);
INSERT INTO Distributes (venid,invenid) VALUES (100,23);
INSERT INTO Distributes (venid,invenid) VALUES (83,7);
INSERT INTO Distributes (venid,invenid) VALUES (111,50);
INSERT INTO Distributes (venid,invenid) VALUES (116,9);
INSERT INTO Distributes (venid,invenid) VALUES (119,7);
INSERT INTO Distributes (venid,invenid) VALUES (46,17);
INSERT INTO Distributes (venid,invenid) VALUES (86,22);
INSERT INTO Distributes (venid,invenid) VALUES (122,32);
INSERT INTO Distributes (venid,invenid) VALUES (38,49);
INSERT INTO Distributes (venid,invenid) VALUES (128,28);
INSERT INTO Distributes (venid,invenid) VALUES (78,24);
INSERT INTO Distributes (venid,invenid) VALUES (59,46);
INSERT INTO Distributes (venid,invenid) VALUES (107,42);
INSERT INTO Distributes (venid,invenid) VALUES (16,25);
INSERT INTO Distributes (venid,invenid) VALUES (50,16);
INSERT INTO Distributes (venid,invenid) VALUES (87,40);
INSERT INTO Distributes (venid,invenid) VALUES (22,29);
INSERT INTO Distributes (venid,invenid) VALUES (143,15);
INSERT INTO Distributes (venid,invenid) VALUES (14,28);
INSERT INTO Distributes (venid,invenid) VALUES (70,36);
INSERT INTO Distributes (venid,invenid) VALUES (40,45);
INSERT INTO Distributes (venid,invenid) VALUES (89,21);
INSERT INTO Distributes (venid,invenid) VALUES (20,9);
INSERT INTO Distributes (venid,invenid) VALUES (105,9);
INSERT INTO Distributes (venid,invenid) VALUES (74,47);
INSERT INTO Distributes (venid,invenid) VALUES (109,19);
INSERT INTO Distributes (venid,invenid) VALUES (150,31);
INSERT INTO Distributes (venid,invenid) VALUES (87,7);
INSERT INTO Distributes (venid,invenid) VALUES (100,20);
INSERT INTO Distributes (venid,invenid) VALUES (123,26);
INSERT INTO Distributes (venid,invenid) VALUES (67,19);
INSERT INTO Distributes (venid,invenid) VALUES (7,47);
INSERT INTO Distributes (venid,invenid) VALUES (62,22);
INSERT INTO Distributes (venid,invenid) VALUES (65,12);
INSERT INTO Distributes (venid,invenid) VALUES (125,43);
INSERT INTO Distributes (venid,invenid) VALUES (95,30);
INSERT INTO Distributes (venid,invenid) VALUES (11,49);
INSERT INTO Distributes (venid,invenid) VALUES (102,20);
INSERT INTO Distributes (venid,invenid) VALUES (52,2);
INSERT INTO Distributes (venid,invenid) VALUES (43,18);
INSERT INTO Distributes (venid,invenid) VALUES (111,3);
INSERT INTO Distributes (venid,invenid) VALUES (123,20);
INSERT INTO Distributes (venid,invenid) VALUES (50,39);
INSERT INTO Distributes (venid,invenid) VALUES (61,32);
INSERT INTO Distributes (venid,invenid) VALUES (71,15);
INSERT INTO Distributes (venid,invenid) VALUES (100,12);
INSERT INTO Distributes (venid,invenid) VALUES (38,45);
INSERT INTO Distributes (venid,invenid) VALUES (139,34);
INSERT INTO Distributes (venid,invenid) VALUES (82,40);
INSERT INTO Distributes (venid,invenid) VALUES (14,22);
INSERT INTO Distributes (venid,invenid) VALUES (19,4);
INSERT INTO Distributes (venid,invenid) VALUES (106,27);
INSERT INTO Distributes (venid,invenid) VALUES (122,18);
INSERT INTO Distributes (venid,invenid) VALUES (65,45);
INSERT INTO Distributes (venid,invenid) VALUES (121,19);
INSERT INTO Distributes (venid,invenid) VALUES (58,27);
INSERT INTO Distributes (venid,invenid) VALUES (27,42);
INSERT INTO Distributes (venid,invenid) VALUES (19,32);
INSERT INTO Distributes (venid,invenid) VALUES (4,23);
INSERT INTO Distributes (venid,invenid) VALUES (115,28);
INSERT INTO Distributes (venid,invenid) VALUES (119,13);
INSERT INTO Distributes (venid,invenid) VALUES (123,1);
INSERT INTO Distributes (venid,invenid) VALUES (8,24);
INSERT INTO Distributes (venid,invenid) VALUES (74,43);
INSERT INTO Distributes (venid,invenid) VALUES (49,16);
INSERT INTO Distributes (venid,invenid) VALUES (58,10);
INSERT INTO Distributes (venid,invenid) VALUES (3,6);
INSERT INTO Distributes (venid,invenid) VALUES (15,9);
INSERT INTO Distributes (venid,invenid) VALUES (103,47);
INSERT INTO Distributes (venid,invenid) VALUES (40,47);
INSERT INTO Distributes (venid,invenid) VALUES (21,14);
INSERT INTO Distributes (venid,invenid) VALUES (22,45);
INSERT INTO Distributes (venid,invenid) VALUES (119,6);
INSERT INTO Distributes (venid,invenid) VALUES (129,39);
INSERT INTO Distributes (venid,invenid) VALUES (120,41);
INSERT INTO Distributes (venid,invenid) VALUES (14,5);
INSERT INTO Distributes (venid,invenid) VALUES (96,32);
INSERT INTO Distributes (venid,invenid) VALUES (101,7);
INSERT INTO Distributes (venid,invenid) VALUES (100,39);
INSERT INTO Distributes (venid,invenid) VALUES (145,9);
INSERT INTO Distributes (venid,invenid) VALUES (124,39);
INSERT INTO Distributes (venid,invenid) VALUES (99,13);
INSERT INTO Distributes (venid,invenid) VALUES (64,20);
INSERT INTO Distributes (venid,invenid) VALUES (68,28);
INSERT INTO Distributes (venid,invenid) VALUES (61,27);
INSERT INTO Distributes (venid,invenid) VALUES (107,21);
INSERT INTO Distributes (venid,invenid) VALUES (78,26);
INSERT INTO Distributes (venid,invenid) VALUES (100,21);
INSERT INTO Distributes (venid,invenid) VALUES (50,37);
INSERT INTO Distributes (venid,invenid) VALUES (36,46);
INSERT INTO Distributes (venid,invenid) VALUES (90,8);
INSERT INTO Distributes (venid,invenid) VALUES (148,27);
INSERT INTO Distributes (venid,invenid) VALUES (41,14);
INSERT INTO Distributes (venid,invenid) VALUES (129,2);
INSERT INTO Distributes (venid,invenid) VALUES (34,9);
INSERT INTO Distributes (venid,invenid) VALUES (76,2);
INSERT INTO Distributes (venid,invenid) VALUES (54,6);
INSERT INTO Distributes (venid,invenid) VALUES (107,15);
INSERT INTO Distributes (venid,invenid) VALUES (85,10);
INSERT INTO Distributes (venid,invenid) VALUES (143,10);
INSERT INTO Distributes (venid,invenid) VALUES (42,13);
INSERT INTO Distributes (venid,invenid) VALUES (145,6);
INSERT INTO Distributes (venid,invenid) VALUES (38,50);
INSERT INTO Distributes (venid,invenid) VALUES (98,38);
INSERT INTO Distributes (venid,invenid) VALUES (44,11);
INSERT INTO Distributes (venid,invenid) VALUES (12,46);
INSERT INTO Distributes (venid,invenid) VALUES (110,28);
INSERT INTO Distributes (venid,invenid) VALUES (142,15);
INSERT INTO Distributes (venid,invenid) VALUES (138,11);
INSERT INTO Distributes (venid,invenid) VALUES (25,25);
INSERT INTO Distributes (venid,invenid) VALUES (96,44);
INSERT INTO Distributes (venid,invenid) VALUES (77,11);
INSERT INTO Distributes (venid,invenid) VALUES (34,8);
INSERT INTO Distributes (venid,invenid) VALUES (133,45);
INSERT INTO Distributes (venid,invenid) VALUES (104,43);
INSERT INTO Distributes (venid,invenid) VALUES (29,23);
INSERT INTO Distributes (venid,invenid) VALUES (111,10);
INSERT INTO Distributes (venid,invenid) VALUES (12,39);
INSERT INTO Distributes (venid,invenid) VALUES (80,47);
INSERT INTO Distributes (venid,invenid) VALUES (91,42);
INSERT INTO Distributes (venid,invenid) VALUES (113,19);
INSERT INTO Distributes (venid,invenid) VALUES (20,31);
INSERT INTO Distributes (venid,invenid) VALUES (30,41);
INSERT INTO Distributes (venid,invenid) VALUES (118,16);
INSERT INTO Distributes (venid,invenid) VALUES (100,14);
INSERT INTO Distributes (venid,invenid) VALUES (131,25);
INSERT INTO Distributes (venid,invenid) VALUES (133,22);
INSERT INTO Distributes (venid,invenid) VALUES (73,15);
INSERT INTO Distributes (venid,invenid) VALUES (115,37);
INSERT INTO Distributes (venid,invenid) VALUES (19,37);
INSERT INTO Distributes (venid,invenid) VALUES (94,31);
INSERT INTO Distributes (venid,invenid) VALUES (35,41);
INSERT INTO Distributes (venid,invenid) VALUES (22,3);
INSERT INTO Distributes (venid,invenid) VALUES (140,48);
INSERT INTO Distributes (venid,invenid) VALUES (68,2);
INSERT INTO Distributes (venid,invenid) VALUES (125,19);
INSERT INTO Distributes (venid,invenid) VALUES (4,16);
INSERT INTO Distributes (venid,invenid) VALUES (90,34);
INSERT INTO Distributes (venid,invenid) VALUES (106,7);
INSERT INTO Distributes (venid,invenid) VALUES (83,40);
INSERT INTO Distributes (venid,invenid) VALUES (11,40);
INSERT INTO Distributes (venid,invenid) VALUES (67,23);
INSERT INTO Distributes (venid,invenid) VALUES (50,31);
INSERT INTO Distributes (venid,invenid) VALUES (141,46);
INSERT INTO Distributes (venid,invenid) VALUES (68,33);
INSERT INTO Distributes (venid,invenid) VALUES (16,44);
INSERT INTO Distributes (venid,invenid) VALUES (63,42);
INSERT INTO Distributes (venid,invenid) VALUES (8,36);
INSERT INTO Distributes (venid,invenid) VALUES (50,17);
INSERT INTO Distributes (venid,invenid) VALUES (65,34);
INSERT INTO Distributes (venid,invenid) VALUES (62,38);
INSERT INTO Distributes (venid,invenid) VALUES (126,30);
INSERT INTO Distributes (venid,invenid) VALUES (7,31);
INSERT INTO Distributes (venid,invenid) VALUES (144,1);
INSERT INTO Distributes (venid,invenid) VALUES (141,2);
INSERT INTO Distributes (venid,invenid) VALUES (54,13);
INSERT INTO Distributes (venid,invenid) VALUES (46,10);
INSERT INTO Distributes (venid,invenid) VALUES (75,17);
INSERT INTO Distributes (venid,invenid) VALUES (146,11);
INSERT INTO Distributes (venid,invenid) VALUES (97,14);
INSERT INTO Distributes (venid,invenid) VALUES (56,27);
INSERT INTO Distributes (venid,invenid) VALUES (131,24);
INSERT INTO Distributes (venid,invenid) VALUES (75,24);
INSERT INTO Distributes (venid,invenid) VALUES (44,20);
INSERT INTO Distributes (venid,invenid) VALUES (123,25);
INSERT INTO Distributes (venid,invenid) VALUES (85,6);
INSERT INTO Distributes (venid,invenid) VALUES (24,4);
INSERT INTO Distributes (venid,invenid) VALUES (69,7);
INSERT INTO Distributes (venid,invenid) VALUES (40,28);
INSERT INTO Distributes (venid,invenid) VALUES (83,10);
INSERT INTO Distributes (venid,invenid) VALUES (52,30);
INSERT INTO Distributes (venid,invenid) VALUES (7,37);
INSERT INTO Distributes (venid,invenid) VALUES (40,2);
INSERT INTO Distributes (venid,invenid) VALUES (82,13);
INSERT INTO Distributes (venid,invenid) VALUES (38,31);
INSERT INTO Distributes (venid,invenid) VALUES (130,21);
INSERT INTO Distributes (venid,invenid) VALUES (58,47);
INSERT INTO Distributes (venid,invenid) VALUES (38,36);
INSERT INTO Distributes (venid,invenid) VALUES (107,19);
INSERT INTO Distributes (venid,invenid) VALUES (26,11);
INSERT INTO Distributes (venid,invenid) VALUES (53,38);
INSERT INTO Distributes (venid,invenid) VALUES (111,7);
INSERT INTO Distributes (venid,invenid) VALUES (30,23);
INSERT INTO Distributes (venid,invenid) VALUES (1,50);
INSERT INTO Distributes (venid,invenid) VALUES (143,25);
INSERT INTO Distributes (venid,invenid) VALUES (57,28);
INSERT INTO Distributes (venid,invenid) VALUES (150,18);
INSERT INTO Distributes (venid,invenid) VALUES (18,47);
INSERT INTO Distributes (venid,invenid) VALUES (139,11);
INSERT INTO Distributes (venid,invenid) VALUES (120,36);
INSERT INTO Distributes (venid,invenid) VALUES (24,37);
INSERT INTO Distributes (venid,invenid) VALUES (20,15);
INSERT INTO Distributes (venid,invenid) VALUES (99,25);
INSERT INTO Distributes (venid,invenid) VALUES (58,1);
INSERT INTO Distributes (venid,invenid) VALUES (83,34);
INSERT INTO Distributes (venid,invenid) VALUES (30,33);
INSERT INTO Distributes (venid,invenid) VALUES (82,10);
INSERT INTO Distributes (venid,invenid) VALUES (53,5);
INSERT INTO Distributes (venid,invenid) VALUES (28,32);
INSERT INTO Distributes (venid,invenid) VALUES (74,36);
INSERT INTO Distributes (venid,invenid) VALUES (66,12);
INSERT INTO Distributes (venid,invenid) VALUES (13,25);
INSERT INTO Distributes (venid,invenid) VALUES (116,50);
INSERT INTO Distributes (venid,invenid) VALUES (143,16);
INSERT INTO Distributes (venid,invenid) VALUES (93,46);
INSERT INTO Distributes (venid,invenid) VALUES (76,10);
INSERT INTO Distributes (venid,invenid) VALUES (143,9);
INSERT INTO Distributes (venid,invenid) VALUES (125,25);
INSERT INTO Distributes (venid,invenid) VALUES (53,18);
INSERT INTO Distributes (venid,invenid) VALUES (60,36);
INSERT INTO Distributes (venid,invenid) VALUES (55,9);
INSERT INTO Distributes (venid,invenid) VALUES (97,5);
INSERT INTO Distributes (venid,invenid) VALUES (122,24);
INSERT INTO Distributes (venid,invenid) VALUES (9,1);
INSERT INTO Distributes (venid,invenid) VALUES (136,39);
INSERT INTO Distributes (venid,invenid) VALUES (120,45);
INSERT INTO Distributes (venid,invenid) VALUES (64,38);
INSERT INTO Distributes (venid,invenid) VALUES (146,32);
INSERT INTO Distributes (venid,invenid) VALUES (122,39);
INSERT INTO Distributes (venid,invenid) VALUES (52,24);
INSERT INTO Distributes (venid,invenid) VALUES (39,46);
INSERT INTO Distributes (venid,invenid) VALUES (113,48);
INSERT INTO Distributes (venid,invenid) VALUES (53,27);
INSERT INTO Distributes (venid,invenid) VALUES (109,28);
INSERT INTO Distributes (venid,invenid) VALUES (73,44);
INSERT INTO Distributes (venid,invenid) VALUES (90,14);
INSERT INTO Distributes (venid,invenid) VALUES (49,32);
INSERT INTO Distributes (venid,invenid) VALUES (95,44);
INSERT INTO Distributes (venid,invenid) VALUES (25,5);
INSERT INTO Distributes (venid,invenid) VALUES (90,50);
INSERT INTO Distributes (venid,invenid) VALUES (11,18);
INSERT INTO Distributes (venid,invenid) VALUES (120,28);
INSERT INTO Distributes (venid,invenid) VALUES (8,31);
INSERT INTO Distributes (venid,invenid) VALUES (61,19);
INSERT INTO Distributes (venid,invenid) VALUES (134,20);
INSERT INTO Distributes (venid,invenid) VALUES (105,20);
INSERT INTO Distributes (venid,invenid) VALUES (147,4);
INSERT INTO Distributes (venid,invenid) VALUES (84,22);
INSERT INTO Distributes (venid,invenid) VALUES (141,45);
INSERT INTO Distributes (venid,invenid) VALUES (147,37);
INSERT INTO Distributes (venid,invenid) VALUES (39,28);
INSERT INTO Distributes (venid,invenid) VALUES (83,25);
INSERT INTO Distributes (venid,invenid) VALUES (34,27);
INSERT INTO Distributes (venid,invenid) VALUES (58,32);
INSERT INTO Distributes (venid,invenid) VALUES (101,30);
INSERT INTO Distributes (venid,invenid) VALUES (57,34);
INSERT INTO Distributes (venid,invenid) VALUES (141,42);
INSERT INTO Distributes (venid,invenid) VALUES (122,27);
INSERT INTO Distributes (venid,invenid) VALUES (21,37);
INSERT INTO Distributes (venid,invenid) VALUES (8,41);
INSERT INTO Distributes (venid,invenid) VALUES (129,6);
INSERT INTO Distributes (venid,invenid) VALUES (130,33);
INSERT INTO Distributes (venid,invenid) VALUES (59,11);
INSERT INTO Distributes (venid,invenid) VALUES (20,48);
INSERT INTO Distributes (venid,invenid) VALUES (134,18);
INSERT INTO Distributes (venid,invenid) VALUES (46,8);
INSERT INTO Distributes (venid,invenid) VALUES (76,27);
INSERT INTO Distributes (venid,invenid) VALUES (76,48);
INSERT INTO Distributes (venid,invenid) VALUES (71,49);
INSERT INTO Distributes (venid,invenid) VALUES (127,17);
INSERT INTO Distributes (venid,invenid) VALUES (83,33);
INSERT INTO Distributes (venid,invenid) VALUES (54,29);
INSERT INTO Distributes (venid,invenid) VALUES (32,44);
INSERT INTO Distributes (venid,invenid) VALUES (88,7);
INSERT INTO Distributes (venid,invenid) VALUES (110,27);
INSERT INTO Distributes (venid,invenid) VALUES (56,42);
INSERT INTO Distributes (venid,invenid) VALUES (110,9);
INSERT INTO Distributes (venid,invenid) VALUES (30,48);
INSERT INTO Distributes (venid,invenid) VALUES (142,31);
INSERT INTO Distributes (venid,invenid) VALUES (6,21);
INSERT INTO Distributes (venid,invenid) VALUES (99,2);
INSERT INTO Distributes (venid,invenid) VALUES (10,41);
INSERT INTO Distributes (venid,invenid) VALUES (142,29);
INSERT INTO Distributes (venid,invenid) VALUES (149,35);
INSERT INTO Distributes (venid,invenid) VALUES (120,47);
INSERT INTO Distributes (venid,invenid) VALUES (33,39);
INSERT INTO Distributes (venid,invenid) VALUES (72,17);
INSERT INTO Distributes (venid,invenid) VALUES (93,15);
INSERT INTO Distributes (venid,invenid) VALUES (48,24);
INSERT INTO Distributes (venid,invenid) VALUES (38,41);
INSERT INTO Distributes (venid,invenid) VALUES (117,4);
INSERT INTO Distributes (venid,invenid) VALUES (7,39);
INSERT INTO Distributes (venid,invenid) VALUES (98,21);
INSERT INTO Distributes (venid,invenid) VALUES (81,18);
INSERT INTO Distributes (venid,invenid) VALUES (115,32);
INSERT INTO Distributes (venid,invenid) VALUES (35,20);
INSERT INTO Distributes (venid,invenid) VALUES (141,23);
INSERT INTO Distributes (venid,invenid) VALUES (49,44);
INSERT INTO Distributes (venid,invenid) VALUES (21,8);
INSERT INTO Distributes (venid,invenid) VALUES (61,33);
INSERT INTO Distributes (venid,invenid) VALUES (43,4);
INSERT INTO Distributes (venid,invenid) VALUES (89,43);
INSERT INTO Distributes (venid,invenid) VALUES (50,12);
INSERT INTO Distributes (venid,invenid) VALUES (52,48);
INSERT INTO Distributes (venid,invenid) VALUES (112,37);
INSERT INTO Distributes (venid,invenid) VALUES (137,6);
INSERT INTO Distributes (venid,invenid) VALUES (103,41);
INSERT INTO Distributes (venid,invenid) VALUES (49,34);
INSERT INTO Distributes (venid,invenid) VALUES (22,20);
INSERT INTO Distributes (venid,invenid) VALUES (58,17);
INSERT INTO Distributes (venid,invenid) VALUES (104,45);
INSERT INTO Distributes (venid,invenid) VALUES (83,26);
INSERT INTO Distributes (venid,invenid) VALUES (111,45);
INSERT INTO Distributes (venid,invenid) VALUES (144,31);
INSERT INTO Distributes (venid,invenid) VALUES (10,45);
INSERT INTO Distributes (venid,invenid) VALUES (114,28);
INSERT INTO Distributes (venid,invenid) VALUES (27,21);
INSERT INTO Distributes (venid,invenid) VALUES (21,30);
INSERT INTO Distributes (venid,invenid) VALUES (12,47);
INSERT INTO Distributes (venid,invenid) VALUES (69,10);
INSERT INTO Distributes (venid,invenid) VALUES (29,49);
INSERT INTO Distributes (venid,invenid) VALUES (16,17);
INSERT INTO Distributes (venid,invenid) VALUES (81,12);
INSERT INTO Distributes (venid,invenid) VALUES (41,4);
INSERT INTO Distributes (venid,invenid) VALUES (87,19);
INSERT INTO Distributes (venid,invenid) VALUES (18,46);
INSERT INTO Distributes (venid,invenid) VALUES (122,6);
INSERT INTO Distributes (venid,invenid) VALUES (115,16);
INSERT INTO Distributes (venid,invenid) VALUES (81,3);
INSERT INTO Distributes (venid,invenid) VALUES (89,39);
INSERT INTO Distributes (venid,invenid) VALUES (12,3);
INSERT INTO Distributes (venid,invenid) VALUES (11,16);
INSERT INTO Distributes (venid,invenid) VALUES (5,46);
INSERT INTO Distributes (venid,invenid) VALUES (14,35);
INSERT INTO Distributes (venid,invenid) VALUES (142,25);
INSERT INTO Distributes (venid,invenid) VALUES (50,6);
INSERT INTO Distributes (venid,invenid) VALUES (66,6);
INSERT INTO Distributes (venid,invenid) VALUES (46,24);
INSERT INTO Distributes (venid,invenid) VALUES (110,32);
INSERT INTO Distributes (venid,invenid) VALUES (124,26);
INSERT INTO Distributes (venid,invenid) VALUES (136,18);
INSERT INTO Distributes (venid,invenid) VALUES (117,12);
INSERT INTO Distributes (venid,invenid) VALUES (68,27);
INSERT INTO Distributes (venid,invenid) VALUES (132,47);
INSERT INTO Distributes (venid,invenid) VALUES (56,20);
INSERT INTO Distributes (venid,invenid) VALUES (76,28);
INSERT INTO Distributes (venid,invenid) VALUES (127,15);
INSERT INTO Distributes (venid,invenid) VALUES (109,43);
INSERT INTO Distributes (venid,invenid) VALUES (1,24);
INSERT INTO Distributes (venid,invenid) VALUES (109,36);
INSERT INTO Distributes (venid,invenid) VALUES (108,24);
INSERT INTO Distributes (venid,invenid) VALUES (136,20);
INSERT INTO Distributes (venid,invenid) VALUES (142,9);
INSERT INTO Distributes (venid,invenid) VALUES (2,13);
INSERT INTO Distributes (venid,invenid) VALUES (145,11);
INSERT INTO Distributes (venid,invenid) VALUES (9,23);
INSERT INTO Distributes (venid,invenid) VALUES (83,23);
INSERT INTO Distributes (venid,invenid) VALUES (90,29);
INSERT INTO Distributes (venid,invenid) VALUES (2,46);
INSERT INTO Distributes (venid,invenid) VALUES (74,35);
INSERT INTO Distributes (venid,invenid) VALUES (124,10);
INSERT INTO Distributes (venid,invenid) VALUES (34,38);
INSERT INTO Distributes (venid,invenid) VALUES (134,40);
INSERT INTO Distributes (venid,invenid) VALUES (129,1);
INSERT INTO Distributes (venid,invenid) VALUES (57,29);
INSERT INTO Distributes (venid,invenid) VALUES (33,22);
INSERT INTO Distributes (venid,invenid) VALUES (49,3);
INSERT INTO Distributes (venid,invenid) VALUES (54,4);
INSERT INTO Distributes (venid,invenid) VALUES (23,5);
INSERT INTO Distributes (venid,invenid) VALUES (22,19);
INSERT INTO Distributes (venid,invenid) VALUES (73,13);
INSERT INTO Distributes (venid,invenid) VALUES (141,24);
INSERT INTO Distributes (venid,invenid) VALUES (66,36);
INSERT INTO Distributes (venid,invenid) VALUES (144,48);
INSERT INTO Distributes (venid,invenid) VALUES (79,35);
INSERT INTO Distributes (venid,invenid) VALUES (22,49);
INSERT INTO Distributes (venid,invenid) VALUES (130,46);
INSERT INTO Distributes (venid,invenid) VALUES (95,19);
INSERT INTO Distributes (venid,invenid) VALUES (129,3);
INSERT INTO Distributes (venid,invenid) VALUES (42,20);
INSERT INTO Distributes (venid,invenid) VALUES (95,25);
INSERT INTO Distributes (venid,invenid) VALUES (32,9);
INSERT INTO Distributes (venid,invenid) VALUES (61,5);
INSERT INTO Distributes (venid,invenid) VALUES (77,2);
INSERT INTO Distributes (venid,invenid) VALUES (103,14);
INSERT INTO Distributes (venid,invenid) VALUES (122,38);
INSERT INTO Distributes (venid,invenid) VALUES (92,4);
INSERT INTO Distributes (venid,invenid) VALUES (150,37);
INSERT INTO Distributes (venid,invenid) VALUES (108,39);
INSERT INTO Distributes (venid,invenid) VALUES (51,26);
INSERT INTO Distributes (venid,invenid) VALUES (41,30);
INSERT INTO Distributes (venid,invenid) VALUES (98,32);
INSERT INTO Distributes (venid,invenid) VALUES (85,21);
INSERT INTO Distributes (venid,invenid) VALUES (72,13);
INSERT INTO Distributes (venid,invenid) VALUES (138,49);
INSERT INTO Distributes (venid,invenid) VALUES (76,46);
INSERT INTO Distributes (venid,invenid) VALUES (106,5);
INSERT INTO Distributes (venid,invenid) VALUES (76,43);
INSERT INTO Distributes (venid,invenid) VALUES (103,38);
INSERT INTO Distributes (venid,invenid) VALUES (80,48);
INSERT INTO Distributes (venid,invenid) VALUES (115,35);
INSERT INTO Distributes (venid,invenid) VALUES (64,43);
INSERT INTO Distributes (venid,invenid) VALUES (25,12);
INSERT INTO Distributes (venid,invenid) VALUES (75,9);
INSERT INTO Distributes (venid,invenid) VALUES (83,18);
INSERT INTO Distributes (venid,invenid) VALUES (128,42);
INSERT INTO Distributes (venid,invenid) VALUES (57,47);
INSERT INTO Distributes (venid,invenid) VALUES (39,13);
INSERT INTO Distributes (venid,invenid) VALUES (8,33);
INSERT INTO Distributes (venid,invenid) VALUES (143,39);
INSERT INTO Distributes (venid,invenid) VALUES (13,18);
INSERT INTO Distributes (venid,invenid) VALUES (53,14);
INSERT INTO Distributes (venid,invenid) VALUES (93,42);
INSERT INTO Distributes (venid,invenid) VALUES (5,30);
INSERT INTO Distributes (venid,invenid) VALUES (25,22);
INSERT INTO Distributes (venid,invenid) VALUES (12,23);
INSERT INTO Distributes (venid,invenid) VALUES (147,43);
INSERT INTO Distributes (venid,invenid) VALUES (131,13);
INSERT INTO Distributes (venid,invenid) VALUES (13,21);
INSERT INTO Distributes (venid,invenid) VALUES (114,40);
INSERT INTO Distributes (venid,invenid) VALUES (45,39);
INSERT INTO Distributes (venid,invenid) VALUES (87,43);
INSERT INTO Distributes (venid,invenid) VALUES (75,28);
INSERT INTO Distributes (venid,invenid) VALUES (128,49);
INSERT INTO Distributes (venid,invenid) VALUES (34,34);
INSERT INTO Distributes (venid,invenid) VALUES (85,1);
INSERT INTO Distributes (venid,invenid) VALUES (139,50);
INSERT INTO Distributes (venid,invenid) VALUES (6,36);
INSERT INTO Distributes (venid,invenid) VALUES (19,36);
INSERT INTO Distributes (venid,invenid) VALUES (111,16);
INSERT INTO Distributes (venid,invenid) VALUES (34,49);
INSERT INTO Distributes (venid,invenid) VALUES (85,49);
INSERT INTO Distributes (venid,invenid) VALUES (72,36);
INSERT INTO Distributes (venid,invenid) VALUES (143,38);
INSERT INTO Distributes (venid,invenid) VALUES (68,48);
INSERT INTO Distributes (venid,invenid) VALUES (132,19);
INSERT INTO Distributes (venid,invenid) VALUES (136,30);
INSERT INTO Distributes (venid,invenid) VALUES (17,20);
INSERT INTO Distributes (venid,invenid) VALUES (146,25);
INSERT INTO Distributes (venid,invenid) VALUES (85,38);
INSERT INTO Distributes (venid,invenid) VALUES (30,22);
INSERT INTO Distributes (venid,invenid) VALUES (44,14);
INSERT INTO Distributes (venid,invenid) VALUES (126,48);
INSERT INTO Distributes (venid,invenid) VALUES (128,3);
INSERT INTO Distributes (venid,invenid) VALUES (90,36);
INSERT INTO Distributes (venid,invenid) VALUES (37,19);
INSERT INTO Distributes (venid,invenid) VALUES (11,50);
INSERT INTO Distributes (venid,invenid) VALUES (48,13);
INSERT INTO Distributes (venid,invenid) VALUES (48,30);
INSERT INTO Distributes (venid,invenid) VALUES (62,1);
INSERT INTO Distributes (venid,invenid) VALUES (127,34);
INSERT INTO Distributes (venid,invenid) VALUES (4,15);
INSERT INTO Distributes (venid,invenid) VALUES (41,20);
INSERT INTO Distributes (venid,invenid) VALUES (147,3);
INSERT INTO Distributes (venid,invenid) VALUES (59,17);
INSERT INTO Distributes (venid,invenid) VALUES (46,41);
INSERT INTO Distributes (venid,invenid) VALUES (36,8);
INSERT INTO Distributes (venid,invenid) VALUES (9,41);
INSERT INTO Distributes (venid,invenid) VALUES (132,36);
INSERT INTO Distributes (venid,invenid) VALUES (134,15);
INSERT INTO Distributes (venid,invenid) VALUES (138,22);
INSERT INTO Distributes (venid,invenid) VALUES (144,40);
INSERT INTO Distributes (venid,invenid) VALUES (140,46);
INSERT INTO Distributes (venid,invenid) VALUES (85,9);
INSERT INTO Distributes (venid,invenid) VALUES (32,27);

INSERT INTO Invoice VALUES
(1,50,true,'2022-05-25','2022-05-25'),
(2,16,true,'2022-06-28','2022-06-28'),
(3,19,true,'2022-11-21','2022-11-21'),
(4,19,true,'2022-03-22','2022-03-22'),
(5,4,true,'2022-07-28','2022-07-28'),
(6,16,true,'2022-02-04','2022-02-04'),
(7,39,true,'2022-07-24','2022-07-24'),
(8,49,true,'2022-06-02','2022-06-02'),
(9,34,true,'2022-12-16','2022-12-16'),
(10,27,true,'2022-04-02','2022-04-02'),
(11,15,true,'2022-03-04','2022-03-04'),
(12,29,true,'2022-11-18','2022-11-18'),
(13,38,true,'2022-07-04','2022-07-04'),
(14,47,true,'2022-05-06','2022-05-06'),
(15,24,true,'2022-02-04','2022-02-04'),
(16,6,true,'2022-09-12','2022-09-12'),
(17,38,true,'2022-02-07','2022-02-07'),
(18,44,true,'2022-11-03','2022-11-03'),
(19,42,true,'2022-05-24','2022-05-24'),
(20,44,true,'2022-06-23','2022-06-23'),
(21,26,true,'2022-11-11','2022-11-11'),
(22,30,true,'2022-08-04','2022-08-04'),
(23,33,true,'2022-10-24','2022-10-24'),
(24,12,true,'2022-03-07','2022-03-07'),
(25,45,true,'2022-10-27','2022-10-27'),
(26,23,true,'2022-03-02','2022-03-02'),
(27,7,true,'2022-11-10','2022-11-10'),
(28,50,true,'2022-07-19','2022-07-19'),
(29,9,true,'2022-11-05','2022-11-05'),
(30,7,true,'2022-08-26','2022-08-26'),
(31,17,true,'2022-01-29','2022-01-29'),
(32,22,true,'2022-06-04','2022-06-04'),
(33,32,true,'2022-12-22','2022-12-22'),
(34,49,true,'2022-05-09','2022-05-09'),
(35,28,true,'2022-05-03','2022-05-03'),
(36,24,true,'2022-11-05','2022-11-05'),
(37,46,true,'2022-09-22','2022-09-22'),
(38,42,true,'2022-08-17','2022-08-17'),
(39,25,true,'2022-02-02','2022-02-02'),
(40,16,true,'2022-09-18','2022-09-18'),
(41,40,true,'2022-04-19','2022-04-19'),
(42,29,true,'2022-06-02','2022-06-02'),
(43,15,true,'2022-10-02','2022-10-02'),
(44,28,true,'2022-07-23','2022-07-23'),
(45,36,true,'2022-05-28','2022-05-28'),
(46,45,true,'2022-01-07','2022-01-07'),
(47,21,true,'2022-03-06','2022-03-06'),
(48,9,true,'2022-04-01','2022-04-01'),
(49,9,true,'2022-05-08','2022-05-08'),
(50,47,true,'2022-06-18','2022-06-18'),
(51,19,true,'2022-06-19','2022-06-19'),
(52,31,true,'2022-11-21','2022-11-21'),
(53,7,true,'2022-10-22','2022-10-22'),
(54,20,true,'2022-02-21','2022-02-21'),
(55,26,true,'2022-10-12','2022-10-12'),
(56,19,true,'2022-05-04','2022-05-04'),
(57,47,true,'2022-02-09','2022-02-09'),
(58,22,true,'2022-05-18','2022-05-18'),
(59,12,true,'2022-12-27','2022-12-27'),
(60,45,true,'2022-12-09','2022-12-09'),
(61,43,true,'2022-04-30','2022-04-30'),
(62,30,true,'2022-05-28','2022-05-28'),
(63,49,true,'2022-06-12','2022-06-12'),
(64,20,true,'2022-03-12','2022-03-12'),
(65,40,true,'2022-11-30','2022-11-30'),
(66,2,true,'2022-09-25','2022-09-25'),
(67,18,true,'2022-11-30','2022-11-30'),
(68,3,true,'2022-06-15','2022-06-15'),
(69,20,true,'2022-03-04','2022-03-04'),
(70,39,true,'2022-11-16','2022-11-16'),
(71,26,true,'2022-02-28','2022-02-28'),
(72,32,true,'2022-09-01','2022-09-01'),
(73,15,true,'2022-08-02','2022-08-02'),
(74,12,true,'2022-10-24','2022-10-24'),
(75,45,true,'2022-03-26','2022-03-26'),
(76,34,true,'2022-01-24','2022-01-24'),
(77,40,true,'2022-02-23','2022-02-23'),
(78,22,true,'2022-06-27','2022-06-27'),
(79,4,true,'2022-06-25','2022-06-25'),
(80,27,true,'2022-01-26','2022-01-26'),
(81,18,true,'2022-01-11','2022-01-11'),
(82,45,true,'2022-05-09','2022-05-09'),
(83,19,true,'2022-09-12','2022-09-12'),
(84,27,true,'2022-10-29','2022-10-29'),
(85,42,true,'2022-02-23','2022-02-23'),
(86,32,true,'2022-08-11','2022-08-11'),
(87,23,true,'2022-05-30','2022-05-30'),
(88,28,true,'2022-10-12','2022-10-12'),
(89,13,true,'2022-04-02','2022-04-02'),
(90,1,true,'2022-05-10','2022-05-10'),
(91,24,true,'2022-10-08','2022-10-08'),
(92,43,true,'2022-01-24','2022-01-24'),
(93,16,true,'2022-12-01','2022-12-01'),
(94,10,true,'2022-03-24','2022-03-24'),
(95,6,true,'2022-10-29','2022-10-29'),
(96,9,true,'2022-02-14','2022-02-14'),
(97,47,true,'2022-01-19','2022-01-19'),
(98,47,true,'2022-04-03','2022-04-03'),
(99,14,true,'2022-04-12','2022-04-12'),
(100,45,true,'2022-01-28','2022-01-28'),
(101,6,true,'2022-07-06','2022-07-06'),
(102,39,true,'2022-01-22','2022-01-22'),
(103,41,true,'2022-12-05','2022-12-05'),
(104,5,true,'2022-12-26','2022-12-26'),
(105,32,true,'2022-01-17','2022-01-17'),
(106,7,true,'2022-12-05','2022-12-05'),
(107,39,true,'2022-05-21','2022-05-21'),
(108,9,true,'2022-08-06','2022-08-06'),
(109,39,true,'2022-02-24','2022-02-24'),
(110,13,true,'2022-02-18','2022-02-18'),
(111,20,true,'2022-11-19','2022-11-19'),
(112,28,true,'2022-01-28','2022-01-28'),
(113,27,true,'2022-12-13','2022-12-13'),
(114,19,true,'2022-11-21','2022-11-21'),
(115,21,true,'2022-06-26','2022-06-26'),
(116,26,true,'2022-03-17','2022-03-17'),
(117,21,true,'2022-02-09','2022-02-09'),
(118,37,true,'2022-10-23','2022-10-23'),
(119,46,true,'2022-03-16','2022-03-16'),
(120,8,true,'2022-11-20','2022-11-20'),
(121,27,true,'2022-05-01','2022-05-01'),
(122,14,true,'2022-10-10','2022-10-10'),
(123,2,true,'2022-05-02','2022-05-02'),
(124,9,true,'2022-06-29','2022-06-29'),
(125,2,true,'2022-12-24','2022-12-24'),
(126,6,true,'2022-09-02','2022-09-02'),
(127,15,true,'2022-05-30','2022-05-30'),
(128,10,true,'2022-06-11','2022-06-11'),
(129,10,true,'2022-11-20','2022-11-20'),
(130,13,true,'2022-12-13','2022-12-13'),
(131,6,true,'2022-11-11','2022-11-11'),
(132,50,true,'2022-07-20','2022-07-20'),
(133,38,true,'2022-08-17','2022-08-17'),
(134,11,true,'2022-05-02','2022-05-02'),
(135,46,true,'2022-06-03','2022-06-03'),
(136,28,true,'2022-09-06','2022-09-06'),
(137,15,true,'2022-04-22','2022-04-22'),
(138,11,true,'2022-12-10','2022-12-10'),
(139,21,true,'2022-06-27','2022-06-27'),
(140,25,true,'2022-06-04','2022-06-04'),
(141,44,true,'2022-07-19','2022-07-19'),
(142,11,true,'2022-07-26','2022-07-26'),
(143,8,true,'2022-10-26','2022-10-26'),
(144,45,true,'2022-07-19','2022-07-19'),
(145,43,true,'2022-01-22','2022-01-22'),
(146,23,true,'2022-03-13','2022-03-13'),
(147,10,true,'2022-08-18','2022-08-18'),
(148,39,true,'2022-02-24','2022-02-24'),
(149,47,true,'2022-09-14','2022-09-14'),
(150,42,true,'2022-04-26','2022-04-26'),
(151,19,true,'2022-09-09','2022-09-09'),
(152,31,true,'2022-10-30','2022-10-30'),
(153,41,true,'2022-03-18','2022-03-18'),
(154,16,true,'2022-08-01','2022-08-01'),
(155,14,true,'2022-12-04','2022-12-04'),
(156,25,true,'2022-05-24','2022-05-24'),
(157,22,true,'2022-07-18','2022-07-18'),
(158,15,true,'2022-04-20','2022-04-20'),
(159,37,true,'2022-04-15','2022-04-15'),
(160,37,true,'2022-12-09','2022-12-09'),
(161,31,true,'2022-07-30','2022-07-30'),
(162,41,true,'2022-05-06','2022-05-06'),
(163,3,true,'2022-10-11','2022-10-11'),
(164,48,true,'2022-11-05','2022-11-05'),
(165,2,true,'2022-10-10','2022-10-10'),
(166,19,true,'2022-04-22','2022-04-22'),
(167,16,true,'2022-05-14','2022-05-14'),
(168,34,true,'2022-01-13','2022-01-13'),
(169,7,true,'2022-01-07','2022-01-07'),
(170,40,true,'2022-12-27','2022-12-27'),
(171,40,true,'2022-04-17','2022-04-17'),
(172,31,true,'2022-07-26','2022-07-26'),
(173,23,true,'2022-12-16','2022-12-16'),
(174,31,true,'2022-03-25','2022-03-25'),
(175,46,true,'2022-12-18','2022-12-18'),
(176,33,true,'2022-12-04','2022-12-04'),
(177,44,true,'2022-04-02','2022-04-02'),
(178,42,true,'2022-03-08','2022-03-08'),
(179,36,true,'2022-10-10','2022-10-10'),
(180,17,true,'2022-03-08','2022-03-08'),
(181,34,true,'2022-07-22','2022-07-22'),
(182,38,true,'2022-08-14','2022-08-14'),
(183,30,true,'2022-08-25','2022-08-25'),
(184,31,true,'2022-03-05','2022-03-05'),
(185,1,true,'2022-12-06','2022-12-06'),
(186,2,true,'2022-02-18','2022-02-18'),
(187,13,true,'2022-12-11','2022-12-11'),
(188,10,true,'2022-04-05','2022-04-05'),
(189,17,true,'2022-11-13','2022-11-13'),
(190,11,true,'2022-08-17','2022-08-17'),
(191,14,true,'2022-12-07','2022-12-07'),
(192,27,true,'2022-07-08','2022-07-08'),
(193,24,true,'2022-03-24','2022-03-24'),
(194,24,true,'2022-05-28','2022-05-28'),
(195,20,true,'2022-08-16','2022-08-16'),
(196,25,true,'2022-01-26','2022-01-26'),
(197,6,true,'2022-02-01','2022-02-01'),
(198,4,true,'2022-11-01','2022-11-01'),
(199,7,true,'2022-02-25','2022-02-25'),
(200,28,true,'2022-07-26','2022-07-26'),
(201,10,true,'2022-08-04','2022-08-04'),
(202,30,true,'2022-12-22','2022-12-22'),
(203,16,true,'2022-10-30','2022-10-30'),
(204,37,true,'2022-10-19','2022-10-19'),
(205,2,true,'2022-08-16','2022-08-16'),
(206,13,true,'2022-05-30','2022-05-30'),
(207,31,true,'2022-01-14','2022-01-14'),
(208,21,true,'2022-11-19','2022-11-19'),
(209,47,true,'2022-01-23','2022-01-23'),
(210,36,true,'2022-01-18','2022-01-18'),
(211,19,true,'2022-03-12','2022-03-12'),
(212,11,true,'2022-01-28','2022-01-28'),
(213,38,true,'2022-12-01','2022-12-01'),
(214,7,true,'2022-01-07','2022-01-07'),
(215,23,true,'2022-09-03','2022-09-03'),
(216,50,true,'2022-06-04','2022-06-04'),
(217,25,true,'2022-04-07','2022-04-07'),
(218,28,true,'2022-08-23','2022-08-23'),
(219,18,true,'2022-02-01','2022-02-01'),
(220,47,true,'2022-02-01','2022-02-01'),
(221,11,true,'2022-12-11','2022-12-11'),
(222,36,true,'2022-03-09','2022-03-09'),
(223,37,true,'2022-10-15','2022-10-15'),
(224,15,true,'2022-08-08','2022-08-08'),
(225,25,true,'2022-06-07','2022-06-07'),
(226,1,true,'2022-11-24','2022-11-24'),
(227,34,true,'2022-06-16','2022-06-16'),
(228,33,true,'2022-06-08','2022-06-08'),
(229,10,true,'2022-12-19','2022-12-19'),
(230,5,true,'2022-01-14','2022-01-14'),
(231,32,true,'2022-04-19','2022-04-19'),
(232,36,true,'2022-06-26','2022-06-26'),
(233,12,true,'2022-07-01','2022-07-01'),
(234,25,true,'2022-10-09','2022-10-09'),
(235,50,true,'2022-04-24','2022-04-24'),
(236,16,true,'2022-08-26','2022-08-26'),
(237,46,true,'2022-12-03','2022-12-03'),
(238,10,true,'2022-11-26','2022-11-26'),
(239,9,true,'2022-05-06','2022-05-06'),
(240,25,true,'2022-12-17','2022-12-17'),
(241,30,true,'2022-07-12','2022-07-12'),
(242,18,true,'2022-03-30','2022-03-30'),
(243,36,true,'2022-02-22','2022-02-22'),
(244,9,true,'2022-12-23','2022-12-23'),
(245,5,true,'2022-06-03','2022-06-03'),
(246,24,true,'2022-10-07','2022-10-07'),
(247,1,true,'2022-06-25','2022-06-25'),
(248,39,true,'2022-05-23','2022-05-23'),
(249,45,true,'2022-12-11','2022-12-11'),
(250,38,true,'2022-09-27','2022-09-27'),
(251,32,true,'2022-10-25','2022-10-25'),
(252,39,true,'2022-11-18','2022-11-18'),
(253,24,true,'2022-12-05','2022-12-05'),
(254,46,true,'2022-02-12','2022-02-12'),
(255,48,true,'2022-02-23','2022-02-23'),
(256,19,true,'2022-05-09','2022-05-09'),
(257,27,true,'2022-03-15','2022-03-15'),
(258,28,true,'2022-01-25','2022-01-25'),
(259,44,true,'2022-12-14','2022-12-14'),
(260,14,true,'2022-11-08','2022-11-08'),
(261,32,true,'2022-10-11','2022-10-11'),
(262,44,true,'2022-12-04','2022-12-04'),
(263,5,true,'2022-07-11','2022-07-11'),
(264,50,true,'2022-03-27','2022-03-27'),
(265,18,true,'2022-09-15','2022-09-15'),
(266,28,true,'2022-07-01','2022-07-01'),
(267,31,true,'2022-08-28','2022-08-28'),
(268,19,true,'2022-08-01','2022-08-01'),
(269,20,true,'2022-12-27','2022-12-27'),
(270,20,true,'2022-06-05','2022-06-05'),
(271,4,true,'2022-10-24','2022-10-24'),
(272,22,true,'2022-02-21','2022-02-21'),
(273,45,true,'2022-07-13','2022-07-13'),
(274,37,true,'2022-02-26','2022-02-26'),
(275,28,true,'2022-07-10','2022-07-10'),
(276,25,true,'2022-05-23','2022-05-23'),
(277,27,true,'2022-05-26','2022-05-26'),
(278,32,true,'2022-09-30','2022-09-30'),
(279,30,true,'2022-06-07','2022-06-07'),
(280,34,true,'2022-09-26','2022-09-26'),
(281,42,true,'2022-04-09','2022-04-09'),
(282,27,true,'2022-09-05','2022-09-05'),
(283,37,true,'2022-09-24','2022-09-24'),
(284,41,true,'2022-12-22','2022-12-22'),
(285,6,true,'2022-11-24','2022-11-24'),
(286,33,true,'2022-08-11','2022-08-11'),
(287,11,true,'2022-08-16','2022-08-16'),
(288,48,true,'2022-01-26','2022-01-26'),
(289,18,true,'2022-05-23','2022-05-23'),
(290,8,true,'2022-08-04','2022-08-04'),
(291,27,true,'2022-08-04','2022-08-04'),
(292,48,true,'2022-01-27','2022-01-27'),
(293,15,true,'2022-01-04','2022-01-04'),
(294,49,true,'2022-07-14','2022-07-14'),
(295,17,true,'2022-01-29','2022-01-29'),
(296,33,true,'2022-01-09','2022-01-09'),
(297,29,true,'2022-02-23','2022-02-23'),
(298,44,true,'2022-07-05','2022-07-05'),
(299,7,true,'2022-10-04','2022-10-04'),
(300,27,true,'2022-04-12','2022-04-12'),
(301,42,true,'2022-08-01','2022-08-01'),
(302,9,true,'2022-06-08','2022-06-08'),
(303,48,true,'2022-10-04','2022-10-04'),
(304,31,true,'2022-11-11','2022-11-11'),
(305,21,true,'2022-04-27','2022-04-27'),
(306,2,true,'2022-08-17','2022-08-17'),
(307,41,true,'2022-10-21','2022-10-21'),
(308,29,true,'2022-08-18','2022-08-18'),
(309,35,true,'2022-12-27','2022-12-27'),
(310,47,true,'2022-05-26','2022-05-26'),
(311,39,true,'2022-12-03','2022-12-03'),
(312,17,true,'2022-09-01','2022-09-01'),
(313,15,true,'2022-09-22','2022-09-22'),
(314,24,true,'2022-05-19','2022-05-19'),
(315,25,true,'2022-06-18','2022-06-18'),
(316,41,true,'2022-06-02','2022-06-02'),
(317,4,true,'2022-07-13','2022-07-13'),
(318,39,true,'2022-01-18','2022-01-18'),
(319,21,true,'2022-10-26','2022-10-26'),
(320,18,true,'2022-05-25','2022-05-25'),
(321,32,true,'2022-08-09','2022-08-09'),
(322,20,true,'2022-05-01','2022-05-01'),
(323,23,true,'2022-01-13','2022-01-13'),
(324,44,true,'2022-07-01','2022-07-01'),
(325,8,true,'2022-06-01','2022-06-01'),
(326,33,true,'2022-11-07','2022-11-07'),
(327,4,true,'2022-07-17','2022-07-17'),
(328,43,true,'2022-05-26','2022-05-26'),
(329,20,true,'2022-07-14','2022-07-14'),
(330,12,true,'2022-07-09','2022-07-09'),
(331,48,true,'2022-10-26','2022-10-26'),
(332,37,true,'2022-02-24','2022-02-24'),
(333,6,true,'2022-03-29','2022-03-29'),
(334,41,true,'2022-01-18','2022-01-18'),
(335,34,true,'2022-12-17','2022-12-17'),
(336,20,true,'2022-08-27','2022-08-27'),
(337,17,true,'2022-02-09','2022-02-09'),
(338,45,true,'2022-03-07','2022-03-07'),
(339,26,true,'2022-02-01','2022-02-01'),
(340,45,true,'2022-07-05','2022-07-05'),
(341,31,true,'2022-05-19','2022-05-19'),
(342,45,true,'2022-06-21','2022-06-21'),
(343,28,true,'2022-11-11','2022-11-11'),
(344,21,true,'2022-12-17','2022-12-17'),
(345,30,true,'2022-09-23','2022-09-23'),
(346,47,true,'2022-06-28','2022-06-28'),
(347,10,true,'2022-06-14','2022-06-14'),
(348,49,true,'2022-03-18','2022-03-18'),
(349,17,true,'2022-10-09','2022-10-09'),
(350,12,true,'2022-08-14','2022-08-14'),
(351,4,true,'2022-10-12','2022-10-12'),
(352,19,true,'2022-03-29','2022-03-29'),
(353,46,true,'2022-02-17','2022-02-17'),
(354,6,true,'2022-11-02','2022-11-02'),
(355,16,true,'2022-10-05','2022-10-05'),
(356,3,true,'2022-01-10','2022-01-10'),
(357,39,true,'2022-03-12','2022-03-12'),
(358,50,true,'2022-06-24','2022-06-24'),
(359,3,true,'2022-11-14','2022-11-14'),
(360,16,true,'2022-02-21','2022-02-21'),
(361,46,true,'2022-01-27','2022-01-27'),
(362,35,true,'2022-08-13','2022-08-13'),
(363,25,true,'2022-08-28','2022-08-28'),
(364,6,true,'2022-12-18','2022-12-18'),
(365,6,true,'2022-12-18','2022-12-18'),
(366,24,true,'2022-04-18','2022-04-18'),
(367,32,true,'2022-01-14','2022-01-14'),
(368,26,true,'2022-10-25','2022-10-25'),
(369,18,true,'2022-06-16','2022-06-16'),
(370,12,true,'2022-07-02','2022-07-02'),
(371,27,true,'2022-09-06','2022-09-06'),
(372,47,true,'2022-07-10','2022-07-10'),
(373,20,true,'2022-04-25','2022-04-25'),
(374,28,true,'2022-01-17','2022-01-17'),
(375,15,true,'2022-09-29','2022-09-29'),
(376,43,true,'2022-10-18','2022-10-18'),
(377,24,true,'2022-03-25','2022-03-25'),
(378,36,true,'2022-11-23','2022-11-23'),
(379,24,true,'2022-09-14','2022-09-14'),
(380,18,true,'2022-10-18','2022-10-18'),
(381,20,true,'2022-09-02','2022-09-02'),
(382,9,true,'2022-09-11','2022-09-11'),
(383,13,true,'2022-09-24','2022-09-24'),
(384,11,true,'2022-04-20','2022-04-20'),
(385,23,true,'2022-05-10','2022-05-10'),
(386,23,true,'2022-04-17','2022-04-17'),
(387,29,true,'2022-12-11','2022-12-11'),
(388,29,true,'2022-11-04','2022-11-04'),
(389,46,true,'2022-10-28','2022-10-28'),
(390,35,true,'2022-11-26','2022-11-26'),
(391,10,true,'2022-08-14','2022-08-14'),
(392,38,true,'2022-02-01','2022-02-01'),
(393,15,true,'2022-12-25','2022-12-25'),
(394,40,true,'2022-10-12','2022-10-12'),
(395,1,true,'2022-05-14','2022-05-14'),
(396,29,true,'2022-07-27','2022-07-27'),
(397,22,true,'2022-01-08','2022-01-08'),
(398,3,true,'2022-10-09','2022-10-09'),
(399,47,true,'2022-07-29','2022-07-29'),
(400,4,true,'2022-07-16','2022-07-16'),
(401,5,true,'2022-10-27','2022-10-27'),
(402,19,true,'2022-08-19','2022-08-19'),
(403,13,true,'2022-10-03','2022-10-03'),
(404,24,true,'2022-09-20','2022-09-20'),
(405,36,true,'2022-04-22','2022-04-22'),
(406,24,true,'2022-02-19','2022-02-19'),
(407,48,true,'2022-01-14','2022-01-14'),
(408,35,true,'2022-12-02','2022-12-02'),
(409,49,true,'2022-09-26','2022-09-26'),
(410,46,true,'2022-07-08','2022-07-08'),
(411,19,true,'2022-12-21','2022-12-21'),
(412,3,true,'2022-09-12','2022-09-12'),
(413,20,true,'2022-09-29','2022-09-29'),
(414,25,true,'2022-03-06','2022-03-06'),
(415,9,true,'2022-05-03','2022-05-03'),
(416,5,true,'2022-01-29','2022-01-29'),
(417,2,true,'2022-08-12','2022-08-12'),
(418,14,true,'2022-04-15','2022-04-15'),
(419,38,true,'2022-08-09','2022-08-09'),
(420,4,true,'2022-03-13','2022-03-13'),
(421,37,true,'2022-10-23','2022-10-23'),
(422,39,true,'2022-12-03','2022-12-03'),
(423,26,true,'2022-03-10','2022-03-10'),
(424,30,true,'2022-10-15','2022-10-15'),
(425,32,true,'2022-05-11','2022-05-11'),
(426,21,true,'2022-05-12','2022-05-12'),
(427,13,true,'2022-04-10','2022-04-10'),
(428,49,true,'2022-03-04','2022-03-04'),
(429,46,true,'2022-08-20','2022-08-20'),
(430,5,true,'2022-12-21','2022-12-21'),
(431,43,true,'2022-03-18','2022-03-18'),
(432,38,true,'2022-10-05','2022-10-05'),
(433,48,true,'2022-03-21','2022-03-21'),
(434,35,true,'2022-07-13','2022-07-13'),
(435,33,true,'2022-09-22','2022-09-22'),
(436,43,true,'2022-03-15','2022-03-15'),
(437,12,true,'2022-06-16','2022-06-16'),
(438,9,true,'2022-06-24','2022-06-24'),
(439,18,true,'2022-01-06','2022-01-06'),
(440,42,true,'2022-03-23','2022-03-23'),
(441,47,true,'2022-11-07','2022-11-07'),
(442,13,true,'2022-07-23','2022-07-23'),
(443,33,true,'2022-06-03','2022-06-03'),
(444,39,true,'2022-09-11','2022-09-11'),
(445,18,true,'2022-01-06','2022-01-06'),
(446,14,true,'2022-02-08','2022-02-08'),
(447,42,true,'2022-01-21','2022-01-21'),
(448,30,true,'2022-01-24','2022-01-24'),
(449,22,true,'2022-07-21','2022-07-21'),
(450,23,true,'2022-02-24','2022-02-24'),
(451,43,true,'2022-08-24','2022-08-24'),
(452,13,true,'2022-02-18','2022-02-18'),
(453,21,true,'2022-09-13','2022-09-13'),
(454,40,true,'2022-08-20','2022-08-20'),
(455,39,true,'2022-06-09','2022-06-09'),
(456,43,true,'2022-11-20','2022-11-20'),
(457,28,true,'2022-04-09','2022-04-09'),
(458,49,true,'2022-10-23','2022-10-23'),
(459,28,true,'2022-03-29','2022-03-29'),
(460,34,true,'2022-04-27','2022-04-27'),
(461,1,true,'2022-08-23','2022-08-23'),
(462,50,true,'2022-11-28','2022-11-28'),
(463,36,true,'2022-12-05','2022-12-05'),
(464,36,true,'2022-09-29','2022-09-29'),
(465,16,true,'2022-03-29','2022-03-29'),
(466,49,true,'2022-05-11','2022-05-11'),
(467,49,true,'2022-04-06','2022-04-06'),
(468,36,true,'2022-04-19','2022-04-19'),
(469,38,true,'2022-11-22','2022-11-22'),
(470,48,true,'2022-05-29','2022-05-29'),
(471,19,true,'2022-02-25','2022-02-25'),
(472,30,true,'2022-01-09','2022-01-09'),
(473,20,true,'2022-12-18','2022-12-18'),
(474,25,true,'2022-06-09','2022-06-09'),
(475,38,true,'2022-02-25','2022-02-25'),
(476,22,true,'2022-10-07','2022-10-07'),
(477,14,true,'2022-09-04','2022-09-04'),
(478,48,true,'2022-08-19','2022-08-19'),
(479,3,true,'2022-07-20','2022-07-20'),
(480,36,true,'2022-03-06','2022-03-06'),
(481,19,true,'2022-01-02','2022-01-02'),
(482,50,true,'2022-02-28','2022-02-28'),
(483,13,true,'2022-08-23','2022-08-23'),
(484,30,true,'2022-11-26','2022-11-26'),
(485,1,true,'2022-07-11','2022-07-11'),
(486,34,true,'2022-06-25','2022-06-25'),
(487,15,true,'2022-05-10','2022-05-10'),
(488,20,true,'2022-06-28','2022-06-28'),
(489,3,true,'2022-03-25','2022-03-25'),
(490,17,true,'2022-04-21','2022-04-21'),
(491,41,true,'2022-11-16','2022-11-16'),
(492,8,true,'2022-10-29','2022-10-29'),
(493,41,true,'2022-02-09','2022-02-09'),
(494,36,true,'2022-06-15','2022-06-15'),
(495,15,true,'2022-10-18','2022-10-18'),
(496,22,true,'2022-05-02','2022-05-02'),
(497,40,true,'2022-12-26','2022-12-26'),
(498,46,true,'2022-11-06','2022-11-06'),
(499,9,true,'2022-02-25','2022-02-25'),
(500,27,true,'2022-10-29','2022-10-29');

INSERT INTO Batch (bid,pdid,invid,quantity) VALUES (1,6,1,99);
INSERT INTO Batch (bid,pdid,invid,quantity) VALUES (2,51,1,93);
INSERT INTO Batch (bid,pdid,invid,quantity) VALUES (3,57,1,87);
INSERT INTO Batch (bid,pdid,invid,quantity) VALUES (4,66,1,88);
INSERT INTO Batch (bid,pdid,invid,quantity) VALUES (5,122,1,58);
INSERT INTO Batch (bid,pdid,invid,quantity) VALUES (6,162,1,92);
INSERT INTO Batch (bid,pdid,invid,quantity) VALUES (7,181,1,65);
INSERT INTO Batch (bid,pdid,invid,quantity) VALUES (8,204,1,84);
INSERT INTO Batch (bid,pdid,invid,quantity) VALUES (9,232,1,99);
INSERT INTO Batch (bid,pdid,invid,quantity) VALUES (10,251,1,71);
INSERT INTO Batch (bid,pdid,invid,quantity) VALUES (11,30,2,93);
INSERT INTO Batch (bid,pdid,invid,quantity) VALUES (12,51,2,53);
INSERT INTO Batch (bid,pdid,invid,quantity) VALUES (13,62,2,79);
INSERT INTO Batch (bid,pdid,invid,quantity) VALUES (14,130,2,77);
INSERT INTO Batch (bid,pdid,invid,quantity) VALUES (15,133,2,72);
INSERT INTO Batch (bid,pdid,invid,quantity) VALUES (16,154,2,51);
INSERT INTO Batch (bid,pdid,invid,quantity) VALUES (17,191,2,55);
INSERT INTO Batch (bid,pdid,invid,quantity) VALUES (18,215,2,73);
INSERT INTO Batch (bid,pdid,invid,quantity) VALUES (19,243,2,87);
INSERT INTO Batch (bid,pdid,invid,quantity) VALUES (20,273,2,83);
INSERT INTO Batch (bid,pdid,invid,quantity) VALUES (21,85,3,72);
INSERT INTO Batch (bid,pdid,invid,quantity) VALUES (22,101,3,61);
INSERT INTO Batch (bid,pdid,invid,quantity) VALUES (23,107,3,93);
INSERT INTO Batch (bid,pdid,invid,quantity) VALUES (24,141,3,82);
INSERT INTO Batch (bid,pdid,invid,quantity) VALUES (25,161,3,51);
INSERT INTO Batch (bid,pdid,invid,quantity) VALUES (26,167,3,68);
INSERT INTO Batch (bid,pdid,invid,quantity) VALUES (27,206,3,71);
INSERT INTO Batch (bid,pdid,invid,quantity) VALUES (28,216,3,73);
INSERT INTO Batch (bid,pdid,invid,quantity) VALUES (29,261,3,68);
INSERT INTO Batch (bid,pdid,invid,quantity) VALUES (30,295,3,52);
INSERT INTO Batch (bid,pdid,invid,quantity) VALUES (31,85,4,72);
INSERT INTO Batch (bid,pdid,invid,quantity) VALUES (32,101,4,61);
INSERT INTO Batch (bid,pdid,invid,quantity) VALUES (33,107,4,93);
INSERT INTO Batch (bid,pdid,invid,quantity) VALUES (34,141,4,82);
INSERT INTO Batch (bid,pdid,invid,quantity) VALUES (35,161,4,51);
INSERT INTO Batch (bid,pdid,invid,quantity) VALUES (36,167,4,68);
INSERT INTO Batch (bid,pdid,invid,quantity) VALUES (37,206,4,71);
INSERT INTO Batch (bid,pdid,invid,quantity) VALUES (38,216,4,73);
INSERT INTO Batch (bid,pdid,invid,quantity) VALUES (39,261,4,68);
INSERT INTO Batch (bid,pdid,invid,quantity) VALUES (40,295,4,52);
INSERT INTO Batch (bid,pdid,invid,quantity) VALUES (41,17,5,93);
INSERT INTO Batch (bid,pdid,invid,quantity) VALUES (42,21,5,76);
INSERT INTO Batch (bid,pdid,invid,quantity) VALUES (43,71,5,99);
INSERT INTO Batch (bid,pdid,invid,quantity) VALUES (44,88,5,71);
INSERT INTO Batch (bid,pdid,invid,quantity) VALUES (45,92,5,55);
INSERT INTO Batch (bid,pdid,invid,quantity) VALUES (46,96,5,101);
INSERT INTO Batch (bid,pdid,invid,quantity) VALUES (47,114,5,77);
INSERT INTO Batch (bid,pdid,invid,quantity) VALUES (48,121,5,78);
INSERT INTO Batch (bid,pdid,invid,quantity) VALUES (49,226,5,60);
INSERT INTO Batch (bid,pdid,invid,quantity) VALUES (50,243,5,66);
INSERT INTO Batch (bid,pdid,invid,quantity) VALUES (51,30,6,93);
INSERT INTO Batch (bid,pdid,invid,quantity) VALUES (52,51,6,53);
INSERT INTO Batch (bid,pdid,invid,quantity) VALUES (53,62,6,79);
INSERT INTO Batch (bid,pdid,invid,quantity) VALUES (54,130,6,77);
INSERT INTO Batch (bid,pdid,invid,quantity) VALUES (55,133,6,72);
INSERT INTO Batch (bid,pdid,invid,quantity) VALUES (56,154,6,51);
INSERT INTO Batch (bid,pdid,invid,quantity) VALUES (57,191,6,55);
INSERT INTO Batch (bid,pdid,invid,quantity) VALUES (58,215,6,73);
INSERT INTO Batch (bid,pdid,invid,quantity) VALUES (59,243,6,87);
INSERT INTO Batch (bid,pdid,invid,quantity) VALUES (60,273,6,83);
INSERT INTO Batch (bid,pdid,invid,quantity) VALUES (61,10,7,53);
INSERT INTO Batch (bid,pdid,invid,quantity) VALUES (62,22,7,86);
INSERT INTO Batch (bid,pdid,invid,quantity) VALUES (63,60,7,57);
INSERT INTO Batch (bid,pdid,invid,quantity) VALUES (64,76,7,82);
INSERT INTO Batch (bid,pdid,invid,quantity) VALUES (65,148,7,78);
INSERT INTO Batch (bid,pdid,invid,quantity) VALUES (66,188,7,89);
INSERT INTO Batch (bid,pdid,invid,quantity) VALUES (67,214,7,80);
INSERT INTO Batch (bid,pdid,invid,quantity) VALUES (68,242,7,89);
INSERT INTO Batch (bid,pdid,invid,quantity) VALUES (69,244,7,64);
INSERT INTO Batch (bid,pdid,invid,quantity) VALUES (70,268,7,76);
INSERT INTO Batch (bid,pdid,invid,quantity) VALUES (71,33,8,88);
INSERT INTO Batch (bid,pdid,invid,quantity) VALUES (72,48,8,87);
INSERT INTO Batch (bid,pdid,invid,quantity) VALUES (73,90,8,101);
INSERT INTO Batch (bid,pdid,invid,quantity) VALUES (74,118,8,58);
INSERT INTO Batch (bid,pdid,invid,quantity) VALUES (75,133,8,99);
INSERT INTO Batch (bid,pdid,invid,quantity) VALUES (76,160,8,65);
INSERT INTO Batch (bid,pdid,invid,quantity) VALUES (77,164,8,55);
INSERT INTO Batch (bid,pdid,invid,quantity) VALUES (78,206,8,71);
INSERT INTO Batch (bid,pdid,invid,quantity) VALUES (79,232,8,62);
INSERT INTO Batch (bid,pdid,invid,quantity) VALUES (80,277,8,64);
INSERT INTO Batch (bid,pdid,invid,quantity) VALUES (81,26,9,89);
INSERT INTO Batch (bid,pdid,invid,quantity) VALUES (82,27,9,88);
INSERT INTO Batch (bid,pdid,invid,quantity) VALUES (83,64,9,88);
INSERT INTO Batch (bid,pdid,invid,quantity) VALUES (84,172,9,74);
INSERT INTO Batch (bid,pdid,invid,quantity) VALUES (85,178,9,57);
INSERT INTO Batch (bid,pdid,invid,quantity) VALUES (86,201,9,100);
INSERT INTO Batch (bid,pdid,invid,quantity) VALUES (87,218,9,78);
INSERT INTO Batch (bid,pdid,invid,quantity) VALUES (88,223,9,95);
INSERT INTO Batch (bid,pdid,invid,quantity) VALUES (89,295,9,51);
INSERT INTO Batch (bid,pdid,invid,quantity) VALUES (90,299,9,66);
INSERT INTO Batch (bid,pdid,invid,quantity) VALUES (91,22,10,75);
INSERT INTO Batch (bid,pdid,invid,quantity) VALUES (92,52,10,88);
INSERT INTO Batch (bid,pdid,invid,quantity) VALUES (93,84,10,51);
INSERT INTO Batch (bid,pdid,invid,quantity) VALUES (94,87,10,58);
INSERT INTO Batch (bid,pdid,invid,quantity) VALUES (95,149,10,51);
INSERT INTO Batch (bid,pdid,invid,quantity) VALUES (96,183,10,81);
INSERT INTO Batch (bid,pdid,invid,quantity) VALUES (97,206,10,81);
INSERT INTO Batch (bid,pdid,invid,quantity) VALUES (98,217,10,73);
INSERT INTO Batch (bid,pdid,invid,quantity) VALUES (99,261,10,57);
INSERT INTO Batch (bid,pdid,invid,quantity) VALUES (100,277,10,80);
INSERT INTO Batch (bid,pdid,invid,quantity) VALUES (101,18,11,74);
INSERT INTO Batch (bid,pdid,invid,quantity) VALUES (102,50,11,55);
INSERT INTO Batch (bid,pdid,invid,quantity) VALUES (103,63,11,84);
INSERT INTO Batch (bid,pdid,invid,quantity) VALUES (104,84,11,65);
INSERT INTO Batch (bid,pdid,invid,quantity) VALUES (105,116,11,85);
INSERT INTO Batch (bid,pdid,invid,quantity) VALUES (106,134,11,63);
INSERT INTO Batch (bid,pdid,invid,quantity) VALUES (107,162,11,71);
INSERT INTO Batch (bid,pdid,invid,quantity) VALUES (108,224,11,88);
INSERT INTO Batch (bid,pdid,invid,quantity) VALUES (109,257,11,89);
INSERT INTO Batch (bid,pdid,invid,quantity) VALUES (110,281,11,68);
INSERT INTO Batch (bid,pdid,invid,quantity) VALUES (111,41,12,82);
INSERT INTO Batch (bid,pdid,invid,quantity) VALUES (112,42,12,55);
INSERT INTO Batch (bid,pdid,invid,quantity) VALUES (113,51,12,87);
INSERT INTO Batch (bid,pdid,invid,quantity) VALUES (114,74,12,64);
INSERT INTO Batch (bid,pdid,invid,quantity) VALUES (115,112,12,97);
INSERT INTO Batch (bid,pdid,invid,quantity) VALUES (116,169,12,82);
INSERT INTO Batch (bid,pdid,invid,quantity) VALUES (117,258,12,91);
INSERT INTO Batch (bid,pdid,invid,quantity) VALUES (118,260,12,64);
INSERT INTO Batch (bid,pdid,invid,quantity) VALUES (119,269,12,54);
INSERT INTO Batch (bid,pdid,invid,quantity) VALUES (120,280,12,96);
INSERT INTO Batch (bid,pdid,invid,quantity) VALUES (121,36,13,79);
INSERT INTO Batch (bid,pdid,invid,quantity) VALUES (122,38,13,63);
INSERT INTO Batch (bid,pdid,invid,quantity) VALUES (123,40,13,81);
INSERT INTO Batch (bid,pdid,invid,quantity) VALUES (124,133,13,64);
INSERT INTO Batch (bid,pdid,invid,quantity) VALUES (125,152,13,91);
INSERT INTO Batch (bid,pdid,invid,quantity) VALUES (126,174,13,95);
INSERT INTO Batch (bid,pdid,invid,quantity) VALUES (127,190,13,83);
INSERT INTO Batch (bid,pdid,invid,quantity) VALUES (128,210,13,78);
INSERT INTO Batch (bid,pdid,invid,quantity) VALUES (129,218,13,70);
INSERT INTO Batch (bid,pdid,invid,quantity) VALUES (130,284,13,51);
INSERT INTO Batch (bid,pdid,invid,quantity) VALUES (131,34,14,92);
INSERT INTO Batch (bid,pdid,invid,quantity) VALUES (132,79,14,56);
INSERT INTO Batch (bid,pdid,invid,quantity) VALUES (133,160,14,91);
INSERT INTO Batch (bid,pdid,invid,quantity) VALUES (134,174,14,93);
INSERT INTO Batch (bid,pdid,invid,quantity) VALUES (135,176,14,75);
INSERT INTO Batch (bid,pdid,invid,quantity) VALUES (136,219,14,50);
INSERT INTO Batch (bid,pdid,invid,quantity) VALUES (137,228,14,67);
INSERT INTO Batch (bid,pdid,invid,quantity) VALUES (138,253,14,80);
INSERT INTO Batch (bid,pdid,invid,quantity) VALUES (139,267,14,97);
INSERT INTO Batch (bid,pdid,invid,quantity) VALUES (140,275,14,100);
INSERT INTO Batch (bid,pdid,invid,quantity) VALUES (141,3,15,58);
INSERT INTO Batch (bid,pdid,invid,quantity) VALUES (142,28,15,68);
INSERT INTO Batch (bid,pdid,invid,quantity) VALUES (143,54,15,86);
INSERT INTO Batch (bid,pdid,invid,quantity) VALUES (144,55,15,82);
INSERT INTO Batch (bid,pdid,invid,quantity) VALUES (145,112,15,100);
INSERT INTO Batch (bid,pdid,invid,quantity) VALUES (146,123,15,89);
INSERT INTO Batch (bid,pdid,invid,quantity) VALUES (147,195,15,77);
INSERT INTO Batch (bid,pdid,invid,quantity) VALUES (148,205,15,54);
INSERT INTO Batch (bid,pdid,invid,quantity) VALUES (149,230,15,52);
INSERT INTO Batch (bid,pdid,invid,quantity) VALUES (150,247,15,100);
INSERT INTO Batch (bid,pdid,invid,quantity) VALUES (151,4,16,80);
INSERT INTO Batch (bid,pdid,invid,quantity) VALUES (152,11,16,85);
INSERT INTO Batch (bid,pdid,invid,quantity) VALUES (153,61,16,52);
INSERT INTO Batch (bid,pdid,invid,quantity) VALUES (154,101,16,84);
INSERT INTO Batch (bid,pdid,invid,quantity) VALUES (155,137,16,95);
INSERT INTO Batch (bid,pdid,invid,quantity) VALUES (156,158,16,82);
INSERT INTO Batch (bid,pdid,invid,quantity) VALUES (157,187,16,96);
INSERT INTO Batch (bid,pdid,invid,quantity) VALUES (158,237,16,77);
INSERT INTO Batch (bid,pdid,invid,quantity) VALUES (159,238,16,99);
INSERT INTO Batch (bid,pdid,invid,quantity) VALUES (160,270,16,97);
INSERT INTO Batch (bid,pdid,invid,quantity) VALUES (161,36,17,79);
INSERT INTO Batch (bid,pdid,invid,quantity) VALUES (162,38,17,63);
INSERT INTO Batch (bid,pdid,invid,quantity) VALUES (163,40,17,81);
INSERT INTO Batch (bid,pdid,invid,quantity) VALUES (164,133,17,64);
INSERT INTO Batch (bid,pdid,invid,quantity) VALUES (165,152,17,91);
INSERT INTO Batch (bid,pdid,invid,quantity) VALUES (166,174,17,95);
INSERT INTO Batch (bid,pdid,invid,quantity) VALUES (167,190,17,83);
INSERT INTO Batch (bid,pdid,invid,quantity) VALUES (168,210,17,78);
INSERT INTO Batch (bid,pdid,invid,quantity) VALUES (169,218,17,70);
INSERT INTO Batch (bid,pdid,invid,quantity) VALUES (170,284,17,51);
INSERT INTO Batch (bid,pdid,invid,quantity) VALUES (171,61,18,68);
INSERT INTO Batch (bid,pdid,invid,quantity) VALUES (172,62,18,57);
INSERT INTO Batch (bid,pdid,invid,quantity) VALUES (173,85,18,91);
INSERT INTO Batch (bid,pdid,invid,quantity) VALUES (174,110,18,88);
INSERT INTO Batch (bid,pdid,invid,quantity) VALUES (175,114,18,56);
INSERT INTO Batch (bid,pdid,invid,quantity) VALUES (176,116,18,75);
INSERT INTO Batch (bid,pdid,invid,quantity) VALUES (177,179,18,61);
INSERT INTO Batch (bid,pdid,invid,quantity) VALUES (178,180,18,80);
INSERT INTO Batch (bid,pdid,invid,quantity) VALUES (179,192,18,91);
INSERT INTO Batch (bid,pdid,invid,quantity) VALUES (180,208,18,91);
INSERT INTO Batch (bid,pdid,invid,quantity) VALUES (181,18,19,90);
INSERT INTO Batch (bid,pdid,invid,quantity) VALUES (182,52,19,95);
INSERT INTO Batch (bid,pdid,invid,quantity) VALUES (183,54,19,63);
INSERT INTO Batch (bid,pdid,invid,quantity) VALUES (184,77,19,55);
INSERT INTO Batch (bid,pdid,invid,quantity) VALUES (185,78,19,53);
INSERT INTO Batch (bid,pdid,invid,quantity) VALUES (186,100,19,54);
INSERT INTO Batch (bid,pdid,invid,quantity) VALUES (187,137,19,66);
INSERT INTO Batch (bid,pdid,invid,quantity) VALUES (188,232,19,68);
INSERT INTO Batch (bid,pdid,invid,quantity) VALUES (189,247,19,59);
INSERT INTO Batch (bid,pdid,invid,quantity) VALUES (190,255,19,72);
INSERT INTO Batch (bid,pdid,invid,quantity) VALUES (191,61,20,68);
INSERT INTO Batch (bid,pdid,invid,quantity) VALUES (192,62,20,57);
INSERT INTO Batch (bid,pdid,invid,quantity) VALUES (193,85,20,91);
INSERT INTO Batch (bid,pdid,invid,quantity) VALUES (194,110,20,88);
INSERT INTO Batch (bid,pdid,invid,quantity) VALUES (195,114,20,56);
INSERT INTO Batch (bid,pdid,invid,quantity) VALUES (196,116,20,75);
INSERT INTO Batch (bid,pdid,invid,quantity) VALUES (197,179,20,61);
INSERT INTO Batch (bid,pdid,invid,quantity) VALUES (198,180,20,80);
INSERT INTO Batch (bid,pdid,invid,quantity) VALUES (199,192,20,91);
INSERT INTO Batch (bid,pdid,invid,quantity) VALUES (200,208,20,91);
INSERT INTO Batch (bid,pdid,invid,quantity) VALUES (201,14,21,91);
INSERT INTO Batch (bid,pdid,invid,quantity) VALUES (202,58,21,62);
INSERT INTO Batch (bid,pdid,invid,quantity) VALUES (203,95,21,93);
INSERT INTO Batch (bid,pdid,invid,quantity) VALUES (204,96,21,85);
INSERT INTO Batch (bid,pdid,invid,quantity) VALUES (205,121,21,64);
INSERT INTO Batch (bid,pdid,invid,quantity) VALUES (206,185,21,68);
INSERT INTO Batch (bid,pdid,invid,quantity) VALUES (207,188,21,50);
INSERT INTO Batch (bid,pdid,invid,quantity) VALUES (208,231,21,58);
INSERT INTO Batch (bid,pdid,invid,quantity) VALUES (209,252,21,101);
INSERT INTO Batch (bid,pdid,invid,quantity) VALUES (210,267,21,93);
INSERT INTO Batch (bid,pdid,invid,quantity) VALUES (211,89,22,54);
INSERT INTO Batch (bid,pdid,invid,quantity) VALUES (212,174,22,60);
INSERT INTO Batch (bid,pdid,invid,quantity) VALUES (213,187,22,52);
INSERT INTO Batch (bid,pdid,invid,quantity) VALUES (214,205,22,93);
INSERT INTO Batch (bid,pdid,invid,quantity) VALUES (215,232,22,93);
INSERT INTO Batch (bid,pdid,invid,quantity) VALUES (216,243,22,78);
INSERT INTO Batch (bid,pdid,invid,quantity) VALUES (217,285,22,96);
INSERT INTO Batch (bid,pdid,invid,quantity) VALUES (218,287,22,75);
INSERT INTO Batch (bid,pdid,invid,quantity) VALUES (219,291,22,80);
INSERT INTO Batch (bid,pdid,invid,quantity) VALUES (220,298,22,55);
INSERT INTO Batch (bid,pdid,invid,quantity) VALUES (221,1,23,92);
INSERT INTO Batch (bid,pdid,invid,quantity) VALUES (222,3,23,89);
INSERT INTO Batch (bid,pdid,invid,quantity) VALUES (223,4,23,96);
INSERT INTO Batch (bid,pdid,invid,quantity) VALUES (224,26,23,68);
INSERT INTO Batch (bid,pdid,invid,quantity) VALUES (225,92,23,82);
INSERT INTO Batch (bid,pdid,invid,quantity) VALUES (226,117,23,57);
INSERT INTO Batch (bid,pdid,invid,quantity) VALUES (227,118,23,73);
INSERT INTO Batch (bid,pdid,invid,quantity) VALUES (228,185,23,77);
INSERT INTO Batch (bid,pdid,invid,quantity) VALUES (229,238,23,66);
INSERT INTO Batch (bid,pdid,invid,quantity) VALUES (230,263,23,68);
INSERT INTO Batch (bid,pdid,invid,quantity) VALUES (231,5,24,84);
INSERT INTO Batch (bid,pdid,invid,quantity) VALUES (232,39,24,68);
INSERT INTO Batch (bid,pdid,invid,quantity) VALUES (233,59,24,92);
INSERT INTO Batch (bid,pdid,invid,quantity) VALUES (234,70,24,88);
INSERT INTO Batch (bid,pdid,invid,quantity) VALUES (235,93,24,92);
INSERT INTO Batch (bid,pdid,invid,quantity) VALUES (236,122,24,68);
INSERT INTO Batch (bid,pdid,invid,quantity) VALUES (237,164,24,71);
INSERT INTO Batch (bid,pdid,invid,quantity) VALUES (238,231,24,78);
INSERT INTO Batch (bid,pdid,invid,quantity) VALUES (239,260,24,87);
INSERT INTO Batch (bid,pdid,invid,quantity) VALUES (240,267,24,77);
INSERT INTO Batch (bid,pdid,invid,quantity) VALUES (241,63,25,59);
INSERT INTO Batch (bid,pdid,invid,quantity) VALUES (242,77,25,72);
INSERT INTO Batch (bid,pdid,invid,quantity) VALUES (243,92,25,68);
INSERT INTO Batch (bid,pdid,invid,quantity) VALUES (244,128,25,59);
INSERT INTO Batch (bid,pdid,invid,quantity) VALUES (245,159,25,82);
INSERT INTO Batch (bid,pdid,invid,quantity) VALUES (246,164,25,75);
INSERT INTO Batch (bid,pdid,invid,quantity) VALUES (247,166,25,85);
INSERT INTO Batch (bid,pdid,invid,quantity) VALUES (248,207,25,75);
INSERT INTO Batch (bid,pdid,invid,quantity) VALUES (249,235,25,68);
INSERT INTO Batch (bid,pdid,invid,quantity) VALUES (250,270,25,71);
INSERT INTO Batch (bid,pdid,invid,quantity) VALUES (251,29,26,87);
INSERT INTO Batch (bid,pdid,invid,quantity) VALUES (252,31,26,99);
INSERT INTO Batch (bid,pdid,invid,quantity) VALUES (253,38,26,52);
INSERT INTO Batch (bid,pdid,invid,quantity) VALUES (254,90,26,92);
INSERT INTO Batch (bid,pdid,invid,quantity) VALUES (255,125,26,50);
INSERT INTO Batch (bid,pdid,invid,quantity) VALUES (256,130,26,68);
INSERT INTO Batch (bid,pdid,invid,quantity) VALUES (257,154,26,62);
INSERT INTO Batch (bid,pdid,invid,quantity) VALUES (258,261,26,60);
INSERT INTO Batch (bid,pdid,invid,quantity) VALUES (259,272,26,89);
INSERT INTO Batch (bid,pdid,invid,quantity) VALUES (260,294,26,73);
INSERT INTO Batch (bid,pdid,invid,quantity) VALUES (261,29,27,99);
INSERT INTO Batch (bid,pdid,invid,quantity) VALUES (262,60,27,65);
INSERT INTO Batch (bid,pdid,invid,quantity) VALUES (263,80,27,87);
INSERT INTO Batch (bid,pdid,invid,quantity) VALUES (264,111,27,91);
INSERT INTO Batch (bid,pdid,invid,quantity) VALUES (265,117,27,72);
INSERT INTO Batch (bid,pdid,invid,quantity) VALUES (266,127,27,54);
INSERT INTO Batch (bid,pdid,invid,quantity) VALUES (267,136,27,59);
INSERT INTO Batch (bid,pdid,invid,quantity) VALUES (268,171,27,71);
INSERT INTO Batch (bid,pdid,invid,quantity) VALUES (269,216,27,85);
INSERT INTO Batch (bid,pdid,invid,quantity) VALUES (270,255,27,100);
INSERT INTO Batch (bid,pdid,invid,quantity) VALUES (271,6,28,99);
INSERT INTO Batch (bid,pdid,invid,quantity) VALUES (272,51,28,93);
INSERT INTO Batch (bid,pdid,invid,quantity) VALUES (273,57,28,87);
INSERT INTO Batch (bid,pdid,invid,quantity) VALUES (274,66,28,88);
INSERT INTO Batch (bid,pdid,invid,quantity) VALUES (275,122,28,58);
INSERT INTO Batch (bid,pdid,invid,quantity) VALUES (276,162,28,92);
INSERT INTO Batch (bid,pdid,invid,quantity) VALUES (277,181,28,65);
INSERT INTO Batch (bid,pdid,invid,quantity) VALUES (278,204,28,84);
INSERT INTO Batch (bid,pdid,invid,quantity) VALUES (279,232,28,99);
INSERT INTO Batch (bid,pdid,invid,quantity) VALUES (280,251,28,71);
INSERT INTO Batch (bid,pdid,invid,quantity) VALUES (281,7,29,85);
INSERT INTO Batch (bid,pdid,invid,quantity) VALUES (282,18,29,51);
INSERT INTO Batch (bid,pdid,invid,quantity) VALUES (283,32,29,86);
INSERT INTO Batch (bid,pdid,invid,quantity) VALUES (284,34,29,56);
INSERT INTO Batch (bid,pdid,invid,quantity) VALUES (285,35,29,52);
INSERT INTO Batch (bid,pdid,invid,quantity) VALUES (286,36,29,77);
INSERT INTO Batch (bid,pdid,invid,quantity) VALUES (287,97,29,77);
INSERT INTO Batch (bid,pdid,invid,quantity) VALUES (288,103,29,82);
INSERT INTO Batch (bid,pdid,invid,quantity) VALUES (289,140,29,82);
INSERT INTO Batch (bid,pdid,invid,quantity) VALUES (290,215,29,95);
INSERT INTO Batch (bid,pdid,invid,quantity) VALUES (291,29,30,99);
INSERT INTO Batch (bid,pdid,invid,quantity) VALUES (292,60,30,65);
INSERT INTO Batch (bid,pdid,invid,quantity) VALUES (293,80,30,87);
INSERT INTO Batch (bid,pdid,invid,quantity) VALUES (294,111,30,91);
INSERT INTO Batch (bid,pdid,invid,quantity) VALUES (295,117,30,72);
INSERT INTO Batch (bid,pdid,invid,quantity) VALUES (296,127,30,54);
INSERT INTO Batch (bid,pdid,invid,quantity) VALUES (297,136,30,59);
INSERT INTO Batch (bid,pdid,invid,quantity) VALUES (298,171,30,71);
INSERT INTO Batch (bid,pdid,invid,quantity) VALUES (299,216,30,85);
INSERT INTO Batch (bid,pdid,invid,quantity) VALUES (300,255,30,100);
INSERT INTO Batch (bid,pdid,invid,quantity) VALUES (301,22,31,93);
INSERT INTO Batch (bid,pdid,invid,quantity) VALUES (302,32,31,56);
INSERT INTO Batch (bid,pdid,invid,quantity) VALUES (303,43,31,64);
INSERT INTO Batch (bid,pdid,invid,quantity) VALUES (304,93,31,93);
INSERT INTO Batch (bid,pdid,invid,quantity) VALUES (305,94,31,80);
INSERT INTO Batch (bid,pdid,invid,quantity) VALUES (306,101,31,62);
INSERT INTO Batch (bid,pdid,invid,quantity) VALUES (307,121,31,95);
INSERT INTO Batch (bid,pdid,invid,quantity) VALUES (308,238,31,61);
INSERT INTO Batch (bid,pdid,invid,quantity) VALUES (309,242,31,68);
INSERT INTO Batch (bid,pdid,invid,quantity) VALUES (310,275,31,51);
INSERT INTO Batch (bid,pdid,invid,quantity) VALUES (311,61,32,76);
INSERT INTO Batch (bid,pdid,invid,quantity) VALUES (312,83,32,88);
INSERT INTO Batch (bid,pdid,invid,quantity) VALUES (313,106,32,69);
INSERT INTO Batch (bid,pdid,invid,quantity) VALUES (314,141,32,52);
INSERT INTO Batch (bid,pdid,invid,quantity) VALUES (315,149,32,90);
INSERT INTO Batch (bid,pdid,invid,quantity) VALUES (316,153,32,75);
INSERT INTO Batch (bid,pdid,invid,quantity) VALUES (317,194,32,59);
INSERT INTO Batch (bid,pdid,invid,quantity) VALUES (318,195,32,92);
INSERT INTO Batch (bid,pdid,invid,quantity) VALUES (319,260,32,66);
INSERT INTO Batch (bid,pdid,invid,quantity) VALUES (320,291,32,58);
INSERT INTO Batch (bid,pdid,invid,quantity) VALUES (321,3,33,96);
INSERT INTO Batch (bid,pdid,invid,quantity) VALUES (322,13,33,50);
INSERT INTO Batch (bid,pdid,invid,quantity) VALUES (323,26,33,86);
INSERT INTO Batch (bid,pdid,invid,quantity) VALUES (324,55,33,56);
INSERT INTO Batch (bid,pdid,invid,quantity) VALUES (325,119,33,52);
INSERT INTO Batch (bid,pdid,invid,quantity) VALUES (326,151,33,93);
INSERT INTO Batch (bid,pdid,invid,quantity) VALUES (327,198,33,97);
INSERT INTO Batch (bid,pdid,invid,quantity) VALUES (328,238,33,56);
INSERT INTO Batch (bid,pdid,invid,quantity) VALUES (329,266,33,57);
INSERT INTO Batch (bid,pdid,invid,quantity) VALUES (330,280,33,67);
INSERT INTO Batch (bid,pdid,invid,quantity) VALUES (331,33,34,88);
INSERT INTO Batch (bid,pdid,invid,quantity) VALUES (332,48,34,87);
INSERT INTO Batch (bid,pdid,invid,quantity) VALUES (333,90,34,101);
INSERT INTO Batch (bid,pdid,invid,quantity) VALUES (334,118,34,58);
INSERT INTO Batch (bid,pdid,invid,quantity) VALUES (335,133,34,99);
INSERT INTO Batch (bid,pdid,invid,quantity) VALUES (336,160,34,65);
INSERT INTO Batch (bid,pdid,invid,quantity) VALUES (337,164,34,55);
INSERT INTO Batch (bid,pdid,invid,quantity) VALUES (338,206,34,71);
INSERT INTO Batch (bid,pdid,invid,quantity) VALUES (339,232,34,62);
INSERT INTO Batch (bid,pdid,invid,quantity) VALUES (340,277,34,64);
INSERT INTO Batch (bid,pdid,invid,quantity) VALUES (341,46,35,64);
INSERT INTO Batch (bid,pdid,invid,quantity) VALUES (342,76,35,95);
INSERT INTO Batch (bid,pdid,invid,quantity) VALUES (343,83,35,50);
INSERT INTO Batch (bid,pdid,invid,quantity) VALUES (344,102,35,101);
INSERT INTO Batch (bid,pdid,invid,quantity) VALUES (345,180,35,67);
INSERT INTO Batch (bid,pdid,invid,quantity) VALUES (346,189,35,63);
INSERT INTO Batch (bid,pdid,invid,quantity) VALUES (347,190,35,93);
INSERT INTO Batch (bid,pdid,invid,quantity) VALUES (348,191,35,51);
INSERT INTO Batch (bid,pdid,invid,quantity) VALUES (349,229,35,78);
INSERT INTO Batch (bid,pdid,invid,quantity) VALUES (350,253,35,64);
INSERT INTO Batch (bid,pdid,invid,quantity) VALUES (351,3,36,58);
INSERT INTO Batch (bid,pdid,invid,quantity) VALUES (352,28,36,68);
INSERT INTO Batch (bid,pdid,invid,quantity) VALUES (353,54,36,86);
INSERT INTO Batch (bid,pdid,invid,quantity) VALUES (354,55,36,82);
INSERT INTO Batch (bid,pdid,invid,quantity) VALUES (355,112,36,100);
INSERT INTO Batch (bid,pdid,invid,quantity) VALUES (356,123,36,89);
INSERT INTO Batch (bid,pdid,invid,quantity) VALUES (357,195,36,77);
INSERT INTO Batch (bid,pdid,invid,quantity) VALUES (358,205,36,54);
INSERT INTO Batch (bid,pdid,invid,quantity) VALUES (359,230,36,52);
INSERT INTO Batch (bid,pdid,invid,quantity) VALUES (360,247,36,100);
INSERT INTO Batch (bid,pdid,invid,quantity) VALUES (361,26,37,53);
INSERT INTO Batch (bid,pdid,invid,quantity) VALUES (362,55,37,99);
INSERT INTO Batch (bid,pdid,invid,quantity) VALUES (363,68,37,58);
INSERT INTO Batch (bid,pdid,invid,quantity) VALUES (364,111,37,70);
INSERT INTO Batch (bid,pdid,invid,quantity) VALUES (365,117,37,71);
INSERT INTO Batch (bid,pdid,invid,quantity) VALUES (366,118,37,84);
INSERT INTO Batch (bid,pdid,invid,quantity) VALUES (367,210,37,56);
INSERT INTO Batch (bid,pdid,invid,quantity) VALUES (368,217,37,99);
INSERT INTO Batch (bid,pdid,invid,quantity) VALUES (369,230,37,87);
INSERT INTO Batch (bid,pdid,invid,quantity) VALUES (370,275,37,81);
INSERT INTO Batch (bid,pdid,invid,quantity) VALUES (371,18,38,90);
INSERT INTO Batch (bid,pdid,invid,quantity) VALUES (372,52,38,95);
INSERT INTO Batch (bid,pdid,invid,quantity) VALUES (373,54,38,63);
INSERT INTO Batch (bid,pdid,invid,quantity) VALUES (374,77,38,55);
INSERT INTO Batch (bid,pdid,invid,quantity) VALUES (375,78,38,53);
INSERT INTO Batch (bid,pdid,invid,quantity) VALUES (376,100,38,54);
INSERT INTO Batch (bid,pdid,invid,quantity) VALUES (377,137,38,66);
INSERT INTO Batch (bid,pdid,invid,quantity) VALUES (378,232,38,68);
INSERT INTO Batch (bid,pdid,invid,quantity) VALUES (379,247,38,59);
INSERT INTO Batch (bid,pdid,invid,quantity) VALUES (380,255,38,72);
INSERT INTO Batch (bid,pdid,invid,quantity) VALUES (381,18,39,58);
INSERT INTO Batch (bid,pdid,invid,quantity) VALUES (382,40,39,80);
INSERT INTO Batch (bid,pdid,invid,quantity) VALUES (383,42,39,100);
INSERT INTO Batch (bid,pdid,invid,quantity) VALUES (384,71,39,74);
INSERT INTO Batch (bid,pdid,invid,quantity) VALUES (385,108,39,91);
INSERT INTO Batch (bid,pdid,invid,quantity) VALUES (386,152,39,70);
INSERT INTO Batch (bid,pdid,invid,quantity) VALUES (387,189,39,75);
INSERT INTO Batch (bid,pdid,invid,quantity) VALUES (388,215,39,99);
INSERT INTO Batch (bid,pdid,invid,quantity) VALUES (389,220,39,101);
INSERT INTO Batch (bid,pdid,invid,quantity) VALUES (390,276,39,57);
INSERT INTO Batch (bid,pdid,invid,quantity) VALUES (391,30,40,93);
INSERT INTO Batch (bid,pdid,invid,quantity) VALUES (392,51,40,53);
INSERT INTO Batch (bid,pdid,invid,quantity) VALUES (393,62,40,79);
INSERT INTO Batch (bid,pdid,invid,quantity) VALUES (394,130,40,77);
INSERT INTO Batch (bid,pdid,invid,quantity) VALUES (395,133,40,72);
INSERT INTO Batch (bid,pdid,invid,quantity) VALUES (396,154,40,51);
INSERT INTO Batch (bid,pdid,invid,quantity) VALUES (397,191,40,55);
INSERT INTO Batch (bid,pdid,invid,quantity) VALUES (398,215,40,73);
INSERT INTO Batch (bid,pdid,invid,quantity) VALUES (399,243,40,87);
INSERT INTO Batch (bid,pdid,invid,quantity) VALUES (400,273,40,83);
INSERT INTO Batch (bid,pdid,invid,quantity) VALUES (401,29,41,67);
INSERT INTO Batch (bid,pdid,invid,quantity) VALUES (402,78,41,84);
INSERT INTO Batch (bid,pdid,invid,quantity) VALUES (403,99,41,52);
INSERT INTO Batch (bid,pdid,invid,quantity) VALUES (404,114,41,100);
INSERT INTO Batch (bid,pdid,invid,quantity) VALUES (405,131,41,77);
INSERT INTO Batch (bid,pdid,invid,quantity) VALUES (406,142,41,52);
INSERT INTO Batch (bid,pdid,invid,quantity) VALUES (407,228,41,54);
INSERT INTO Batch (bid,pdid,invid,quantity) VALUES (408,232,41,78);
INSERT INTO Batch (bid,pdid,invid,quantity) VALUES (409,282,41,77);
INSERT INTO Batch (bid,pdid,invid,quantity) VALUES (410,296,41,60);
INSERT INTO Batch (bid,pdid,invid,quantity) VALUES (411,41,42,82);
INSERT INTO Batch (bid,pdid,invid,quantity) VALUES (412,42,42,55);
INSERT INTO Batch (bid,pdid,invid,quantity) VALUES (413,51,42,87);
INSERT INTO Batch (bid,pdid,invid,quantity) VALUES (414,74,42,64);
INSERT INTO Batch (bid,pdid,invid,quantity) VALUES (415,112,42,97);
INSERT INTO Batch (bid,pdid,invid,quantity) VALUES (416,169,42,82);
INSERT INTO Batch (bid,pdid,invid,quantity) VALUES (417,258,42,91);
INSERT INTO Batch (bid,pdid,invid,quantity) VALUES (418,260,42,64);
INSERT INTO Batch (bid,pdid,invid,quantity) VALUES (419,269,42,54);
INSERT INTO Batch (bid,pdid,invid,quantity) VALUES (420,280,42,96);
INSERT INTO Batch (bid,pdid,invid,quantity) VALUES (421,18,43,74);
INSERT INTO Batch (bid,pdid,invid,quantity) VALUES (422,50,43,55);
INSERT INTO Batch (bid,pdid,invid,quantity) VALUES (423,63,43,84);
INSERT INTO Batch (bid,pdid,invid,quantity) VALUES (424,84,43,65);
INSERT INTO Batch (bid,pdid,invid,quantity) VALUES (425,116,43,85);
INSERT INTO Batch (bid,pdid,invid,quantity) VALUES (426,134,43,63);
INSERT INTO Batch (bid,pdid,invid,quantity) VALUES (427,162,43,71);
INSERT INTO Batch (bid,pdid,invid,quantity) VALUES (428,224,43,88);
INSERT INTO Batch (bid,pdid,invid,quantity) VALUES (429,257,43,89);
INSERT INTO Batch (bid,pdid,invid,quantity) VALUES (430,281,43,68);
INSERT INTO Batch (bid,pdid,invid,quantity) VALUES (431,46,44,64);
INSERT INTO Batch (bid,pdid,invid,quantity) VALUES (432,76,44,95);
INSERT INTO Batch (bid,pdid,invid,quantity) VALUES (433,83,44,50);
INSERT INTO Batch (bid,pdid,invid,quantity) VALUES (434,102,44,101);
INSERT INTO Batch (bid,pdid,invid,quantity) VALUES (435,180,44,67);
INSERT INTO Batch (bid,pdid,invid,quantity) VALUES (436,189,44,63);
INSERT INTO Batch (bid,pdid,invid,quantity) VALUES (437,190,44,93);
INSERT INTO Batch (bid,pdid,invid,quantity) VALUES (438,191,44,51);
INSERT INTO Batch (bid,pdid,invid,quantity) VALUES (439,229,44,78);
INSERT INTO Batch (bid,pdid,invid,quantity) VALUES (440,253,44,64);
INSERT INTO Batch (bid,pdid,invid,quantity) VALUES (441,7,45,101);
INSERT INTO Batch (bid,pdid,invid,quantity) VALUES (442,75,45,75);
INSERT INTO Batch (bid,pdid,invid,quantity) VALUES (443,78,45,72);
INSERT INTO Batch (bid,pdid,invid,quantity) VALUES (444,89,45,95);
INSERT INTO Batch (bid,pdid,invid,quantity) VALUES (445,99,45,68);
INSERT INTO Batch (bid,pdid,invid,quantity) VALUES (446,177,45,101);
INSERT INTO Batch (bid,pdid,invid,quantity) VALUES (447,221,45,78);
INSERT INTO Batch (bid,pdid,invid,quantity) VALUES (448,224,45,71);
INSERT INTO Batch (bid,pdid,invid,quantity) VALUES (449,225,45,66);
INSERT INTO Batch (bid,pdid,invid,quantity) VALUES (450,261,45,91);
INSERT INTO Batch (bid,pdid,invid,quantity) VALUES (451,63,46,59);
INSERT INTO Batch (bid,pdid,invid,quantity) VALUES (452,77,46,72);
INSERT INTO Batch (bid,pdid,invid,quantity) VALUES (453,92,46,68);
INSERT INTO Batch (bid,pdid,invid,quantity) VALUES (454,128,46,59);
INSERT INTO Batch (bid,pdid,invid,quantity) VALUES (455,159,46,82);
INSERT INTO Batch (bid,pdid,invid,quantity) VALUES (456,164,46,75);
INSERT INTO Batch (bid,pdid,invid,quantity) VALUES (457,166,46,85);
INSERT INTO Batch (bid,pdid,invid,quantity) VALUES (458,207,46,75);
INSERT INTO Batch (bid,pdid,invid,quantity) VALUES (459,235,46,68);
INSERT INTO Batch (bid,pdid,invid,quantity) VALUES (460,270,46,71);
INSERT INTO Batch (bid,pdid,invid,quantity) VALUES (461,32,47,61);
INSERT INTO Batch (bid,pdid,invid,quantity) VALUES (462,50,47,68);
INSERT INTO Batch (bid,pdid,invid,quantity) VALUES (463,96,47,50);
INSERT INTO Batch (bid,pdid,invid,quantity) VALUES (464,99,47,92);
INSERT INTO Batch (bid,pdid,invid,quantity) VALUES (465,105,47,59);
INSERT INTO Batch (bid,pdid,invid,quantity) VALUES (466,144,47,93);
INSERT INTO Batch (bid,pdid,invid,quantity) VALUES (467,194,47,94);
INSERT INTO Batch (bid,pdid,invid,quantity) VALUES (468,209,47,77);
INSERT INTO Batch (bid,pdid,invid,quantity) VALUES (469,237,47,80);
INSERT INTO Batch (bid,pdid,invid,quantity) VALUES (470,257,47,96);
INSERT INTO Batch (bid,pdid,invid,quantity) VALUES (471,7,48,85);
INSERT INTO Batch (bid,pdid,invid,quantity) VALUES (472,18,48,51);
INSERT INTO Batch (bid,pdid,invid,quantity) VALUES (473,32,48,86);
INSERT INTO Batch (bid,pdid,invid,quantity) VALUES (474,34,48,56);
INSERT INTO Batch (bid,pdid,invid,quantity) VALUES (475,35,48,52);
INSERT INTO Batch (bid,pdid,invid,quantity) VALUES (476,36,48,77);
INSERT INTO Batch (bid,pdid,invid,quantity) VALUES (477,97,48,77);
INSERT INTO Batch (bid,pdid,invid,quantity) VALUES (478,103,48,82);
INSERT INTO Batch (bid,pdid,invid,quantity) VALUES (479,140,48,82);
INSERT INTO Batch (bid,pdid,invid,quantity) VALUES (480,215,48,95);
INSERT INTO Batch (bid,pdid,invid,quantity) VALUES (481,7,49,85);
INSERT INTO Batch (bid,pdid,invid,quantity) VALUES (482,18,49,51);
INSERT INTO Batch (bid,pdid,invid,quantity) VALUES (483,32,49,86);
INSERT INTO Batch (bid,pdid,invid,quantity) VALUES (484,34,49,56);
INSERT INTO Batch (bid,pdid,invid,quantity) VALUES (485,35,49,52);
INSERT INTO Batch (bid,pdid,invid,quantity) VALUES (486,36,49,77);
INSERT INTO Batch (bid,pdid,invid,quantity) VALUES (487,97,49,77);
INSERT INTO Batch (bid,pdid,invid,quantity) VALUES (488,103,49,82);
INSERT INTO Batch (bid,pdid,invid,quantity) VALUES (489,140,49,82);
INSERT INTO Batch (bid,pdid,invid,quantity) VALUES (490,215,49,95);
INSERT INTO Batch (bid,pdid,invid,quantity) VALUES (491,34,50,92);
INSERT INTO Batch (bid,pdid,invid,quantity) VALUES (492,79,50,56);
INSERT INTO Batch (bid,pdid,invid,quantity) VALUES (493,160,50,91);
INSERT INTO Batch (bid,pdid,invid,quantity) VALUES (494,174,50,93);
INSERT INTO Batch (bid,pdid,invid,quantity) VALUES (495,176,50,75);
INSERT INTO Batch (bid,pdid,invid,quantity) VALUES (496,219,50,50);
INSERT INTO Batch (bid,pdid,invid,quantity) VALUES (497,228,50,67);
INSERT INTO Batch (bid,pdid,invid,quantity) VALUES (498,253,50,80);
INSERT INTO Batch (bid,pdid,invid,quantity) VALUES (499,267,50,97);
INSERT INTO Batch (bid,pdid,invid,quantity) VALUES (500,275,50,100);
INSERT INTO Batch (bid,pdid,invid,quantity) VALUES (501,85,51,72);
INSERT INTO Batch (bid,pdid,invid,quantity) VALUES (502,101,51,61);
INSERT INTO Batch (bid,pdid,invid,quantity) VALUES (503,107,51,93);
INSERT INTO Batch (bid,pdid,invid,quantity) VALUES (504,141,51,82);
INSERT INTO Batch (bid,pdid,invid,quantity) VALUES (505,161,51,51);
INSERT INTO Batch (bid,pdid,invid,quantity) VALUES (506,167,51,68);
INSERT INTO Batch (bid,pdid,invid,quantity) VALUES (507,206,51,71);
INSERT INTO Batch (bid,pdid,invid,quantity) VALUES (508,216,51,73);
INSERT INTO Batch (bid,pdid,invid,quantity) VALUES (509,261,51,68);
INSERT INTO Batch (bid,pdid,invid,quantity) VALUES (510,295,51,52);
INSERT INTO Batch (bid,pdid,invid,quantity) VALUES (511,10,52,95);
INSERT INTO Batch (bid,pdid,invid,quantity) VALUES (512,73,52,86);
INSERT INTO Batch (bid,pdid,invid,quantity) VALUES (513,82,52,91);
INSERT INTO Batch (bid,pdid,invid,quantity) VALUES (514,164,52,65);
INSERT INTO Batch (bid,pdid,invid,quantity) VALUES (515,197,52,72);
INSERT INTO Batch (bid,pdid,invid,quantity) VALUES (516,223,52,101);
INSERT INTO Batch (bid,pdid,invid,quantity) VALUES (517,243,52,61);
INSERT INTO Batch (bid,pdid,invid,quantity) VALUES (518,244,52,62);
INSERT INTO Batch (bid,pdid,invid,quantity) VALUES (519,251,52,80);
INSERT INTO Batch (bid,pdid,invid,quantity) VALUES (520,270,52,96);
INSERT INTO Batch (bid,pdid,invid,quantity) VALUES (521,29,53,99);
INSERT INTO Batch (bid,pdid,invid,quantity) VALUES (522,60,53,65);
INSERT INTO Batch (bid,pdid,invid,quantity) VALUES (523,80,53,87);
INSERT INTO Batch (bid,pdid,invid,quantity) VALUES (524,111,53,91);
INSERT INTO Batch (bid,pdid,invid,quantity) VALUES (525,117,53,72);
INSERT INTO Batch (bid,pdid,invid,quantity) VALUES (526,127,53,54);
INSERT INTO Batch (bid,pdid,invid,quantity) VALUES (527,136,53,59);
INSERT INTO Batch (bid,pdid,invid,quantity) VALUES (528,171,53,71);
INSERT INTO Batch (bid,pdid,invid,quantity) VALUES (529,216,53,85);
INSERT INTO Batch (bid,pdid,invid,quantity) VALUES (530,255,53,100);
INSERT INTO Batch (bid,pdid,invid,quantity) VALUES (531,14,54,59);
INSERT INTO Batch (bid,pdid,invid,quantity) VALUES (532,85,54,74);
INSERT INTO Batch (bid,pdid,invid,quantity) VALUES (533,143,54,73);
INSERT INTO Batch (bid,pdid,invid,quantity) VALUES (534,155,54,86);
INSERT INTO Batch (bid,pdid,invid,quantity) VALUES (535,175,54,79);
INSERT INTO Batch (bid,pdid,invid,quantity) VALUES (536,186,54,54);
INSERT INTO Batch (bid,pdid,invid,quantity) VALUES (537,232,54,79);
INSERT INTO Batch (bid,pdid,invid,quantity) VALUES (538,264,54,70);
INSERT INTO Batch (bid,pdid,invid,quantity) VALUES (539,274,54,68);
INSERT INTO Batch (bid,pdid,invid,quantity) VALUES (540,285,54,66);
INSERT INTO Batch (bid,pdid,invid,quantity) VALUES (541,14,55,91);
INSERT INTO Batch (bid,pdid,invid,quantity) VALUES (542,58,55,62);
INSERT INTO Batch (bid,pdid,invid,quantity) VALUES (543,95,55,93);
INSERT INTO Batch (bid,pdid,invid,quantity) VALUES (544,96,55,85);
INSERT INTO Batch (bid,pdid,invid,quantity) VALUES (545,121,55,64);
INSERT INTO Batch (bid,pdid,invid,quantity) VALUES (546,185,55,68);
INSERT INTO Batch (bid,pdid,invid,quantity) VALUES (547,188,55,50);
INSERT INTO Batch (bid,pdid,invid,quantity) VALUES (548,231,55,58);
INSERT INTO Batch (bid,pdid,invid,quantity) VALUES (549,252,55,101);
INSERT INTO Batch (bid,pdid,invid,quantity) VALUES (550,267,55,93);
INSERT INTO Batch (bid,pdid,invid,quantity) VALUES (551,85,56,72);
INSERT INTO Batch (bid,pdid,invid,quantity) VALUES (552,101,56,61);
INSERT INTO Batch (bid,pdid,invid,quantity) VALUES (553,107,56,93);
INSERT INTO Batch (bid,pdid,invid,quantity) VALUES (554,141,56,82);
INSERT INTO Batch (bid,pdid,invid,quantity) VALUES (555,161,56,51);
INSERT INTO Batch (bid,pdid,invid,quantity) VALUES (556,167,56,68);
INSERT INTO Batch (bid,pdid,invid,quantity) VALUES (557,206,56,71);
INSERT INTO Batch (bid,pdid,invid,quantity) VALUES (558,216,56,73);
INSERT INTO Batch (bid,pdid,invid,quantity) VALUES (559,261,56,68);
INSERT INTO Batch (bid,pdid,invid,quantity) VALUES (560,295,56,52);
INSERT INTO Batch (bid,pdid,invid,quantity) VALUES (561,34,57,92);
INSERT INTO Batch (bid,pdid,invid,quantity) VALUES (562,79,57,56);
INSERT INTO Batch (bid,pdid,invid,quantity) VALUES (563,160,57,91);
INSERT INTO Batch (bid,pdid,invid,quantity) VALUES (564,174,57,93);
INSERT INTO Batch (bid,pdid,invid,quantity) VALUES (565,176,57,75);
INSERT INTO Batch (bid,pdid,invid,quantity) VALUES (566,219,57,50);
INSERT INTO Batch (bid,pdid,invid,quantity) VALUES (567,228,57,67);
INSERT INTO Batch (bid,pdid,invid,quantity) VALUES (568,253,57,80);
INSERT INTO Batch (bid,pdid,invid,quantity) VALUES (569,267,57,97);
INSERT INTO Batch (bid,pdid,invid,quantity) VALUES (570,275,57,100);
INSERT INTO Batch (bid,pdid,invid,quantity) VALUES (571,61,58,76);
INSERT INTO Batch (bid,pdid,invid,quantity) VALUES (572,83,58,88);
INSERT INTO Batch (bid,pdid,invid,quantity) VALUES (573,106,58,69);
INSERT INTO Batch (bid,pdid,invid,quantity) VALUES (574,141,58,52);
INSERT INTO Batch (bid,pdid,invid,quantity) VALUES (575,149,58,90);
INSERT INTO Batch (bid,pdid,invid,quantity) VALUES (576,153,58,75);
INSERT INTO Batch (bid,pdid,invid,quantity) VALUES (577,194,58,59);
INSERT INTO Batch (bid,pdid,invid,quantity) VALUES (578,195,58,92);
INSERT INTO Batch (bid,pdid,invid,quantity) VALUES (579,260,58,66);
INSERT INTO Batch (bid,pdid,invid,quantity) VALUES (580,291,58,58);
INSERT INTO Batch (bid,pdid,invid,quantity) VALUES (581,5,59,84);
INSERT INTO Batch (bid,pdid,invid,quantity) VALUES (582,39,59,68);
INSERT INTO Batch (bid,pdid,invid,quantity) VALUES (583,59,59,92);
INSERT INTO Batch (bid,pdid,invid,quantity) VALUES (584,70,59,88);
INSERT INTO Batch (bid,pdid,invid,quantity) VALUES (585,93,59,92);
INSERT INTO Batch (bid,pdid,invid,quantity) VALUES (586,122,59,68);
INSERT INTO Batch (bid,pdid,invid,quantity) VALUES (587,164,59,71);
INSERT INTO Batch (bid,pdid,invid,quantity) VALUES (588,231,59,78);
INSERT INTO Batch (bid,pdid,invid,quantity) VALUES (589,260,59,87);
INSERT INTO Batch (bid,pdid,invid,quantity) VALUES (590,267,59,77);
INSERT INTO Batch (bid,pdid,invid,quantity) VALUES (591,63,60,59);
INSERT INTO Batch (bid,pdid,invid,quantity) VALUES (592,77,60,72);
INSERT INTO Batch (bid,pdid,invid,quantity) VALUES (593,92,60,68);
INSERT INTO Batch (bid,pdid,invid,quantity) VALUES (594,128,60,59);
INSERT INTO Batch (bid,pdid,invid,quantity) VALUES (595,159,60,82);
INSERT INTO Batch (bid,pdid,invid,quantity) VALUES (596,164,60,75);
INSERT INTO Batch (bid,pdid,invid,quantity) VALUES (597,166,60,85);
INSERT INTO Batch (bid,pdid,invid,quantity) VALUES (598,207,60,75);
INSERT INTO Batch (bid,pdid,invid,quantity) VALUES (599,235,60,68);
INSERT INTO Batch (bid,pdid,invid,quantity) VALUES (600,270,60,71);
INSERT INTO Batch (bid,pdid,invid,quantity) VALUES (601,34,61,72);
INSERT INTO Batch (bid,pdid,invid,quantity) VALUES (602,80,61,52);
INSERT INTO Batch (bid,pdid,invid,quantity) VALUES (603,101,61,65);
INSERT INTO Batch (bid,pdid,invid,quantity) VALUES (604,123,61,86);
INSERT INTO Batch (bid,pdid,invid,quantity) VALUES (605,143,61,94);
INSERT INTO Batch (bid,pdid,invid,quantity) VALUES (606,168,61,88);
INSERT INTO Batch (bid,pdid,invid,quantity) VALUES (607,173,61,63);
INSERT INTO Batch (bid,pdid,invid,quantity) VALUES (608,229,61,85);
INSERT INTO Batch (bid,pdid,invid,quantity) VALUES (609,254,61,59);
INSERT INTO Batch (bid,pdid,invid,quantity) VALUES (610,300,61,86);
INSERT INTO Batch (bid,pdid,invid,quantity) VALUES (611,89,62,54);
INSERT INTO Batch (bid,pdid,invid,quantity) VALUES (612,174,62,60);
INSERT INTO Batch (bid,pdid,invid,quantity) VALUES (613,187,62,52);
INSERT INTO Batch (bid,pdid,invid,quantity) VALUES (614,205,62,93);
INSERT INTO Batch (bid,pdid,invid,quantity) VALUES (615,232,62,93);
INSERT INTO Batch (bid,pdid,invid,quantity) VALUES (616,243,62,78);
INSERT INTO Batch (bid,pdid,invid,quantity) VALUES (617,285,62,96);
INSERT INTO Batch (bid,pdid,invid,quantity) VALUES (618,287,62,75);
INSERT INTO Batch (bid,pdid,invid,quantity) VALUES (619,291,62,80);
INSERT INTO Batch (bid,pdid,invid,quantity) VALUES (620,298,62,55);
INSERT INTO Batch (bid,pdid,invid,quantity) VALUES (621,33,63,88);
INSERT INTO Batch (bid,pdid,invid,quantity) VALUES (622,48,63,87);
INSERT INTO Batch (bid,pdid,invid,quantity) VALUES (623,90,63,101);
INSERT INTO Batch (bid,pdid,invid,quantity) VALUES (624,118,63,58);
INSERT INTO Batch (bid,pdid,invid,quantity) VALUES (625,133,63,99);
INSERT INTO Batch (bid,pdid,invid,quantity) VALUES (626,160,63,65);
INSERT INTO Batch (bid,pdid,invid,quantity) VALUES (627,164,63,55);
INSERT INTO Batch (bid,pdid,invid,quantity) VALUES (628,206,63,71);
INSERT INTO Batch (bid,pdid,invid,quantity) VALUES (629,232,63,62);
INSERT INTO Batch (bid,pdid,invid,quantity) VALUES (630,277,63,64);
INSERT INTO Batch (bid,pdid,invid,quantity) VALUES (631,14,64,59);
INSERT INTO Batch (bid,pdid,invid,quantity) VALUES (632,85,64,74);
INSERT INTO Batch (bid,pdid,invid,quantity) VALUES (633,143,64,73);
INSERT INTO Batch (bid,pdid,invid,quantity) VALUES (634,155,64,86);
INSERT INTO Batch (bid,pdid,invid,quantity) VALUES (635,175,64,79);
INSERT INTO Batch (bid,pdid,invid,quantity) VALUES (636,186,64,54);
INSERT INTO Batch (bid,pdid,invid,quantity) VALUES (637,232,64,79);
INSERT INTO Batch (bid,pdid,invid,quantity) VALUES (638,264,64,70);
INSERT INTO Batch (bid,pdid,invid,quantity) VALUES (639,274,64,68);
INSERT INTO Batch (bid,pdid,invid,quantity) VALUES (640,285,64,66);
INSERT INTO Batch (bid,pdid,invid,quantity) VALUES (641,29,65,67);
INSERT INTO Batch (bid,pdid,invid,quantity) VALUES (642,78,65,84);
INSERT INTO Batch (bid,pdid,invid,quantity) VALUES (643,99,65,52);
INSERT INTO Batch (bid,pdid,invid,quantity) VALUES (644,114,65,100);
INSERT INTO Batch (bid,pdid,invid,quantity) VALUES (645,131,65,77);
INSERT INTO Batch (bid,pdid,invid,quantity) VALUES (646,142,65,52);
INSERT INTO Batch (bid,pdid,invid,quantity) VALUES (647,228,65,54);
INSERT INTO Batch (bid,pdid,invid,quantity) VALUES (648,232,65,78);
INSERT INTO Batch (bid,pdid,invid,quantity) VALUES (649,282,65,77);
INSERT INTO Batch (bid,pdid,invid,quantity) VALUES (650,296,65,60);
INSERT INTO Batch (bid,pdid,invid,quantity) VALUES (651,9,66,96);
INSERT INTO Batch (bid,pdid,invid,quantity) VALUES (652,78,66,91);
INSERT INTO Batch (bid,pdid,invid,quantity) VALUES (653,152,66,58);
INSERT INTO Batch (bid,pdid,invid,quantity) VALUES (654,162,66,54);
INSERT INTO Batch (bid,pdid,invid,quantity) VALUES (655,205,66,100);
INSERT INTO Batch (bid,pdid,invid,quantity) VALUES (656,217,66,56);
INSERT INTO Batch (bid,pdid,invid,quantity) VALUES (657,220,66,79);
INSERT INTO Batch (bid,pdid,invid,quantity) VALUES (658,244,66,94);
INSERT INTO Batch (bid,pdid,invid,quantity) VALUES (659,249,66,66);
INSERT INTO Batch (bid,pdid,invid,quantity) VALUES (660,269,66,58);
INSERT INTO Batch (bid,pdid,invid,quantity) VALUES (661,45,67,50);
INSERT INTO Batch (bid,pdid,invid,quantity) VALUES (662,100,67,93);
INSERT INTO Batch (bid,pdid,invid,quantity) VALUES (663,123,67,74);
INSERT INTO Batch (bid,pdid,invid,quantity) VALUES (664,138,67,100);
INSERT INTO Batch (bid,pdid,invid,quantity) VALUES (665,164,67,72);
INSERT INTO Batch (bid,pdid,invid,quantity) VALUES (666,201,67,51);
INSERT INTO Batch (bid,pdid,invid,quantity) VALUES (667,247,67,76);
INSERT INTO Batch (bid,pdid,invid,quantity) VALUES (668,264,67,72);
INSERT INTO Batch (bid,pdid,invid,quantity) VALUES (669,272,67,75);
INSERT INTO Batch (bid,pdid,invid,quantity) VALUES (670,284,67,65);
INSERT INTO Batch (bid,pdid,invid,quantity) VALUES (671,31,68,98);
INSERT INTO Batch (bid,pdid,invid,quantity) VALUES (672,108,68,66);
INSERT INTO Batch (bid,pdid,invid,quantity) VALUES (673,113,68,99);
INSERT INTO Batch (bid,pdid,invid,quantity) VALUES (674,121,68,85);
INSERT INTO Batch (bid,pdid,invid,quantity) VALUES (675,168,68,69);
INSERT INTO Batch (bid,pdid,invid,quantity) VALUES (676,183,68,57);
INSERT INTO Batch (bid,pdid,invid,quantity) VALUES (677,193,68,65);
INSERT INTO Batch (bid,pdid,invid,quantity) VALUES (678,198,68,93);
INSERT INTO Batch (bid,pdid,invid,quantity) VALUES (679,202,68,66);
INSERT INTO Batch (bid,pdid,invid,quantity) VALUES (680,269,68,69);
INSERT INTO Batch (bid,pdid,invid,quantity) VALUES (681,14,69,59);
INSERT INTO Batch (bid,pdid,invid,quantity) VALUES (682,85,69,74);
INSERT INTO Batch (bid,pdid,invid,quantity) VALUES (683,143,69,73);
INSERT INTO Batch (bid,pdid,invid,quantity) VALUES (684,155,69,86);
INSERT INTO Batch (bid,pdid,invid,quantity) VALUES (685,175,69,79);
INSERT INTO Batch (bid,pdid,invid,quantity) VALUES (686,186,69,54);
INSERT INTO Batch (bid,pdid,invid,quantity) VALUES (687,232,69,79);
INSERT INTO Batch (bid,pdid,invid,quantity) VALUES (688,264,69,70);
INSERT INTO Batch (bid,pdid,invid,quantity) VALUES (689,274,69,68);
INSERT INTO Batch (bid,pdid,invid,quantity) VALUES (690,285,69,66);
INSERT INTO Batch (bid,pdid,invid,quantity) VALUES (691,10,70,53);
INSERT INTO Batch (bid,pdid,invid,quantity) VALUES (692,22,70,86);
INSERT INTO Batch (bid,pdid,invid,quantity) VALUES (693,60,70,57);
INSERT INTO Batch (bid,pdid,invid,quantity) VALUES (694,76,70,82);
INSERT INTO Batch (bid,pdid,invid,quantity) VALUES (695,148,70,78);
INSERT INTO Batch (bid,pdid,invid,quantity) VALUES (696,188,70,89);
INSERT INTO Batch (bid,pdid,invid,quantity) VALUES (697,214,70,80);
INSERT INTO Batch (bid,pdid,invid,quantity) VALUES (698,242,70,89);
INSERT INTO Batch (bid,pdid,invid,quantity) VALUES (699,244,70,64);
INSERT INTO Batch (bid,pdid,invid,quantity) VALUES (700,268,70,76);
INSERT INTO Batch (bid,pdid,invid,quantity) VALUES (701,14,71,91);
INSERT INTO Batch (bid,pdid,invid,quantity) VALUES (702,58,71,62);
INSERT INTO Batch (bid,pdid,invid,quantity) VALUES (703,95,71,93);
INSERT INTO Batch (bid,pdid,invid,quantity) VALUES (704,96,71,85);
INSERT INTO Batch (bid,pdid,invid,quantity) VALUES (705,121,71,64);
INSERT INTO Batch (bid,pdid,invid,quantity) VALUES (706,185,71,68);
INSERT INTO Batch (bid,pdid,invid,quantity) VALUES (707,188,71,50);
INSERT INTO Batch (bid,pdid,invid,quantity) VALUES (708,231,71,58);
INSERT INTO Batch (bid,pdid,invid,quantity) VALUES (709,252,71,101);
INSERT INTO Batch (bid,pdid,invid,quantity) VALUES (710,267,71,93);
INSERT INTO Batch (bid,pdid,invid,quantity) VALUES (711,3,72,96);
INSERT INTO Batch (bid,pdid,invid,quantity) VALUES (712,13,72,50);
INSERT INTO Batch (bid,pdid,invid,quantity) VALUES (713,26,72,86);
INSERT INTO Batch (bid,pdid,invid,quantity) VALUES (714,55,72,56);
INSERT INTO Batch (bid,pdid,invid,quantity) VALUES (715,119,72,52);
INSERT INTO Batch (bid,pdid,invid,quantity) VALUES (716,151,72,93);
INSERT INTO Batch (bid,pdid,invid,quantity) VALUES (717,198,72,97);
INSERT INTO Batch (bid,pdid,invid,quantity) VALUES (718,238,72,56);
INSERT INTO Batch (bid,pdid,invid,quantity) VALUES (719,266,72,57);
INSERT INTO Batch (bid,pdid,invid,quantity) VALUES (720,280,72,67);
INSERT INTO Batch (bid,pdid,invid,quantity) VALUES (721,18,73,74);
INSERT INTO Batch (bid,pdid,invid,quantity) VALUES (722,50,73,55);
INSERT INTO Batch (bid,pdid,invid,quantity) VALUES (723,63,73,84);
INSERT INTO Batch (bid,pdid,invid,quantity) VALUES (724,84,73,65);
INSERT INTO Batch (bid,pdid,invid,quantity) VALUES (725,116,73,85);
INSERT INTO Batch (bid,pdid,invid,quantity) VALUES (726,134,73,63);
INSERT INTO Batch (bid,pdid,invid,quantity) VALUES (727,162,73,71);
INSERT INTO Batch (bid,pdid,invid,quantity) VALUES (728,224,73,88);
INSERT INTO Batch (bid,pdid,invid,quantity) VALUES (729,257,73,89);
INSERT INTO Batch (bid,pdid,invid,quantity) VALUES (730,281,73,68);
INSERT INTO Batch (bid,pdid,invid,quantity) VALUES (731,5,74,84);
INSERT INTO Batch (bid,pdid,invid,quantity) VALUES (732,39,74,68);
INSERT INTO Batch (bid,pdid,invid,quantity) VALUES (733,59,74,92);
INSERT INTO Batch (bid,pdid,invid,quantity) VALUES (734,70,74,88);
INSERT INTO Batch (bid,pdid,invid,quantity) VALUES (735,93,74,92);
INSERT INTO Batch (bid,pdid,invid,quantity) VALUES (736,122,74,68);
INSERT INTO Batch (bid,pdid,invid,quantity) VALUES (737,164,74,71);
INSERT INTO Batch (bid,pdid,invid,quantity) VALUES (738,231,74,78);
INSERT INTO Batch (bid,pdid,invid,quantity) VALUES (739,260,74,87);
INSERT INTO Batch (bid,pdid,invid,quantity) VALUES (740,267,74,77);
INSERT INTO Batch (bid,pdid,invid,quantity) VALUES (741,63,75,59);
INSERT INTO Batch (bid,pdid,invid,quantity) VALUES (742,77,75,72);
INSERT INTO Batch (bid,pdid,invid,quantity) VALUES (743,92,75,68);
INSERT INTO Batch (bid,pdid,invid,quantity) VALUES (744,128,75,59);
INSERT INTO Batch (bid,pdid,invid,quantity) VALUES (745,159,75,82);
INSERT INTO Batch (bid,pdid,invid,quantity) VALUES (746,164,75,75);
INSERT INTO Batch (bid,pdid,invid,quantity) VALUES (747,166,75,85);
INSERT INTO Batch (bid,pdid,invid,quantity) VALUES (748,207,75,75);
INSERT INTO Batch (bid,pdid,invid,quantity) VALUES (749,235,75,68);
INSERT INTO Batch (bid,pdid,invid,quantity) VALUES (750,270,75,71);
INSERT INTO Batch (bid,pdid,invid,quantity) VALUES (751,26,76,89);
INSERT INTO Batch (bid,pdid,invid,quantity) VALUES (752,27,76,88);
INSERT INTO Batch (bid,pdid,invid,quantity) VALUES (753,64,76,88);
INSERT INTO Batch (bid,pdid,invid,quantity) VALUES (754,172,76,74);
INSERT INTO Batch (bid,pdid,invid,quantity) VALUES (755,178,76,57);
INSERT INTO Batch (bid,pdid,invid,quantity) VALUES (756,201,76,100);
INSERT INTO Batch (bid,pdid,invid,quantity) VALUES (757,218,76,78);
INSERT INTO Batch (bid,pdid,invid,quantity) VALUES (758,223,76,95);
INSERT INTO Batch (bid,pdid,invid,quantity) VALUES (759,295,76,51);
INSERT INTO Batch (bid,pdid,invid,quantity) VALUES (760,299,76,66);
INSERT INTO Batch (bid,pdid,invid,quantity) VALUES (761,29,77,67);
INSERT INTO Batch (bid,pdid,invid,quantity) VALUES (762,78,77,84);
INSERT INTO Batch (bid,pdid,invid,quantity) VALUES (763,99,77,52);
INSERT INTO Batch (bid,pdid,invid,quantity) VALUES (764,114,77,100);
INSERT INTO Batch (bid,pdid,invid,quantity) VALUES (765,131,77,77);
INSERT INTO Batch (bid,pdid,invid,quantity) VALUES (766,142,77,52);
INSERT INTO Batch (bid,pdid,invid,quantity) VALUES (767,228,77,54);
INSERT INTO Batch (bid,pdid,invid,quantity) VALUES (768,232,77,78);
INSERT INTO Batch (bid,pdid,invid,quantity) VALUES (769,282,77,77);
INSERT INTO Batch (bid,pdid,invid,quantity) VALUES (770,296,77,60);
INSERT INTO Batch (bid,pdid,invid,quantity) VALUES (771,61,78,76);
INSERT INTO Batch (bid,pdid,invid,quantity) VALUES (772,83,78,88);
INSERT INTO Batch (bid,pdid,invid,quantity) VALUES (773,106,78,69);
INSERT INTO Batch (bid,pdid,invid,quantity) VALUES (774,141,78,52);
INSERT INTO Batch (bid,pdid,invid,quantity) VALUES (775,149,78,90);
INSERT INTO Batch (bid,pdid,invid,quantity) VALUES (776,153,78,75);
INSERT INTO Batch (bid,pdid,invid,quantity) VALUES (777,194,78,59);
INSERT INTO Batch (bid,pdid,invid,quantity) VALUES (778,195,78,92);
INSERT INTO Batch (bid,pdid,invid,quantity) VALUES (779,260,78,66);
INSERT INTO Batch (bid,pdid,invid,quantity) VALUES (780,291,78,58);
INSERT INTO Batch (bid,pdid,invid,quantity) VALUES (781,17,79,93);
INSERT INTO Batch (bid,pdid,invid,quantity) VALUES (782,21,79,76);
INSERT INTO Batch (bid,pdid,invid,quantity) VALUES (783,71,79,99);
INSERT INTO Batch (bid,pdid,invid,quantity) VALUES (784,88,79,71);
INSERT INTO Batch (bid,pdid,invid,quantity) VALUES (785,92,79,55);
INSERT INTO Batch (bid,pdid,invid,quantity) VALUES (786,96,79,101);
INSERT INTO Batch (bid,pdid,invid,quantity) VALUES (787,114,79,77);
INSERT INTO Batch (bid,pdid,invid,quantity) VALUES (788,121,79,78);
INSERT INTO Batch (bid,pdid,invid,quantity) VALUES (789,226,79,60);
INSERT INTO Batch (bid,pdid,invid,quantity) VALUES (790,243,79,66);
INSERT INTO Batch (bid,pdid,invid,quantity) VALUES (791,22,80,75);
INSERT INTO Batch (bid,pdid,invid,quantity) VALUES (792,52,80,88);
INSERT INTO Batch (bid,pdid,invid,quantity) VALUES (793,84,80,51);
INSERT INTO Batch (bid,pdid,invid,quantity) VALUES (794,87,80,58);
INSERT INTO Batch (bid,pdid,invid,quantity) VALUES (795,149,80,51);
INSERT INTO Batch (bid,pdid,invid,quantity) VALUES (796,183,80,81);
INSERT INTO Batch (bid,pdid,invid,quantity) VALUES (797,206,80,81);
INSERT INTO Batch (bid,pdid,invid,quantity) VALUES (798,217,80,73);
INSERT INTO Batch (bid,pdid,invid,quantity) VALUES (799,261,80,57);
INSERT INTO Batch (bid,pdid,invid,quantity) VALUES (800,277,80,80);
INSERT INTO Batch (bid,pdid,invid,quantity) VALUES (801,45,81,50);
INSERT INTO Batch (bid,pdid,invid,quantity) VALUES (802,100,81,93);
INSERT INTO Batch (bid,pdid,invid,quantity) VALUES (803,123,81,74);
INSERT INTO Batch (bid,pdid,invid,quantity) VALUES (804,138,81,100);
INSERT INTO Batch (bid,pdid,invid,quantity) VALUES (805,164,81,72);
INSERT INTO Batch (bid,pdid,invid,quantity) VALUES (806,201,81,51);
INSERT INTO Batch (bid,pdid,invid,quantity) VALUES (807,247,81,76);
INSERT INTO Batch (bid,pdid,invid,quantity) VALUES (808,264,81,72);
INSERT INTO Batch (bid,pdid,invid,quantity) VALUES (809,272,81,75);
INSERT INTO Batch (bid,pdid,invid,quantity) VALUES (810,284,81,65);
INSERT INTO Batch (bid,pdid,invid,quantity) VALUES (811,63,82,59);
INSERT INTO Batch (bid,pdid,invid,quantity) VALUES (812,77,82,72);
INSERT INTO Batch (bid,pdid,invid,quantity) VALUES (813,92,82,68);
INSERT INTO Batch (bid,pdid,invid,quantity) VALUES (814,128,82,59);
INSERT INTO Batch (bid,pdid,invid,quantity) VALUES (815,159,82,82);
INSERT INTO Batch (bid,pdid,invid,quantity) VALUES (816,164,82,75);
INSERT INTO Batch (bid,pdid,invid,quantity) VALUES (817,166,82,85);
INSERT INTO Batch (bid,pdid,invid,quantity) VALUES (818,207,82,75);
INSERT INTO Batch (bid,pdid,invid,quantity) VALUES (819,235,82,68);
INSERT INTO Batch (bid,pdid,invid,quantity) VALUES (820,270,82,71);
INSERT INTO Batch (bid,pdid,invid,quantity) VALUES (821,85,83,72);
INSERT INTO Batch (bid,pdid,invid,quantity) VALUES (822,101,83,61);
INSERT INTO Batch (bid,pdid,invid,quantity) VALUES (823,107,83,93);
INSERT INTO Batch (bid,pdid,invid,quantity) VALUES (824,141,83,82);
INSERT INTO Batch (bid,pdid,invid,quantity) VALUES (825,161,83,51);
INSERT INTO Batch (bid,pdid,invid,quantity) VALUES (826,167,83,68);
INSERT INTO Batch (bid,pdid,invid,quantity) VALUES (827,206,83,71);
INSERT INTO Batch (bid,pdid,invid,quantity) VALUES (828,216,83,73);
INSERT INTO Batch (bid,pdid,invid,quantity) VALUES (829,261,83,68);
INSERT INTO Batch (bid,pdid,invid,quantity) VALUES (830,295,83,52);
INSERT INTO Batch (bid,pdid,invid,quantity) VALUES (831,22,84,75);
INSERT INTO Batch (bid,pdid,invid,quantity) VALUES (832,52,84,88);
INSERT INTO Batch (bid,pdid,invid,quantity) VALUES (833,84,84,51);
INSERT INTO Batch (bid,pdid,invid,quantity) VALUES (834,87,84,58);
INSERT INTO Batch (bid,pdid,invid,quantity) VALUES (835,149,84,51);
INSERT INTO Batch (bid,pdid,invid,quantity) VALUES (836,183,84,81);
INSERT INTO Batch (bid,pdid,invid,quantity) VALUES (837,206,84,81);
INSERT INTO Batch (bid,pdid,invid,quantity) VALUES (838,217,84,73);
INSERT INTO Batch (bid,pdid,invid,quantity) VALUES (839,261,84,57);
INSERT INTO Batch (bid,pdid,invid,quantity) VALUES (840,277,84,80);
INSERT INTO Batch (bid,pdid,invid,quantity) VALUES (841,18,85,90);
INSERT INTO Batch (bid,pdid,invid,quantity) VALUES (842,52,85,95);
INSERT INTO Batch (bid,pdid,invid,quantity) VALUES (843,54,85,63);
INSERT INTO Batch (bid,pdid,invid,quantity) VALUES (844,77,85,55);
INSERT INTO Batch (bid,pdid,invid,quantity) VALUES (845,78,85,53);
INSERT INTO Batch (bid,pdid,invid,quantity) VALUES (846,100,85,54);
INSERT INTO Batch (bid,pdid,invid,quantity) VALUES (847,137,85,66);
INSERT INTO Batch (bid,pdid,invid,quantity) VALUES (848,232,85,68);
INSERT INTO Batch (bid,pdid,invid,quantity) VALUES (849,247,85,59);
INSERT INTO Batch (bid,pdid,invid,quantity) VALUES (850,255,85,72);
INSERT INTO Batch (bid,pdid,invid,quantity) VALUES (851,3,86,96);
INSERT INTO Batch (bid,pdid,invid,quantity) VALUES (852,13,86,50);
INSERT INTO Batch (bid,pdid,invid,quantity) VALUES (853,26,86,86);
INSERT INTO Batch (bid,pdid,invid,quantity) VALUES (854,55,86,56);
INSERT INTO Batch (bid,pdid,invid,quantity) VALUES (855,119,86,52);
INSERT INTO Batch (bid,pdid,invid,quantity) VALUES (856,151,86,93);
INSERT INTO Batch (bid,pdid,invid,quantity) VALUES (857,198,86,97);
INSERT INTO Batch (bid,pdid,invid,quantity) VALUES (858,238,86,56);
INSERT INTO Batch (bid,pdid,invid,quantity) VALUES (859,266,86,57);
INSERT INTO Batch (bid,pdid,invid,quantity) VALUES (860,280,86,67);
INSERT INTO Batch (bid,pdid,invid,quantity) VALUES (861,29,87,87);
INSERT INTO Batch (bid,pdid,invid,quantity) VALUES (862,31,87,99);
INSERT INTO Batch (bid,pdid,invid,quantity) VALUES (863,38,87,52);
INSERT INTO Batch (bid,pdid,invid,quantity) VALUES (864,90,87,92);
INSERT INTO Batch (bid,pdid,invid,quantity) VALUES (865,125,87,50);
INSERT INTO Batch (bid,pdid,invid,quantity) VALUES (866,130,87,68);
INSERT INTO Batch (bid,pdid,invid,quantity) VALUES (867,154,87,62);
INSERT INTO Batch (bid,pdid,invid,quantity) VALUES (868,261,87,60);
INSERT INTO Batch (bid,pdid,invid,quantity) VALUES (869,272,87,89);
INSERT INTO Batch (bid,pdid,invid,quantity) VALUES (870,294,87,73);
INSERT INTO Batch (bid,pdid,invid,quantity) VALUES (871,46,88,64);
INSERT INTO Batch (bid,pdid,invid,quantity) VALUES (872,76,88,95);
INSERT INTO Batch (bid,pdid,invid,quantity) VALUES (873,83,88,50);
INSERT INTO Batch (bid,pdid,invid,quantity) VALUES (874,102,88,101);
INSERT INTO Batch (bid,pdid,invid,quantity) VALUES (875,180,88,67);
INSERT INTO Batch (bid,pdid,invid,quantity) VALUES (876,189,88,63);
INSERT INTO Batch (bid,pdid,invid,quantity) VALUES (877,190,88,93);
INSERT INTO Batch (bid,pdid,invid,quantity) VALUES (878,191,88,51);
INSERT INTO Batch (bid,pdid,invid,quantity) VALUES (879,229,88,78);
INSERT INTO Batch (bid,pdid,invid,quantity) VALUES (880,253,88,64);
INSERT INTO Batch (bid,pdid,invid,quantity) VALUES (881,9,89,92);
INSERT INTO Batch (bid,pdid,invid,quantity) VALUES (882,33,89,88);
INSERT INTO Batch (bid,pdid,invid,quantity) VALUES (883,56,89,100);
INSERT INTO Batch (bid,pdid,invid,quantity) VALUES (884,64,89,69);
INSERT INTO Batch (bid,pdid,invid,quantity) VALUES (885,85,89,77);
INSERT INTO Batch (bid,pdid,invid,quantity) VALUES (886,134,89,84);
INSERT INTO Batch (bid,pdid,invid,quantity) VALUES (887,150,89,52);
INSERT INTO Batch (bid,pdid,invid,quantity) VALUES (888,185,89,55);
INSERT INTO Batch (bid,pdid,invid,quantity) VALUES (889,203,89,100);
INSERT INTO Batch (bid,pdid,invid,quantity) VALUES (890,238,89,95);
INSERT INTO Batch (bid,pdid,invid,quantity) VALUES (891,19,90,100);
INSERT INTO Batch (bid,pdid,invid,quantity) VALUES (892,34,90,65);
INSERT INTO Batch (bid,pdid,invid,quantity) VALUES (893,78,90,67);
INSERT INTO Batch (bid,pdid,invid,quantity) VALUES (894,89,90,89);
INSERT INTO Batch (bid,pdid,invid,quantity) VALUES (895,127,90,93);
INSERT INTO Batch (bid,pdid,invid,quantity) VALUES (896,202,90,82);
INSERT INTO Batch (bid,pdid,invid,quantity) VALUES (897,230,90,98);
INSERT INTO Batch (bid,pdid,invid,quantity) VALUES (898,232,90,57);
INSERT INTO Batch (bid,pdid,invid,quantity) VALUES (899,236,90,63);
INSERT INTO Batch (bid,pdid,invid,quantity) VALUES (900,281,90,73);
INSERT INTO Batch (bid,pdid,invid,quantity) VALUES (901,3,91,58);
INSERT INTO Batch (bid,pdid,invid,quantity) VALUES (902,28,91,68);
INSERT INTO Batch (bid,pdid,invid,quantity) VALUES (903,54,91,86);
INSERT INTO Batch (bid,pdid,invid,quantity) VALUES (904,55,91,82);
INSERT INTO Batch (bid,pdid,invid,quantity) VALUES (905,112,91,100);
INSERT INTO Batch (bid,pdid,invid,quantity) VALUES (906,123,91,89);
INSERT INTO Batch (bid,pdid,invid,quantity) VALUES (907,195,91,77);
INSERT INTO Batch (bid,pdid,invid,quantity) VALUES (908,205,91,54);
INSERT INTO Batch (bid,pdid,invid,quantity) VALUES (909,230,91,52);
INSERT INTO Batch (bid,pdid,invid,quantity) VALUES (910,247,91,100);
INSERT INTO Batch (bid,pdid,invid,quantity) VALUES (911,34,92,72);
INSERT INTO Batch (bid,pdid,invid,quantity) VALUES (912,80,92,52);
INSERT INTO Batch (bid,pdid,invid,quantity) VALUES (913,101,92,65);
INSERT INTO Batch (bid,pdid,invid,quantity) VALUES (914,123,92,86);
INSERT INTO Batch (bid,pdid,invid,quantity) VALUES (915,143,92,94);
INSERT INTO Batch (bid,pdid,invid,quantity) VALUES (916,168,92,88);
INSERT INTO Batch (bid,pdid,invid,quantity) VALUES (917,173,92,63);
INSERT INTO Batch (bid,pdid,invid,quantity) VALUES (918,229,92,85);
INSERT INTO Batch (bid,pdid,invid,quantity) VALUES (919,254,92,59);
INSERT INTO Batch (bid,pdid,invid,quantity) VALUES (920,300,92,86);
INSERT INTO Batch (bid,pdid,invid,quantity) VALUES (921,30,93,93);
INSERT INTO Batch (bid,pdid,invid,quantity) VALUES (922,51,93,53);
INSERT INTO Batch (bid,pdid,invid,quantity) VALUES (923,62,93,79);
INSERT INTO Batch (bid,pdid,invid,quantity) VALUES (924,130,93,77);
INSERT INTO Batch (bid,pdid,invid,quantity) VALUES (925,133,93,72);
INSERT INTO Batch (bid,pdid,invid,quantity) VALUES (926,154,93,51);
INSERT INTO Batch (bid,pdid,invid,quantity) VALUES (927,191,93,55);
INSERT INTO Batch (bid,pdid,invid,quantity) VALUES (928,215,93,73);
INSERT INTO Batch (bid,pdid,invid,quantity) VALUES (929,243,93,87);
INSERT INTO Batch (bid,pdid,invid,quantity) VALUES (930,273,93,83);
INSERT INTO Batch (bid,pdid,invid,quantity) VALUES (931,16,94,73);
INSERT INTO Batch (bid,pdid,invid,quantity) VALUES (932,29,94,74);
INSERT INTO Batch (bid,pdid,invid,quantity) VALUES (933,147,94,65);
INSERT INTO Batch (bid,pdid,invid,quantity) VALUES (934,155,94,72);
INSERT INTO Batch (bid,pdid,invid,quantity) VALUES (935,178,94,87);
INSERT INTO Batch (bid,pdid,invid,quantity) VALUES (936,222,94,98);
INSERT INTO Batch (bid,pdid,invid,quantity) VALUES (937,223,94,83);
INSERT INTO Batch (bid,pdid,invid,quantity) VALUES (938,243,94,97);
INSERT INTO Batch (bid,pdid,invid,quantity) VALUES (939,255,94,79);
INSERT INTO Batch (bid,pdid,invid,quantity) VALUES (940,285,94,59);
INSERT INTO Batch (bid,pdid,invid,quantity) VALUES (941,4,95,80);
INSERT INTO Batch (bid,pdid,invid,quantity) VALUES (942,11,95,85);
INSERT INTO Batch (bid,pdid,invid,quantity) VALUES (943,61,95,52);
INSERT INTO Batch (bid,pdid,invid,quantity) VALUES (944,101,95,84);
INSERT INTO Batch (bid,pdid,invid,quantity) VALUES (945,137,95,95);
INSERT INTO Batch (bid,pdid,invid,quantity) VALUES (946,158,95,82);
INSERT INTO Batch (bid,pdid,invid,quantity) VALUES (947,187,95,96);
INSERT INTO Batch (bid,pdid,invid,quantity) VALUES (948,237,95,77);
INSERT INTO Batch (bid,pdid,invid,quantity) VALUES (949,238,95,99);
INSERT INTO Batch (bid,pdid,invid,quantity) VALUES (950,270,95,97);
INSERT INTO Batch (bid,pdid,invid,quantity) VALUES (951,7,96,85);
INSERT INTO Batch (bid,pdid,invid,quantity) VALUES (952,18,96,51);
INSERT INTO Batch (bid,pdid,invid,quantity) VALUES (953,32,96,86);
INSERT INTO Batch (bid,pdid,invid,quantity) VALUES (954,34,96,56);
INSERT INTO Batch (bid,pdid,invid,quantity) VALUES (955,35,96,52);
INSERT INTO Batch (bid,pdid,invid,quantity) VALUES (956,36,96,77);
INSERT INTO Batch (bid,pdid,invid,quantity) VALUES (957,97,96,77);
INSERT INTO Batch (bid,pdid,invid,quantity) VALUES (958,103,96,82);
INSERT INTO Batch (bid,pdid,invid,quantity) VALUES (959,140,96,82);
INSERT INTO Batch (bid,pdid,invid,quantity) VALUES (960,215,96,95);
INSERT INTO Batch (bid,pdid,invid,quantity) VALUES (961,34,97,92);
INSERT INTO Batch (bid,pdid,invid,quantity) VALUES (962,79,97,56);
INSERT INTO Batch (bid,pdid,invid,quantity) VALUES (963,160,97,91);
INSERT INTO Batch (bid,pdid,invid,quantity) VALUES (964,174,97,93);
INSERT INTO Batch (bid,pdid,invid,quantity) VALUES (965,176,97,75);
INSERT INTO Batch (bid,pdid,invid,quantity) VALUES (966,219,97,50);
INSERT INTO Batch (bid,pdid,invid,quantity) VALUES (967,228,97,67);
INSERT INTO Batch (bid,pdid,invid,quantity) VALUES (968,253,97,80);
INSERT INTO Batch (bid,pdid,invid,quantity) VALUES (969,267,97,97);
INSERT INTO Batch (bid,pdid,invid,quantity) VALUES (970,275,97,100);
INSERT INTO Batch (bid,pdid,invid,quantity) VALUES (971,34,98,92);
INSERT INTO Batch (bid,pdid,invid,quantity) VALUES (972,79,98,56);
INSERT INTO Batch (bid,pdid,invid,quantity) VALUES (973,160,98,91);
INSERT INTO Batch (bid,pdid,invid,quantity) VALUES (974,174,98,93);
INSERT INTO Batch (bid,pdid,invid,quantity) VALUES (975,176,98,75);
INSERT INTO Batch (bid,pdid,invid,quantity) VALUES (976,219,98,50);
INSERT INTO Batch (bid,pdid,invid,quantity) VALUES (977,228,98,67);
INSERT INTO Batch (bid,pdid,invid,quantity) VALUES (978,253,98,80);
INSERT INTO Batch (bid,pdid,invid,quantity) VALUES (979,267,98,97);
INSERT INTO Batch (bid,pdid,invid,quantity) VALUES (980,275,98,100);
INSERT INTO Batch (bid,pdid,invid,quantity) VALUES (981,13,99,54);
INSERT INTO Batch (bid,pdid,invid,quantity) VALUES (982,46,99,55);
INSERT INTO Batch (bid,pdid,invid,quantity) VALUES (983,66,99,62);
INSERT INTO Batch (bid,pdid,invid,quantity) VALUES (984,68,99,81);
INSERT INTO Batch (bid,pdid,invid,quantity) VALUES (985,88,99,64);
INSERT INTO Batch (bid,pdid,invid,quantity) VALUES (986,99,99,60);
INSERT INTO Batch (bid,pdid,invid,quantity) VALUES (987,116,99,60);
INSERT INTO Batch (bid,pdid,invid,quantity) VALUES (988,181,99,72);
INSERT INTO Batch (bid,pdid,invid,quantity) VALUES (989,198,99,95);
INSERT INTO Batch (bid,pdid,invid,quantity) VALUES (990,288,99,73);
INSERT INTO Batch (bid,pdid,invid,quantity) VALUES (991,63,100,59);
INSERT INTO Batch (bid,pdid,invid,quantity) VALUES (992,77,100,72);
INSERT INTO Batch (bid,pdid,invid,quantity) VALUES (993,92,100,68);
INSERT INTO Batch (bid,pdid,invid,quantity) VALUES (994,128,100,59);
INSERT INTO Batch (bid,pdid,invid,quantity) VALUES (995,159,100,82);
INSERT INTO Batch (bid,pdid,invid,quantity) VALUES (996,164,100,75);
INSERT INTO Batch (bid,pdid,invid,quantity) VALUES (997,166,100,85);
INSERT INTO Batch (bid,pdid,invid,quantity) VALUES (998,207,100,75);
INSERT INTO Batch (bid,pdid,invid,quantity) VALUES (999,235,100,68);
INSERT INTO Batch (bid,pdid,invid,quantity) VALUES (1000,270,100,71);
INSERT INTO Batch (bid,pdid,invid,quantity) VALUES (1001,4,101,80);
INSERT INTO Batch (bid,pdid,invid,quantity) VALUES (1002,11,101,85);
INSERT INTO Batch (bid,pdid,invid,quantity) VALUES (1003,61,101,52);
INSERT INTO Batch (bid,pdid,invid,quantity) VALUES (1004,101,101,84);
INSERT INTO Batch (bid,pdid,invid,quantity) VALUES (1005,137,101,95);
INSERT INTO Batch (bid,pdid,invid,quantity) VALUES (1006,158,101,82);
INSERT INTO Batch (bid,pdid,invid,quantity) VALUES (1007,187,101,96);
INSERT INTO Batch (bid,pdid,invid,quantity) VALUES (1008,237,101,77);
INSERT INTO Batch (bid,pdid,invid,quantity) VALUES (1009,238,101,99);
INSERT INTO Batch (bid,pdid,invid,quantity) VALUES (1010,270,101,97);
INSERT INTO Batch (bid,pdid,invid,quantity) VALUES (1011,10,102,53);
INSERT INTO Batch (bid,pdid,invid,quantity) VALUES (1012,22,102,86);
INSERT INTO Batch (bid,pdid,invid,quantity) VALUES (1013,60,102,57);
INSERT INTO Batch (bid,pdid,invid,quantity) VALUES (1014,76,102,82);
INSERT INTO Batch (bid,pdid,invid,quantity) VALUES (1015,148,102,78);
INSERT INTO Batch (bid,pdid,invid,quantity) VALUES (1016,188,102,89);
INSERT INTO Batch (bid,pdid,invid,quantity) VALUES (1017,214,102,80);
INSERT INTO Batch (bid,pdid,invid,quantity) VALUES (1018,242,102,89);
INSERT INTO Batch (bid,pdid,invid,quantity) VALUES (1019,244,102,64);
INSERT INTO Batch (bid,pdid,invid,quantity) VALUES (1020,268,102,76);
INSERT INTO Batch (bid,pdid,invid,quantity) VALUES (1021,57,103,54);
INSERT INTO Batch (bid,pdid,invid,quantity) VALUES (1022,84,103,101);
INSERT INTO Batch (bid,pdid,invid,quantity) VALUES (1023,103,103,62);
INSERT INTO Batch (bid,pdid,invid,quantity) VALUES (1024,129,103,92);
INSERT INTO Batch (bid,pdid,invid,quantity) VALUES (1025,159,103,74);
INSERT INTO Batch (bid,pdid,invid,quantity) VALUES (1026,232,103,92);
INSERT INTO Batch (bid,pdid,invid,quantity) VALUES (1027,238,103,95);
INSERT INTO Batch (bid,pdid,invid,quantity) VALUES (1028,240,103,70);
INSERT INTO Batch (bid,pdid,invid,quantity) VALUES (1029,249,103,54);
INSERT INTO Batch (bid,pdid,invid,quantity) VALUES (1030,298,103,75);
INSERT INTO Batch (bid,pdid,invid,quantity) VALUES (1031,64,104,86);
INSERT INTO Batch (bid,pdid,invid,quantity) VALUES (1032,88,104,84);
INSERT INTO Batch (bid,pdid,invid,quantity) VALUES (1033,123,104,70);
INSERT INTO Batch (bid,pdid,invid,quantity) VALUES (1034,133,104,58);
INSERT INTO Batch (bid,pdid,invid,quantity) VALUES (1035,156,104,59);
INSERT INTO Batch (bid,pdid,invid,quantity) VALUES (1036,178,104,71);
INSERT INTO Batch (bid,pdid,invid,quantity) VALUES (1037,182,104,52);
INSERT INTO Batch (bid,pdid,invid,quantity) VALUES (1038,242,104,55);
INSERT INTO Batch (bid,pdid,invid,quantity) VALUES (1039,278,104,56);
INSERT INTO Batch (bid,pdid,invid,quantity) VALUES (1040,281,104,54);
INSERT INTO Batch (bid,pdid,invid,quantity) VALUES (1041,3,105,96);
INSERT INTO Batch (bid,pdid,invid,quantity) VALUES (1042,13,105,50);
INSERT INTO Batch (bid,pdid,invid,quantity) VALUES (1043,26,105,86);
INSERT INTO Batch (bid,pdid,invid,quantity) VALUES (1044,55,105,56);
INSERT INTO Batch (bid,pdid,invid,quantity) VALUES (1045,119,105,52);
INSERT INTO Batch (bid,pdid,invid,quantity) VALUES (1046,151,105,93);
INSERT INTO Batch (bid,pdid,invid,quantity) VALUES (1047,198,105,97);
INSERT INTO Batch (bid,pdid,invid,quantity) VALUES (1048,238,105,56);
INSERT INTO Batch (bid,pdid,invid,quantity) VALUES (1049,266,105,57);
INSERT INTO Batch (bid,pdid,invid,quantity) VALUES (1050,280,105,67);
INSERT INTO Batch (bid,pdid,invid,quantity) VALUES (1051,29,106,99);
INSERT INTO Batch (bid,pdid,invid,quantity) VALUES (1052,60,106,65);
INSERT INTO Batch (bid,pdid,invid,quantity) VALUES (1053,80,106,87);
INSERT INTO Batch (bid,pdid,invid,quantity) VALUES (1054,111,106,91);
INSERT INTO Batch (bid,pdid,invid,quantity) VALUES (1055,117,106,72);
INSERT INTO Batch (bid,pdid,invid,quantity) VALUES (1056,127,106,54);
INSERT INTO Batch (bid,pdid,invid,quantity) VALUES (1057,136,106,59);
INSERT INTO Batch (bid,pdid,invid,quantity) VALUES (1058,171,106,71);
INSERT INTO Batch (bid,pdid,invid,quantity) VALUES (1059,216,106,85);
INSERT INTO Batch (bid,pdid,invid,quantity) VALUES (1060,255,106,100);
INSERT INTO Batch (bid,pdid,invid,quantity) VALUES (1061,10,107,53);
INSERT INTO Batch (bid,pdid,invid,quantity) VALUES (1062,22,107,86);
INSERT INTO Batch (bid,pdid,invid,quantity) VALUES (1063,60,107,57);
INSERT INTO Batch (bid,pdid,invid,quantity) VALUES (1064,76,107,82);
INSERT INTO Batch (bid,pdid,invid,quantity) VALUES (1065,148,107,78);
INSERT INTO Batch (bid,pdid,invid,quantity) VALUES (1066,188,107,89);
INSERT INTO Batch (bid,pdid,invid,quantity) VALUES (1067,214,107,80);
INSERT INTO Batch (bid,pdid,invid,quantity) VALUES (1068,242,107,89);
INSERT INTO Batch (bid,pdid,invid,quantity) VALUES (1069,244,107,64);
INSERT INTO Batch (bid,pdid,invid,quantity) VALUES (1070,268,107,76);
INSERT INTO Batch (bid,pdid,invid,quantity) VALUES (1071,7,108,85);
INSERT INTO Batch (bid,pdid,invid,quantity) VALUES (1072,18,108,51);
INSERT INTO Batch (bid,pdid,invid,quantity) VALUES (1073,32,108,86);
INSERT INTO Batch (bid,pdid,invid,quantity) VALUES (1074,34,108,56);
INSERT INTO Batch (bid,pdid,invid,quantity) VALUES (1075,35,108,52);
INSERT INTO Batch (bid,pdid,invid,quantity) VALUES (1076,36,108,77);
INSERT INTO Batch (bid,pdid,invid,quantity) VALUES (1077,97,108,77);
INSERT INTO Batch (bid,pdid,invid,quantity) VALUES (1078,103,108,82);
INSERT INTO Batch (bid,pdid,invid,quantity) VALUES (1079,140,108,82);
INSERT INTO Batch (bid,pdid,invid,quantity) VALUES (1080,215,108,95);
INSERT INTO Batch (bid,pdid,invid,quantity) VALUES (1081,10,109,53);
INSERT INTO Batch (bid,pdid,invid,quantity) VALUES (1082,22,109,86);
INSERT INTO Batch (bid,pdid,invid,quantity) VALUES (1083,60,109,57);
INSERT INTO Batch (bid,pdid,invid,quantity) VALUES (1084,76,109,82);
INSERT INTO Batch (bid,pdid,invid,quantity) VALUES (1085,148,109,78);
INSERT INTO Batch (bid,pdid,invid,quantity) VALUES (1086,188,109,89);
INSERT INTO Batch (bid,pdid,invid,quantity) VALUES (1087,214,109,80);
INSERT INTO Batch (bid,pdid,invid,quantity) VALUES (1088,242,109,89);
INSERT INTO Batch (bid,pdid,invid,quantity) VALUES (1089,244,109,64);
INSERT INTO Batch (bid,pdid,invid,quantity) VALUES (1090,268,109,76);
INSERT INTO Batch (bid,pdid,invid,quantity) VALUES (1091,9,110,92);
INSERT INTO Batch (bid,pdid,invid,quantity) VALUES (1092,33,110,88);
INSERT INTO Batch (bid,pdid,invid,quantity) VALUES (1093,56,110,100);
INSERT INTO Batch (bid,pdid,invid,quantity) VALUES (1094,64,110,69);
INSERT INTO Batch (bid,pdid,invid,quantity) VALUES (1095,85,110,77);
INSERT INTO Batch (bid,pdid,invid,quantity) VALUES (1096,134,110,84);
INSERT INTO Batch (bid,pdid,invid,quantity) VALUES (1097,150,110,52);
INSERT INTO Batch (bid,pdid,invid,quantity) VALUES (1098,185,110,55);
INSERT INTO Batch (bid,pdid,invid,quantity) VALUES (1099,203,110,100);
INSERT INTO Batch (bid,pdid,invid,quantity) VALUES (1100,238,110,95);
INSERT INTO Batch (bid,pdid,invid,quantity) VALUES (1101,14,111,59);
INSERT INTO Batch (bid,pdid,invid,quantity) VALUES (1102,85,111,74);
INSERT INTO Batch (bid,pdid,invid,quantity) VALUES (1103,143,111,73);
INSERT INTO Batch (bid,pdid,invid,quantity) VALUES (1104,155,111,86);
INSERT INTO Batch (bid,pdid,invid,quantity) VALUES (1105,175,111,79);
INSERT INTO Batch (bid,pdid,invid,quantity) VALUES (1106,186,111,54);
INSERT INTO Batch (bid,pdid,invid,quantity) VALUES (1107,232,111,79);
INSERT INTO Batch (bid,pdid,invid,quantity) VALUES (1108,264,111,70);
INSERT INTO Batch (bid,pdid,invid,quantity) VALUES (1109,274,111,68);
INSERT INTO Batch (bid,pdid,invid,quantity) VALUES (1110,285,111,66);
INSERT INTO Batch (bid,pdid,invid,quantity) VALUES (1111,46,112,64);
INSERT INTO Batch (bid,pdid,invid,quantity) VALUES (1112,76,112,95);
INSERT INTO Batch (bid,pdid,invid,quantity) VALUES (1113,83,112,50);
INSERT INTO Batch (bid,pdid,invid,quantity) VALUES (1114,102,112,101);
INSERT INTO Batch (bid,pdid,invid,quantity) VALUES (1115,180,112,67);
INSERT INTO Batch (bid,pdid,invid,quantity) VALUES (1116,189,112,63);
INSERT INTO Batch (bid,pdid,invid,quantity) VALUES (1117,190,112,93);
INSERT INTO Batch (bid,pdid,invid,quantity) VALUES (1118,191,112,51);
INSERT INTO Batch (bid,pdid,invid,quantity) VALUES (1119,229,112,78);
INSERT INTO Batch (bid,pdid,invid,quantity) VALUES (1120,253,112,64);
INSERT INTO Batch (bid,pdid,invid,quantity) VALUES (1121,22,113,75);
INSERT INTO Batch (bid,pdid,invid,quantity) VALUES (1122,52,113,88);
INSERT INTO Batch (bid,pdid,invid,quantity) VALUES (1123,84,113,51);
INSERT INTO Batch (bid,pdid,invid,quantity) VALUES (1124,87,113,58);
INSERT INTO Batch (bid,pdid,invid,quantity) VALUES (1125,149,113,51);
INSERT INTO Batch (bid,pdid,invid,quantity) VALUES (1126,183,113,81);
INSERT INTO Batch (bid,pdid,invid,quantity) VALUES (1127,206,113,81);
INSERT INTO Batch (bid,pdid,invid,quantity) VALUES (1128,217,113,73);
INSERT INTO Batch (bid,pdid,invid,quantity) VALUES (1129,261,113,57);
INSERT INTO Batch (bid,pdid,invid,quantity) VALUES (1130,277,113,80);
INSERT INTO Batch (bid,pdid,invid,quantity) VALUES (1131,85,114,72);
INSERT INTO Batch (bid,pdid,invid,quantity) VALUES (1132,101,114,61);
INSERT INTO Batch (bid,pdid,invid,quantity) VALUES (1133,107,114,93);
INSERT INTO Batch (bid,pdid,invid,quantity) VALUES (1134,141,114,82);
INSERT INTO Batch (bid,pdid,invid,quantity) VALUES (1135,161,114,51);
INSERT INTO Batch (bid,pdid,invid,quantity) VALUES (1136,167,114,68);
INSERT INTO Batch (bid,pdid,invid,quantity) VALUES (1137,206,114,71);
INSERT INTO Batch (bid,pdid,invid,quantity) VALUES (1138,216,114,73);
INSERT INTO Batch (bid,pdid,invid,quantity) VALUES (1139,261,114,68);
INSERT INTO Batch (bid,pdid,invid,quantity) VALUES (1140,295,114,52);
INSERT INTO Batch (bid,pdid,invid,quantity) VALUES (1141,32,115,61);
INSERT INTO Batch (bid,pdid,invid,quantity) VALUES (1142,50,115,68);
INSERT INTO Batch (bid,pdid,invid,quantity) VALUES (1143,96,115,50);
INSERT INTO Batch (bid,pdid,invid,quantity) VALUES (1144,99,115,92);
INSERT INTO Batch (bid,pdid,invid,quantity) VALUES (1145,105,115,59);
INSERT INTO Batch (bid,pdid,invid,quantity) VALUES (1146,144,115,93);
INSERT INTO Batch (bid,pdid,invid,quantity) VALUES (1147,194,115,94);
INSERT INTO Batch (bid,pdid,invid,quantity) VALUES (1148,209,115,77);
INSERT INTO Batch (bid,pdid,invid,quantity) VALUES (1149,237,115,80);
INSERT INTO Batch (bid,pdid,invid,quantity) VALUES (1150,257,115,96);
INSERT INTO Batch (bid,pdid,invid,quantity) VALUES (1151,14,116,91);
INSERT INTO Batch (bid,pdid,invid,quantity) VALUES (1152,58,116,62);
INSERT INTO Batch (bid,pdid,invid,quantity) VALUES (1153,95,116,93);
INSERT INTO Batch (bid,pdid,invid,quantity) VALUES (1154,96,116,85);
INSERT INTO Batch (bid,pdid,invid,quantity) VALUES (1155,121,116,64);
INSERT INTO Batch (bid,pdid,invid,quantity) VALUES (1156,185,116,68);
INSERT INTO Batch (bid,pdid,invid,quantity) VALUES (1157,188,116,50);
INSERT INTO Batch (bid,pdid,invid,quantity) VALUES (1158,231,116,58);
INSERT INTO Batch (bid,pdid,invid,quantity) VALUES (1159,252,116,101);
INSERT INTO Batch (bid,pdid,invid,quantity) VALUES (1160,267,116,93);
INSERT INTO Batch (bid,pdid,invid,quantity) VALUES (1161,32,117,61);
INSERT INTO Batch (bid,pdid,invid,quantity) VALUES (1162,50,117,68);
INSERT INTO Batch (bid,pdid,invid,quantity) VALUES (1163,96,117,50);
INSERT INTO Batch (bid,pdid,invid,quantity) VALUES (1164,99,117,92);
INSERT INTO Batch (bid,pdid,invid,quantity) VALUES (1165,105,117,59);
INSERT INTO Batch (bid,pdid,invid,quantity) VALUES (1166,144,117,93);
INSERT INTO Batch (bid,pdid,invid,quantity) VALUES (1167,194,117,94);
INSERT INTO Batch (bid,pdid,invid,quantity) VALUES (1168,209,117,77);
INSERT INTO Batch (bid,pdid,invid,quantity) VALUES (1169,237,117,80);
INSERT INTO Batch (bid,pdid,invid,quantity) VALUES (1170,257,117,96);
INSERT INTO Batch (bid,pdid,invid,quantity) VALUES (1171,6,118,58);
INSERT INTO Batch (bid,pdid,invid,quantity) VALUES (1172,14,118,73);
INSERT INTO Batch (bid,pdid,invid,quantity) VALUES (1173,22,118,65);
INSERT INTO Batch (bid,pdid,invid,quantity) VALUES (1174,52,118,59);
INSERT INTO Batch (bid,pdid,invid,quantity) VALUES (1175,87,118,69);
INSERT INTO Batch (bid,pdid,invid,quantity) VALUES (1176,179,118,54);
INSERT INTO Batch (bid,pdid,invid,quantity) VALUES (1177,217,118,70);
INSERT INTO Batch (bid,pdid,invid,quantity) VALUES (1178,241,118,50);
INSERT INTO Batch (bid,pdid,invid,quantity) VALUES (1179,247,118,57);
INSERT INTO Batch (bid,pdid,invid,quantity) VALUES (1180,271,118,80);
INSERT INTO Batch (bid,pdid,invid,quantity) VALUES (1181,26,119,53);
INSERT INTO Batch (bid,pdid,invid,quantity) VALUES (1182,55,119,99);
INSERT INTO Batch (bid,pdid,invid,quantity) VALUES (1183,68,119,58);
INSERT INTO Batch (bid,pdid,invid,quantity) VALUES (1184,111,119,70);
INSERT INTO Batch (bid,pdid,invid,quantity) VALUES (1185,117,119,71);
INSERT INTO Batch (bid,pdid,invid,quantity) VALUES (1186,118,119,84);
INSERT INTO Batch (bid,pdid,invid,quantity) VALUES (1187,210,119,56);
INSERT INTO Batch (bid,pdid,invid,quantity) VALUES (1188,217,119,99);
INSERT INTO Batch (bid,pdid,invid,quantity) VALUES (1189,230,119,87);
INSERT INTO Batch (bid,pdid,invid,quantity) VALUES (1190,275,119,81);
INSERT INTO Batch (bid,pdid,invid,quantity) VALUES (1191,11,120,86);
INSERT INTO Batch (bid,pdid,invid,quantity) VALUES (1192,26,120,86);
INSERT INTO Batch (bid,pdid,invid,quantity) VALUES (1193,58,120,85);
INSERT INTO Batch (bid,pdid,invid,quantity) VALUES (1194,100,120,59);
INSERT INTO Batch (bid,pdid,invid,quantity) VALUES (1195,102,120,80);
INSERT INTO Batch (bid,pdid,invid,quantity) VALUES (1196,114,120,92);
INSERT INTO Batch (bid,pdid,invid,quantity) VALUES (1197,164,120,100);
INSERT INTO Batch (bid,pdid,invid,quantity) VALUES (1198,165,120,60);
INSERT INTO Batch (bid,pdid,invid,quantity) VALUES (1199,166,120,91);
INSERT INTO Batch (bid,pdid,invid,quantity) VALUES (1200,262,120,77);
INSERT INTO Batch (bid,pdid,invid,quantity) VALUES (1201,22,121,75);
INSERT INTO Batch (bid,pdid,invid,quantity) VALUES (1202,52,121,88);
INSERT INTO Batch (bid,pdid,invid,quantity) VALUES (1203,84,121,51);
INSERT INTO Batch (bid,pdid,invid,quantity) VALUES (1204,87,121,58);
INSERT INTO Batch (bid,pdid,invid,quantity) VALUES (1205,149,121,51);
INSERT INTO Batch (bid,pdid,invid,quantity) VALUES (1206,183,121,81);
INSERT INTO Batch (bid,pdid,invid,quantity) VALUES (1207,206,121,81);
INSERT INTO Batch (bid,pdid,invid,quantity) VALUES (1208,217,121,73);
INSERT INTO Batch (bid,pdid,invid,quantity) VALUES (1209,261,121,57);
INSERT INTO Batch (bid,pdid,invid,quantity) VALUES (1210,277,121,80);
INSERT INTO Batch (bid,pdid,invid,quantity) VALUES (1211,13,122,54);
INSERT INTO Batch (bid,pdid,invid,quantity) VALUES (1212,46,122,55);
INSERT INTO Batch (bid,pdid,invid,quantity) VALUES (1213,66,122,62);
INSERT INTO Batch (bid,pdid,invid,quantity) VALUES (1214,68,122,81);
INSERT INTO Batch (bid,pdid,invid,quantity) VALUES (1215,88,122,64);
INSERT INTO Batch (bid,pdid,invid,quantity) VALUES (1216,99,122,60);
INSERT INTO Batch (bid,pdid,invid,quantity) VALUES (1217,116,122,60);
INSERT INTO Batch (bid,pdid,invid,quantity) VALUES (1218,181,122,72);
INSERT INTO Batch (bid,pdid,invid,quantity) VALUES (1219,198,122,95);
INSERT INTO Batch (bid,pdid,invid,quantity) VALUES (1220,288,122,73);
INSERT INTO Batch (bid,pdid,invid,quantity) VALUES (1221,9,123,96);
INSERT INTO Batch (bid,pdid,invid,quantity) VALUES (1222,78,123,91);
INSERT INTO Batch (bid,pdid,invid,quantity) VALUES (1223,152,123,58);
INSERT INTO Batch (bid,pdid,invid,quantity) VALUES (1224,162,123,54);
INSERT INTO Batch (bid,pdid,invid,quantity) VALUES (1225,205,123,100);
INSERT INTO Batch (bid,pdid,invid,quantity) VALUES (1226,217,123,56);
INSERT INTO Batch (bid,pdid,invid,quantity) VALUES (1227,220,123,79);
INSERT INTO Batch (bid,pdid,invid,quantity) VALUES (1228,244,123,94);
INSERT INTO Batch (bid,pdid,invid,quantity) VALUES (1229,249,123,66);
INSERT INTO Batch (bid,pdid,invid,quantity) VALUES (1230,269,123,58);
INSERT INTO Batch (bid,pdid,invid,quantity) VALUES (1231,7,124,85);
INSERT INTO Batch (bid,pdid,invid,quantity) VALUES (1232,18,124,51);
INSERT INTO Batch (bid,pdid,invid,quantity) VALUES (1233,32,124,86);
INSERT INTO Batch (bid,pdid,invid,quantity) VALUES (1234,34,124,56);
INSERT INTO Batch (bid,pdid,invid,quantity) VALUES (1235,35,124,52);
INSERT INTO Batch (bid,pdid,invid,quantity) VALUES (1236,36,124,77);
INSERT INTO Batch (bid,pdid,invid,quantity) VALUES (1237,97,124,77);
INSERT INTO Batch (bid,pdid,invid,quantity) VALUES (1238,103,124,82);
INSERT INTO Batch (bid,pdid,invid,quantity) VALUES (1239,140,124,82);
INSERT INTO Batch (bid,pdid,invid,quantity) VALUES (1240,215,124,95);
INSERT INTO Batch (bid,pdid,invid,quantity) VALUES (1241,9,125,96);
INSERT INTO Batch (bid,pdid,invid,quantity) VALUES (1242,78,125,91);
INSERT INTO Batch (bid,pdid,invid,quantity) VALUES (1243,152,125,58);
INSERT INTO Batch (bid,pdid,invid,quantity) VALUES (1244,162,125,54);
INSERT INTO Batch (bid,pdid,invid,quantity) VALUES (1245,205,125,100);
INSERT INTO Batch (bid,pdid,invid,quantity) VALUES (1246,217,125,56);
INSERT INTO Batch (bid,pdid,invid,quantity) VALUES (1247,220,125,79);
INSERT INTO Batch (bid,pdid,invid,quantity) VALUES (1248,244,125,94);
INSERT INTO Batch (bid,pdid,invid,quantity) VALUES (1249,249,125,66);
INSERT INTO Batch (bid,pdid,invid,quantity) VALUES (1250,269,125,58);
INSERT INTO Batch (bid,pdid,invid,quantity) VALUES (1251,4,126,80);
INSERT INTO Batch (bid,pdid,invid,quantity) VALUES (1252,11,126,85);
INSERT INTO Batch (bid,pdid,invid,quantity) VALUES (1253,61,126,52);
INSERT INTO Batch (bid,pdid,invid,quantity) VALUES (1254,101,126,84);
INSERT INTO Batch (bid,pdid,invid,quantity) VALUES (1255,137,126,95);
INSERT INTO Batch (bid,pdid,invid,quantity) VALUES (1256,158,126,82);
INSERT INTO Batch (bid,pdid,invid,quantity) VALUES (1257,187,126,96);
INSERT INTO Batch (bid,pdid,invid,quantity) VALUES (1258,237,126,77);
INSERT INTO Batch (bid,pdid,invid,quantity) VALUES (1259,238,126,99);
INSERT INTO Batch (bid,pdid,invid,quantity) VALUES (1260,270,126,97);
INSERT INTO Batch (bid,pdid,invid,quantity) VALUES (1261,18,127,74);
INSERT INTO Batch (bid,pdid,invid,quantity) VALUES (1262,50,127,55);
INSERT INTO Batch (bid,pdid,invid,quantity) VALUES (1263,63,127,84);
INSERT INTO Batch (bid,pdid,invid,quantity) VALUES (1264,84,127,65);
INSERT INTO Batch (bid,pdid,invid,quantity) VALUES (1265,116,127,85);
INSERT INTO Batch (bid,pdid,invid,quantity) VALUES (1266,134,127,63);
INSERT INTO Batch (bid,pdid,invid,quantity) VALUES (1267,162,127,71);
INSERT INTO Batch (bid,pdid,invid,quantity) VALUES (1268,224,127,88);
INSERT INTO Batch (bid,pdid,invid,quantity) VALUES (1269,257,127,89);
INSERT INTO Batch (bid,pdid,invid,quantity) VALUES (1270,281,127,68);
INSERT INTO Batch (bid,pdid,invid,quantity) VALUES (1271,16,128,73);
INSERT INTO Batch (bid,pdid,invid,quantity) VALUES (1272,29,128,74);
INSERT INTO Batch (bid,pdid,invid,quantity) VALUES (1273,147,128,65);
INSERT INTO Batch (bid,pdid,invid,quantity) VALUES (1274,155,128,72);
INSERT INTO Batch (bid,pdid,invid,quantity) VALUES (1275,178,128,87);
INSERT INTO Batch (bid,pdid,invid,quantity) VALUES (1276,222,128,98);
INSERT INTO Batch (bid,pdid,invid,quantity) VALUES (1277,223,128,83);
INSERT INTO Batch (bid,pdid,invid,quantity) VALUES (1278,243,128,97);
INSERT INTO Batch (bid,pdid,invid,quantity) VALUES (1279,255,128,79);
INSERT INTO Batch (bid,pdid,invid,quantity) VALUES (1280,285,128,59);
INSERT INTO Batch (bid,pdid,invid,quantity) VALUES (1281,16,129,73);
INSERT INTO Batch (bid,pdid,invid,quantity) VALUES (1282,29,129,74);
INSERT INTO Batch (bid,pdid,invid,quantity) VALUES (1283,147,129,65);
INSERT INTO Batch (bid,pdid,invid,quantity) VALUES (1284,155,129,72);
INSERT INTO Batch (bid,pdid,invid,quantity) VALUES (1285,178,129,87);
INSERT INTO Batch (bid,pdid,invid,quantity) VALUES (1286,222,129,98);
INSERT INTO Batch (bid,pdid,invid,quantity) VALUES (1287,223,129,83);
INSERT INTO Batch (bid,pdid,invid,quantity) VALUES (1288,243,129,97);
INSERT INTO Batch (bid,pdid,invid,quantity) VALUES (1289,255,129,79);
INSERT INTO Batch (bid,pdid,invid,quantity) VALUES (1290,285,129,59);
INSERT INTO Batch (bid,pdid,invid,quantity) VALUES (1291,9,130,92);
INSERT INTO Batch (bid,pdid,invid,quantity) VALUES (1292,33,130,88);
INSERT INTO Batch (bid,pdid,invid,quantity) VALUES (1293,56,130,100);
INSERT INTO Batch (bid,pdid,invid,quantity) VALUES (1294,64,130,69);
INSERT INTO Batch (bid,pdid,invid,quantity) VALUES (1295,85,130,77);
INSERT INTO Batch (bid,pdid,invid,quantity) VALUES (1296,134,130,84);
INSERT INTO Batch (bid,pdid,invid,quantity) VALUES (1297,150,130,52);
INSERT INTO Batch (bid,pdid,invid,quantity) VALUES (1298,185,130,55);
INSERT INTO Batch (bid,pdid,invid,quantity) VALUES (1299,203,130,100);
INSERT INTO Batch (bid,pdid,invid,quantity) VALUES (1300,238,130,95);
INSERT INTO Batch (bid,pdid,invid,quantity) VALUES (1301,4,131,80);
INSERT INTO Batch (bid,pdid,invid,quantity) VALUES (1302,11,131,85);
INSERT INTO Batch (bid,pdid,invid,quantity) VALUES (1303,61,131,52);
INSERT INTO Batch (bid,pdid,invid,quantity) VALUES (1304,101,131,84);
INSERT INTO Batch (bid,pdid,invid,quantity) VALUES (1305,137,131,95);
INSERT INTO Batch (bid,pdid,invid,quantity) VALUES (1306,158,131,82);
INSERT INTO Batch (bid,pdid,invid,quantity) VALUES (1307,187,131,96);
INSERT INTO Batch (bid,pdid,invid,quantity) VALUES (1308,237,131,77);
INSERT INTO Batch (bid,pdid,invid,quantity) VALUES (1309,238,131,99);
INSERT INTO Batch (bid,pdid,invid,quantity) VALUES (1310,270,131,97);
INSERT INTO Batch (bid,pdid,invid,quantity) VALUES (1311,6,132,99);
INSERT INTO Batch (bid,pdid,invid,quantity) VALUES (1312,51,132,93);
INSERT INTO Batch (bid,pdid,invid,quantity) VALUES (1313,57,132,87);
INSERT INTO Batch (bid,pdid,invid,quantity) VALUES (1314,66,132,88);
INSERT INTO Batch (bid,pdid,invid,quantity) VALUES (1315,122,132,58);
INSERT INTO Batch (bid,pdid,invid,quantity) VALUES (1316,162,132,92);
INSERT INTO Batch (bid,pdid,invid,quantity) VALUES (1317,181,132,65);
INSERT INTO Batch (bid,pdid,invid,quantity) VALUES (1318,204,132,84);
INSERT INTO Batch (bid,pdid,invid,quantity) VALUES (1319,232,132,99);
INSERT INTO Batch (bid,pdid,invid,quantity) VALUES (1320,251,132,71);
INSERT INTO Batch (bid,pdid,invid,quantity) VALUES (1321,36,133,79);
INSERT INTO Batch (bid,pdid,invid,quantity) VALUES (1322,38,133,63);
INSERT INTO Batch (bid,pdid,invid,quantity) VALUES (1323,40,133,81);
INSERT INTO Batch (bid,pdid,invid,quantity) VALUES (1324,133,133,64);
INSERT INTO Batch (bid,pdid,invid,quantity) VALUES (1325,152,133,91);
INSERT INTO Batch (bid,pdid,invid,quantity) VALUES (1326,174,133,95);
INSERT INTO Batch (bid,pdid,invid,quantity) VALUES (1327,190,133,83);
INSERT INTO Batch (bid,pdid,invid,quantity) VALUES (1328,210,133,78);
INSERT INTO Batch (bid,pdid,invid,quantity) VALUES (1329,218,133,70);
INSERT INTO Batch (bid,pdid,invid,quantity) VALUES (1330,284,133,51);
INSERT INTO Batch (bid,pdid,invid,quantity) VALUES (1331,7,134,54);
INSERT INTO Batch (bid,pdid,invid,quantity) VALUES (1332,8,134,89);
INSERT INTO Batch (bid,pdid,invid,quantity) VALUES (1333,20,134,80);
INSERT INTO Batch (bid,pdid,invid,quantity) VALUES (1334,27,134,58);
INSERT INTO Batch (bid,pdid,invid,quantity) VALUES (1335,76,134,79);
INSERT INTO Batch (bid,pdid,invid,quantity) VALUES (1336,88,134,78);
INSERT INTO Batch (bid,pdid,invid,quantity) VALUES (1337,107,134,67);
INSERT INTO Batch (bid,pdid,invid,quantity) VALUES (1338,138,134,96);
INSERT INTO Batch (bid,pdid,invid,quantity) VALUES (1339,206,134,89);
INSERT INTO Batch (bid,pdid,invid,quantity) VALUES (1340,255,134,63);
INSERT INTO Batch (bid,pdid,invid,quantity) VALUES (1341,26,135,53);
INSERT INTO Batch (bid,pdid,invid,quantity) VALUES (1342,55,135,99);
INSERT INTO Batch (bid,pdid,invid,quantity) VALUES (1343,68,135,58);
INSERT INTO Batch (bid,pdid,invid,quantity) VALUES (1344,111,135,70);
INSERT INTO Batch (bid,pdid,invid,quantity) VALUES (1345,117,135,71);
INSERT INTO Batch (bid,pdid,invid,quantity) VALUES (1346,118,135,84);
INSERT INTO Batch (bid,pdid,invid,quantity) VALUES (1347,210,135,56);
INSERT INTO Batch (bid,pdid,invid,quantity) VALUES (1348,217,135,99);
INSERT INTO Batch (bid,pdid,invid,quantity) VALUES (1349,230,135,87);
INSERT INTO Batch (bid,pdid,invid,quantity) VALUES (1350,275,135,81);
INSERT INTO Batch (bid,pdid,invid,quantity) VALUES (1351,46,136,64);
INSERT INTO Batch (bid,pdid,invid,quantity) VALUES (1352,76,136,95);
INSERT INTO Batch (bid,pdid,invid,quantity) VALUES (1353,83,136,50);
INSERT INTO Batch (bid,pdid,invid,quantity) VALUES (1354,102,136,101);
INSERT INTO Batch (bid,pdid,invid,quantity) VALUES (1355,180,136,67);
INSERT INTO Batch (bid,pdid,invid,quantity) VALUES (1356,189,136,63);
INSERT INTO Batch (bid,pdid,invid,quantity) VALUES (1357,190,136,93);
INSERT INTO Batch (bid,pdid,invid,quantity) VALUES (1358,191,136,51);
INSERT INTO Batch (bid,pdid,invid,quantity) VALUES (1359,229,136,78);
INSERT INTO Batch (bid,pdid,invid,quantity) VALUES (1360,253,136,64);
INSERT INTO Batch (bid,pdid,invid,quantity) VALUES (1361,18,137,74);
INSERT INTO Batch (bid,pdid,invid,quantity) VALUES (1362,50,137,55);
INSERT INTO Batch (bid,pdid,invid,quantity) VALUES (1363,63,137,84);
INSERT INTO Batch (bid,pdid,invid,quantity) VALUES (1364,84,137,65);
INSERT INTO Batch (bid,pdid,invid,quantity) VALUES (1365,116,137,85);
INSERT INTO Batch (bid,pdid,invid,quantity) VALUES (1366,134,137,63);
INSERT INTO Batch (bid,pdid,invid,quantity) VALUES (1367,162,137,71);
INSERT INTO Batch (bid,pdid,invid,quantity) VALUES (1368,224,137,88);
INSERT INTO Batch (bid,pdid,invid,quantity) VALUES (1369,257,137,89);
INSERT INTO Batch (bid,pdid,invid,quantity) VALUES (1370,281,137,68);
INSERT INTO Batch (bid,pdid,invid,quantity) VALUES (1371,7,138,54);
INSERT INTO Batch (bid,pdid,invid,quantity) VALUES (1372,8,138,89);
INSERT INTO Batch (bid,pdid,invid,quantity) VALUES (1373,20,138,80);
INSERT INTO Batch (bid,pdid,invid,quantity) VALUES (1374,27,138,58);
INSERT INTO Batch (bid,pdid,invid,quantity) VALUES (1375,76,138,79);
INSERT INTO Batch (bid,pdid,invid,quantity) VALUES (1376,88,138,78);
INSERT INTO Batch (bid,pdid,invid,quantity) VALUES (1377,107,138,67);
INSERT INTO Batch (bid,pdid,invid,quantity) VALUES (1378,138,138,96);
INSERT INTO Batch (bid,pdid,invid,quantity) VALUES (1379,206,138,89);
INSERT INTO Batch (bid,pdid,invid,quantity) VALUES (1380,255,138,63);
INSERT INTO Batch (bid,pdid,invid,quantity) VALUES (1381,32,139,61);
INSERT INTO Batch (bid,pdid,invid,quantity) VALUES (1382,50,139,68);
INSERT INTO Batch (bid,pdid,invid,quantity) VALUES (1383,96,139,50);
INSERT INTO Batch (bid,pdid,invid,quantity) VALUES (1384,99,139,92);
INSERT INTO Batch (bid,pdid,invid,quantity) VALUES (1385,105,139,59);
INSERT INTO Batch (bid,pdid,invid,quantity) VALUES (1386,144,139,93);
INSERT INTO Batch (bid,pdid,invid,quantity) VALUES (1387,194,139,94);
INSERT INTO Batch (bid,pdid,invid,quantity) VALUES (1388,209,139,77);
INSERT INTO Batch (bid,pdid,invid,quantity) VALUES (1389,237,139,80);
INSERT INTO Batch (bid,pdid,invid,quantity) VALUES (1390,257,139,96);
INSERT INTO Batch (bid,pdid,invid,quantity) VALUES (1391,18,140,58);
INSERT INTO Batch (bid,pdid,invid,quantity) VALUES (1392,40,140,80);
INSERT INTO Batch (bid,pdid,invid,quantity) VALUES (1393,42,140,100);
INSERT INTO Batch (bid,pdid,invid,quantity) VALUES (1394,71,140,74);
INSERT INTO Batch (bid,pdid,invid,quantity) VALUES (1395,108,140,91);
INSERT INTO Batch (bid,pdid,invid,quantity) VALUES (1396,152,140,70);
INSERT INTO Batch (bid,pdid,invid,quantity) VALUES (1397,189,140,75);
INSERT INTO Batch (bid,pdid,invid,quantity) VALUES (1398,215,140,99);
INSERT INTO Batch (bid,pdid,invid,quantity) VALUES (1399,220,140,101);
INSERT INTO Batch (bid,pdid,invid,quantity) VALUES (1400,276,140,57);
INSERT INTO Batch (bid,pdid,invid,quantity) VALUES (1401,61,141,68);
INSERT INTO Batch (bid,pdid,invid,quantity) VALUES (1402,62,141,57);
INSERT INTO Batch (bid,pdid,invid,quantity) VALUES (1403,85,141,91);
INSERT INTO Batch (bid,pdid,invid,quantity) VALUES (1404,110,141,88);
INSERT INTO Batch (bid,pdid,invid,quantity) VALUES (1405,114,141,56);
INSERT INTO Batch (bid,pdid,invid,quantity) VALUES (1406,116,141,75);
INSERT INTO Batch (bid,pdid,invid,quantity) VALUES (1407,179,141,61);
INSERT INTO Batch (bid,pdid,invid,quantity) VALUES (1408,180,141,80);
INSERT INTO Batch (bid,pdid,invid,quantity) VALUES (1409,192,141,91);
INSERT INTO Batch (bid,pdid,invid,quantity) VALUES (1410,208,141,91);
INSERT INTO Batch (bid,pdid,invid,quantity) VALUES (1411,7,142,54);
INSERT INTO Batch (bid,pdid,invid,quantity) VALUES (1412,8,142,89);
INSERT INTO Batch (bid,pdid,invid,quantity) VALUES (1413,20,142,80);
INSERT INTO Batch (bid,pdid,invid,quantity) VALUES (1414,27,142,58);
INSERT INTO Batch (bid,pdid,invid,quantity) VALUES (1415,76,142,79);
INSERT INTO Batch (bid,pdid,invid,quantity) VALUES (1416,88,142,78);
INSERT INTO Batch (bid,pdid,invid,quantity) VALUES (1417,107,142,67);
INSERT INTO Batch (bid,pdid,invid,quantity) VALUES (1418,138,142,96);
INSERT INTO Batch (bid,pdid,invid,quantity) VALUES (1419,206,142,89);
INSERT INTO Batch (bid,pdid,invid,quantity) VALUES (1420,255,142,63);
INSERT INTO Batch (bid,pdid,invid,quantity) VALUES (1421,11,143,86);
INSERT INTO Batch (bid,pdid,invid,quantity) VALUES (1422,26,143,86);
INSERT INTO Batch (bid,pdid,invid,quantity) VALUES (1423,58,143,85);
INSERT INTO Batch (bid,pdid,invid,quantity) VALUES (1424,100,143,59);
INSERT INTO Batch (bid,pdid,invid,quantity) VALUES (1425,102,143,80);
INSERT INTO Batch (bid,pdid,invid,quantity) VALUES (1426,114,143,92);
INSERT INTO Batch (bid,pdid,invid,quantity) VALUES (1427,164,143,100);
INSERT INTO Batch (bid,pdid,invid,quantity) VALUES (1428,165,143,60);
INSERT INTO Batch (bid,pdid,invid,quantity) VALUES (1429,166,143,91);
INSERT INTO Batch (bid,pdid,invid,quantity) VALUES (1430,262,143,77);
INSERT INTO Batch (bid,pdid,invid,quantity) VALUES (1431,63,144,59);
INSERT INTO Batch (bid,pdid,invid,quantity) VALUES (1432,77,144,72);
INSERT INTO Batch (bid,pdid,invid,quantity) VALUES (1433,92,144,68);
INSERT INTO Batch (bid,pdid,invid,quantity) VALUES (1434,128,144,59);
INSERT INTO Batch (bid,pdid,invid,quantity) VALUES (1435,159,144,82);
INSERT INTO Batch (bid,pdid,invid,quantity) VALUES (1436,164,144,75);
INSERT INTO Batch (bid,pdid,invid,quantity) VALUES (1437,166,144,85);
INSERT INTO Batch (bid,pdid,invid,quantity) VALUES (1438,207,144,75);
INSERT INTO Batch (bid,pdid,invid,quantity) VALUES (1439,235,144,68);
INSERT INTO Batch (bid,pdid,invid,quantity) VALUES (1440,270,144,71);
INSERT INTO Batch (bid,pdid,invid,quantity) VALUES (1441,34,145,72);
INSERT INTO Batch (bid,pdid,invid,quantity) VALUES (1442,80,145,52);
INSERT INTO Batch (bid,pdid,invid,quantity) VALUES (1443,101,145,65);
INSERT INTO Batch (bid,pdid,invid,quantity) VALUES (1444,123,145,86);
INSERT INTO Batch (bid,pdid,invid,quantity) VALUES (1445,143,145,94);
INSERT INTO Batch (bid,pdid,invid,quantity) VALUES (1446,168,145,88);
INSERT INTO Batch (bid,pdid,invid,quantity) VALUES (1447,173,145,63);
INSERT INTO Batch (bid,pdid,invid,quantity) VALUES (1448,229,145,85);
INSERT INTO Batch (bid,pdid,invid,quantity) VALUES (1449,254,145,59);
INSERT INTO Batch (bid,pdid,invid,quantity) VALUES (1450,300,145,86);
INSERT INTO Batch (bid,pdid,invid,quantity) VALUES (1451,29,146,87);
INSERT INTO Batch (bid,pdid,invid,quantity) VALUES (1452,31,146,99);
INSERT INTO Batch (bid,pdid,invid,quantity) VALUES (1453,38,146,52);
INSERT INTO Batch (bid,pdid,invid,quantity) VALUES (1454,90,146,92);
INSERT INTO Batch (bid,pdid,invid,quantity) VALUES (1455,125,146,50);
INSERT INTO Batch (bid,pdid,invid,quantity) VALUES (1456,130,146,68);
INSERT INTO Batch (bid,pdid,invid,quantity) VALUES (1457,154,146,62);
INSERT INTO Batch (bid,pdid,invid,quantity) VALUES (1458,261,146,60);
INSERT INTO Batch (bid,pdid,invid,quantity) VALUES (1459,272,146,89);
INSERT INTO Batch (bid,pdid,invid,quantity) VALUES (1460,294,146,73);
INSERT INTO Batch (bid,pdid,invid,quantity) VALUES (1461,16,147,73);
INSERT INTO Batch (bid,pdid,invid,quantity) VALUES (1462,29,147,74);
INSERT INTO Batch (bid,pdid,invid,quantity) VALUES (1463,147,147,65);
INSERT INTO Batch (bid,pdid,invid,quantity) VALUES (1464,155,147,72);
INSERT INTO Batch (bid,pdid,invid,quantity) VALUES (1465,178,147,87);
INSERT INTO Batch (bid,pdid,invid,quantity) VALUES (1466,222,147,98);
INSERT INTO Batch (bid,pdid,invid,quantity) VALUES (1467,223,147,83);
INSERT INTO Batch (bid,pdid,invid,quantity) VALUES (1468,243,147,97);
INSERT INTO Batch (bid,pdid,invid,quantity) VALUES (1469,255,147,79);
INSERT INTO Batch (bid,pdid,invid,quantity) VALUES (1470,285,147,59);
INSERT INTO Batch (bid,pdid,invid,quantity) VALUES (1471,10,148,53);
INSERT INTO Batch (bid,pdid,invid,quantity) VALUES (1472,22,148,86);
INSERT INTO Batch (bid,pdid,invid,quantity) VALUES (1473,60,148,57);
INSERT INTO Batch (bid,pdid,invid,quantity) VALUES (1474,76,148,82);
INSERT INTO Batch (bid,pdid,invid,quantity) VALUES (1475,148,148,78);
INSERT INTO Batch (bid,pdid,invid,quantity) VALUES (1476,188,148,89);
INSERT INTO Batch (bid,pdid,invid,quantity) VALUES (1477,214,148,80);
INSERT INTO Batch (bid,pdid,invid,quantity) VALUES (1478,242,148,89);
INSERT INTO Batch (bid,pdid,invid,quantity) VALUES (1479,244,148,64);
INSERT INTO Batch (bid,pdid,invid,quantity) VALUES (1480,268,148,76);
INSERT INTO Batch (bid,pdid,invid,quantity) VALUES (1481,34,149,92);
INSERT INTO Batch (bid,pdid,invid,quantity) VALUES (1482,79,149,56);
INSERT INTO Batch (bid,pdid,invid,quantity) VALUES (1483,160,149,91);
INSERT INTO Batch (bid,pdid,invid,quantity) VALUES (1484,174,149,93);
INSERT INTO Batch (bid,pdid,invid,quantity) VALUES (1485,176,149,75);
INSERT INTO Batch (bid,pdid,invid,quantity) VALUES (1486,219,149,50);
INSERT INTO Batch (bid,pdid,invid,quantity) VALUES (1487,228,149,67);
INSERT INTO Batch (bid,pdid,invid,quantity) VALUES (1488,253,149,80);
INSERT INTO Batch (bid,pdid,invid,quantity) VALUES (1489,267,149,97);
INSERT INTO Batch (bid,pdid,invid,quantity) VALUES (1490,275,149,100);
INSERT INTO Batch (bid,pdid,invid,quantity) VALUES (1491,18,150,90);
INSERT INTO Batch (bid,pdid,invid,quantity) VALUES (1492,52,150,95);
INSERT INTO Batch (bid,pdid,invid,quantity) VALUES (1493,54,150,63);
INSERT INTO Batch (bid,pdid,invid,quantity) VALUES (1494,77,150,55);
INSERT INTO Batch (bid,pdid,invid,quantity) VALUES (1495,78,150,53);
INSERT INTO Batch (bid,pdid,invid,quantity) VALUES (1496,100,150,54);
INSERT INTO Batch (bid,pdid,invid,quantity) VALUES (1497,137,150,66);
INSERT INTO Batch (bid,pdid,invid,quantity) VALUES (1498,232,150,68);
INSERT INTO Batch (bid,pdid,invid,quantity) VALUES (1499,247,150,59);
INSERT INTO Batch (bid,pdid,invid,quantity) VALUES (1500,255,150,72);
INSERT INTO Batch (bid,pdid,invid,quantity) VALUES (1501,85,151,72);
INSERT INTO Batch (bid,pdid,invid,quantity) VALUES (1502,101,151,61);
INSERT INTO Batch (bid,pdid,invid,quantity) VALUES (1503,107,151,93);
INSERT INTO Batch (bid,pdid,invid,quantity) VALUES (1504,141,151,82);
INSERT INTO Batch (bid,pdid,invid,quantity) VALUES (1505,161,151,51);
INSERT INTO Batch (bid,pdid,invid,quantity) VALUES (1506,167,151,68);
INSERT INTO Batch (bid,pdid,invid,quantity) VALUES (1507,206,151,71);
INSERT INTO Batch (bid,pdid,invid,quantity) VALUES (1508,216,151,73);
INSERT INTO Batch (bid,pdid,invid,quantity) VALUES (1509,261,151,68);
INSERT INTO Batch (bid,pdid,invid,quantity) VALUES (1510,295,151,52);
INSERT INTO Batch (bid,pdid,invid,quantity) VALUES (1511,10,152,95);
INSERT INTO Batch (bid,pdid,invid,quantity) VALUES (1512,73,152,86);
INSERT INTO Batch (bid,pdid,invid,quantity) VALUES (1513,82,152,91);
INSERT INTO Batch (bid,pdid,invid,quantity) VALUES (1514,164,152,65);
INSERT INTO Batch (bid,pdid,invid,quantity) VALUES (1515,197,152,72);
INSERT INTO Batch (bid,pdid,invid,quantity) VALUES (1516,223,152,101);
INSERT INTO Batch (bid,pdid,invid,quantity) VALUES (1517,243,152,61);
INSERT INTO Batch (bid,pdid,invid,quantity) VALUES (1518,244,152,62);
INSERT INTO Batch (bid,pdid,invid,quantity) VALUES (1519,251,152,80);
INSERT INTO Batch (bid,pdid,invid,quantity) VALUES (1520,270,152,96);
INSERT INTO Batch (bid,pdid,invid,quantity) VALUES (1521,57,153,54);
INSERT INTO Batch (bid,pdid,invid,quantity) VALUES (1522,84,153,101);
INSERT INTO Batch (bid,pdid,invid,quantity) VALUES (1523,103,153,62);
INSERT INTO Batch (bid,pdid,invid,quantity) VALUES (1524,129,153,92);
INSERT INTO Batch (bid,pdid,invid,quantity) VALUES (1525,159,153,74);
INSERT INTO Batch (bid,pdid,invid,quantity) VALUES (1526,232,153,92);
INSERT INTO Batch (bid,pdid,invid,quantity) VALUES (1527,238,153,95);
INSERT INTO Batch (bid,pdid,invid,quantity) VALUES (1528,240,153,70);
INSERT INTO Batch (bid,pdid,invid,quantity) VALUES (1529,249,153,54);
INSERT INTO Batch (bid,pdid,invid,quantity) VALUES (1530,298,153,75);
INSERT INTO Batch (bid,pdid,invid,quantity) VALUES (1531,30,154,93);
INSERT INTO Batch (bid,pdid,invid,quantity) VALUES (1532,51,154,53);
INSERT INTO Batch (bid,pdid,invid,quantity) VALUES (1533,62,154,79);
INSERT INTO Batch (bid,pdid,invid,quantity) VALUES (1534,130,154,77);
INSERT INTO Batch (bid,pdid,invid,quantity) VALUES (1535,133,154,72);
INSERT INTO Batch (bid,pdid,invid,quantity) VALUES (1536,154,154,51);
INSERT INTO Batch (bid,pdid,invid,quantity) VALUES (1537,191,154,55);
INSERT INTO Batch (bid,pdid,invid,quantity) VALUES (1538,215,154,73);
INSERT INTO Batch (bid,pdid,invid,quantity) VALUES (1539,243,154,87);
INSERT INTO Batch (bid,pdid,invid,quantity) VALUES (1540,273,154,83);
INSERT INTO Batch (bid,pdid,invid,quantity) VALUES (1541,13,155,54);
INSERT INTO Batch (bid,pdid,invid,quantity) VALUES (1542,46,155,55);
INSERT INTO Batch (bid,pdid,invid,quantity) VALUES (1543,66,155,62);
INSERT INTO Batch (bid,pdid,invid,quantity) VALUES (1544,68,155,81);
INSERT INTO Batch (bid,pdid,invid,quantity) VALUES (1545,88,155,64);
INSERT INTO Batch (bid,pdid,invid,quantity) VALUES (1546,99,155,60);
INSERT INTO Batch (bid,pdid,invid,quantity) VALUES (1547,116,155,60);
INSERT INTO Batch (bid,pdid,invid,quantity) VALUES (1548,181,155,72);
INSERT INTO Batch (bid,pdid,invid,quantity) VALUES (1549,198,155,95);
INSERT INTO Batch (bid,pdid,invid,quantity) VALUES (1550,288,155,73);
INSERT INTO Batch (bid,pdid,invid,quantity) VALUES (1551,18,156,58);
INSERT INTO Batch (bid,pdid,invid,quantity) VALUES (1552,40,156,80);
INSERT INTO Batch (bid,pdid,invid,quantity) VALUES (1553,42,156,100);
INSERT INTO Batch (bid,pdid,invid,quantity) VALUES (1554,71,156,74);
INSERT INTO Batch (bid,pdid,invid,quantity) VALUES (1555,108,156,91);
INSERT INTO Batch (bid,pdid,invid,quantity) VALUES (1556,152,156,70);
INSERT INTO Batch (bid,pdid,invid,quantity) VALUES (1557,189,156,75);
INSERT INTO Batch (bid,pdid,invid,quantity) VALUES (1558,215,156,99);
INSERT INTO Batch (bid,pdid,invid,quantity) VALUES (1559,220,156,101);
INSERT INTO Batch (bid,pdid,invid,quantity) VALUES (1560,276,156,57);
INSERT INTO Batch (bid,pdid,invid,quantity) VALUES (1561,61,157,76);
INSERT INTO Batch (bid,pdid,invid,quantity) VALUES (1562,83,157,88);
INSERT INTO Batch (bid,pdid,invid,quantity) VALUES (1563,106,157,69);
INSERT INTO Batch (bid,pdid,invid,quantity) VALUES (1564,141,157,52);
INSERT INTO Batch (bid,pdid,invid,quantity) VALUES (1565,149,157,90);
INSERT INTO Batch (bid,pdid,invid,quantity) VALUES (1566,153,157,75);
INSERT INTO Batch (bid,pdid,invid,quantity) VALUES (1567,194,157,59);
INSERT INTO Batch (bid,pdid,invid,quantity) VALUES (1568,195,157,92);
INSERT INTO Batch (bid,pdid,invid,quantity) VALUES (1569,260,157,66);
INSERT INTO Batch (bid,pdid,invid,quantity) VALUES (1570,291,157,58);
INSERT INTO Batch (bid,pdid,invid,quantity) VALUES (1571,18,158,74);
INSERT INTO Batch (bid,pdid,invid,quantity) VALUES (1572,50,158,55);
INSERT INTO Batch (bid,pdid,invid,quantity) VALUES (1573,63,158,84);
INSERT INTO Batch (bid,pdid,invid,quantity) VALUES (1574,84,158,65);
INSERT INTO Batch (bid,pdid,invid,quantity) VALUES (1575,116,158,85);
INSERT INTO Batch (bid,pdid,invid,quantity) VALUES (1576,134,158,63);
INSERT INTO Batch (bid,pdid,invid,quantity) VALUES (1577,162,158,71);
INSERT INTO Batch (bid,pdid,invid,quantity) VALUES (1578,224,158,88);
INSERT INTO Batch (bid,pdid,invid,quantity) VALUES (1579,257,158,89);
INSERT INTO Batch (bid,pdid,invid,quantity) VALUES (1580,281,158,68);
INSERT INTO Batch (bid,pdid,invid,quantity) VALUES (1581,6,159,58);
INSERT INTO Batch (bid,pdid,invid,quantity) VALUES (1582,14,159,73);
INSERT INTO Batch (bid,pdid,invid,quantity) VALUES (1583,22,159,65);
INSERT INTO Batch (bid,pdid,invid,quantity) VALUES (1584,52,159,59);
INSERT INTO Batch (bid,pdid,invid,quantity) VALUES (1585,87,159,69);
INSERT INTO Batch (bid,pdid,invid,quantity) VALUES (1586,179,159,54);
INSERT INTO Batch (bid,pdid,invid,quantity) VALUES (1587,217,159,70);
INSERT INTO Batch (bid,pdid,invid,quantity) VALUES (1588,241,159,50);
INSERT INTO Batch (bid,pdid,invid,quantity) VALUES (1589,247,159,57);
INSERT INTO Batch (bid,pdid,invid,quantity) VALUES (1590,271,159,80);
INSERT INTO Batch (bid,pdid,invid,quantity) VALUES (1591,6,160,58);
INSERT INTO Batch (bid,pdid,invid,quantity) VALUES (1592,14,160,73);
INSERT INTO Batch (bid,pdid,invid,quantity) VALUES (1593,22,160,65);
INSERT INTO Batch (bid,pdid,invid,quantity) VALUES (1594,52,160,59);
INSERT INTO Batch (bid,pdid,invid,quantity) VALUES (1595,87,160,69);
INSERT INTO Batch (bid,pdid,invid,quantity) VALUES (1596,179,160,54);
INSERT INTO Batch (bid,pdid,invid,quantity) VALUES (1597,217,160,70);
INSERT INTO Batch (bid,pdid,invid,quantity) VALUES (1598,241,160,50);
INSERT INTO Batch (bid,pdid,invid,quantity) VALUES (1599,247,160,57);
INSERT INTO Batch (bid,pdid,invid,quantity) VALUES (1600,271,160,80);
INSERT INTO Batch (bid,pdid,invid,quantity) VALUES (1601,10,161,95);
INSERT INTO Batch (bid,pdid,invid,quantity) VALUES (1602,73,161,86);
INSERT INTO Batch (bid,pdid,invid,quantity) VALUES (1603,82,161,91);
INSERT INTO Batch (bid,pdid,invid,quantity) VALUES (1604,164,161,65);
INSERT INTO Batch (bid,pdid,invid,quantity) VALUES (1605,197,161,72);
INSERT INTO Batch (bid,pdid,invid,quantity) VALUES (1606,223,161,101);
INSERT INTO Batch (bid,pdid,invid,quantity) VALUES (1607,243,161,61);
INSERT INTO Batch (bid,pdid,invid,quantity) VALUES (1608,244,161,62);
INSERT INTO Batch (bid,pdid,invid,quantity) VALUES (1609,251,161,80);
INSERT INTO Batch (bid,pdid,invid,quantity) VALUES (1610,270,161,96);
INSERT INTO Batch (bid,pdid,invid,quantity) VALUES (1611,57,162,54);
INSERT INTO Batch (bid,pdid,invid,quantity) VALUES (1612,84,162,101);
INSERT INTO Batch (bid,pdid,invid,quantity) VALUES (1613,103,162,62);
INSERT INTO Batch (bid,pdid,invid,quantity) VALUES (1614,129,162,92);
INSERT INTO Batch (bid,pdid,invid,quantity) VALUES (1615,159,162,74);
INSERT INTO Batch (bid,pdid,invid,quantity) VALUES (1616,232,162,92);
INSERT INTO Batch (bid,pdid,invid,quantity) VALUES (1617,238,162,95);
INSERT INTO Batch (bid,pdid,invid,quantity) VALUES (1618,240,162,70);
INSERT INTO Batch (bid,pdid,invid,quantity) VALUES (1619,249,162,54);
INSERT INTO Batch (bid,pdid,invid,quantity) VALUES (1620,298,162,75);
INSERT INTO Batch (bid,pdid,invid,quantity) VALUES (1621,31,163,98);
INSERT INTO Batch (bid,pdid,invid,quantity) VALUES (1622,108,163,66);
INSERT INTO Batch (bid,pdid,invid,quantity) VALUES (1623,113,163,99);
INSERT INTO Batch (bid,pdid,invid,quantity) VALUES (1624,121,163,85);
INSERT INTO Batch (bid,pdid,invid,quantity) VALUES (1625,168,163,69);
INSERT INTO Batch (bid,pdid,invid,quantity) VALUES (1626,183,163,57);
INSERT INTO Batch (bid,pdid,invid,quantity) VALUES (1627,193,163,65);
INSERT INTO Batch (bid,pdid,invid,quantity) VALUES (1628,198,163,93);
INSERT INTO Batch (bid,pdid,invid,quantity) VALUES (1629,202,163,66);
INSERT INTO Batch (bid,pdid,invid,quantity) VALUES (1630,269,163,69);
INSERT INTO Batch (bid,pdid,invid,quantity) VALUES (1631,84,164,63);
INSERT INTO Batch (bid,pdid,invid,quantity) VALUES (1632,127,164,86);
INSERT INTO Batch (bid,pdid,invid,quantity) VALUES (1633,143,164,80);
INSERT INTO Batch (bid,pdid,invid,quantity) VALUES (1634,175,164,91);
INSERT INTO Batch (bid,pdid,invid,quantity) VALUES (1635,212,164,58);
INSERT INTO Batch (bid,pdid,invid,quantity) VALUES (1636,229,164,84);
INSERT INTO Batch (bid,pdid,invid,quantity) VALUES (1637,247,164,84);
INSERT INTO Batch (bid,pdid,invid,quantity) VALUES (1638,253,164,66);
INSERT INTO Batch (bid,pdid,invid,quantity) VALUES (1639,261,164,55);
INSERT INTO Batch (bid,pdid,invid,quantity) VALUES (1640,267,164,67);
INSERT INTO Batch (bid,pdid,invid,quantity) VALUES (1641,9,165,96);
INSERT INTO Batch (bid,pdid,invid,quantity) VALUES (1642,78,165,91);
INSERT INTO Batch (bid,pdid,invid,quantity) VALUES (1643,152,165,58);
INSERT INTO Batch (bid,pdid,invid,quantity) VALUES (1644,162,165,54);
INSERT INTO Batch (bid,pdid,invid,quantity) VALUES (1645,205,165,100);
INSERT INTO Batch (bid,pdid,invid,quantity) VALUES (1646,217,165,56);
INSERT INTO Batch (bid,pdid,invid,quantity) VALUES (1647,220,165,79);
INSERT INTO Batch (bid,pdid,invid,quantity) VALUES (1648,244,165,94);
INSERT INTO Batch (bid,pdid,invid,quantity) VALUES (1649,249,165,66);
INSERT INTO Batch (bid,pdid,invid,quantity) VALUES (1650,269,165,58);
INSERT INTO Batch (bid,pdid,invid,quantity) VALUES (1651,85,166,72);
INSERT INTO Batch (bid,pdid,invid,quantity) VALUES (1652,101,166,61);
INSERT INTO Batch (bid,pdid,invid,quantity) VALUES (1653,107,166,93);
INSERT INTO Batch (bid,pdid,invid,quantity) VALUES (1654,141,166,82);
INSERT INTO Batch (bid,pdid,invid,quantity) VALUES (1655,161,166,51);
INSERT INTO Batch (bid,pdid,invid,quantity) VALUES (1656,167,166,68);
INSERT INTO Batch (bid,pdid,invid,quantity) VALUES (1657,206,166,71);
INSERT INTO Batch (bid,pdid,invid,quantity) VALUES (1658,216,166,73);
INSERT INTO Batch (bid,pdid,invid,quantity) VALUES (1659,261,166,68);
INSERT INTO Batch (bid,pdid,invid,quantity) VALUES (1660,295,166,52);
INSERT INTO Batch (bid,pdid,invid,quantity) VALUES (1661,30,167,93);
INSERT INTO Batch (bid,pdid,invid,quantity) VALUES (1662,51,167,53);
INSERT INTO Batch (bid,pdid,invid,quantity) VALUES (1663,62,167,79);
INSERT INTO Batch (bid,pdid,invid,quantity) VALUES (1664,130,167,77);
INSERT INTO Batch (bid,pdid,invid,quantity) VALUES (1665,133,167,72);
INSERT INTO Batch (bid,pdid,invid,quantity) VALUES (1666,154,167,51);
INSERT INTO Batch (bid,pdid,invid,quantity) VALUES (1667,191,167,55);
INSERT INTO Batch (bid,pdid,invid,quantity) VALUES (1668,215,167,73);
INSERT INTO Batch (bid,pdid,invid,quantity) VALUES (1669,243,167,87);
INSERT INTO Batch (bid,pdid,invid,quantity) VALUES (1670,273,167,83);
INSERT INTO Batch (bid,pdid,invid,quantity) VALUES (1671,26,168,89);
INSERT INTO Batch (bid,pdid,invid,quantity) VALUES (1672,27,168,88);
INSERT INTO Batch (bid,pdid,invid,quantity) VALUES (1673,64,168,88);
INSERT INTO Batch (bid,pdid,invid,quantity) VALUES (1674,172,168,74);
INSERT INTO Batch (bid,pdid,invid,quantity) VALUES (1675,178,168,57);
INSERT INTO Batch (bid,pdid,invid,quantity) VALUES (1676,201,168,100);
INSERT INTO Batch (bid,pdid,invid,quantity) VALUES (1677,218,168,78);
INSERT INTO Batch (bid,pdid,invid,quantity) VALUES (1678,223,168,95);
INSERT INTO Batch (bid,pdid,invid,quantity) VALUES (1679,295,168,51);
INSERT INTO Batch (bid,pdid,invid,quantity) VALUES (1680,299,168,66);
INSERT INTO Batch (bid,pdid,invid,quantity) VALUES (1681,29,169,99);
INSERT INTO Batch (bid,pdid,invid,quantity) VALUES (1682,60,169,65);
INSERT INTO Batch (bid,pdid,invid,quantity) VALUES (1683,80,169,87);
INSERT INTO Batch (bid,pdid,invid,quantity) VALUES (1684,111,169,91);
INSERT INTO Batch (bid,pdid,invid,quantity) VALUES (1685,117,169,72);
INSERT INTO Batch (bid,pdid,invid,quantity) VALUES (1686,127,169,54);
INSERT INTO Batch (bid,pdid,invid,quantity) VALUES (1687,136,169,59);
INSERT INTO Batch (bid,pdid,invid,quantity) VALUES (1688,171,169,71);
INSERT INTO Batch (bid,pdid,invid,quantity) VALUES (1689,216,169,85);
INSERT INTO Batch (bid,pdid,invid,quantity) VALUES (1690,255,169,100);
INSERT INTO Batch (bid,pdid,invid,quantity) VALUES (1691,29,170,67);
INSERT INTO Batch (bid,pdid,invid,quantity) VALUES (1692,78,170,84);
INSERT INTO Batch (bid,pdid,invid,quantity) VALUES (1693,99,170,52);
INSERT INTO Batch (bid,pdid,invid,quantity) VALUES (1694,114,170,100);
INSERT INTO Batch (bid,pdid,invid,quantity) VALUES (1695,131,170,77);
INSERT INTO Batch (bid,pdid,invid,quantity) VALUES (1696,142,170,52);
INSERT INTO Batch (bid,pdid,invid,quantity) VALUES (1697,228,170,54);
INSERT INTO Batch (bid,pdid,invid,quantity) VALUES (1698,232,170,78);
INSERT INTO Batch (bid,pdid,invid,quantity) VALUES (1699,282,170,77);
INSERT INTO Batch (bid,pdid,invid,quantity) VALUES (1700,296,170,60);
INSERT INTO Batch (bid,pdid,invid,quantity) VALUES (1701,29,171,67);
INSERT INTO Batch (bid,pdid,invid,quantity) VALUES (1702,78,171,84);
INSERT INTO Batch (bid,pdid,invid,quantity) VALUES (1703,99,171,52);
INSERT INTO Batch (bid,pdid,invid,quantity) VALUES (1704,114,171,100);
INSERT INTO Batch (bid,pdid,invid,quantity) VALUES (1705,131,171,77);
INSERT INTO Batch (bid,pdid,invid,quantity) VALUES (1706,142,171,52);
INSERT INTO Batch (bid,pdid,invid,quantity) VALUES (1707,228,171,54);
INSERT INTO Batch (bid,pdid,invid,quantity) VALUES (1708,232,171,78);
INSERT INTO Batch (bid,pdid,invid,quantity) VALUES (1709,282,171,77);
INSERT INTO Batch (bid,pdid,invid,quantity) VALUES (1710,296,171,60);
INSERT INTO Batch (bid,pdid,invid,quantity) VALUES (1711,10,172,95);
INSERT INTO Batch (bid,pdid,invid,quantity) VALUES (1712,73,172,86);
INSERT INTO Batch (bid,pdid,invid,quantity) VALUES (1713,82,172,91);
INSERT INTO Batch (bid,pdid,invid,quantity) VALUES (1714,164,172,65);
INSERT INTO Batch (bid,pdid,invid,quantity) VALUES (1715,197,172,72);
INSERT INTO Batch (bid,pdid,invid,quantity) VALUES (1716,223,172,101);
INSERT INTO Batch (bid,pdid,invid,quantity) VALUES (1717,243,172,61);
INSERT INTO Batch (bid,pdid,invid,quantity) VALUES (1718,244,172,62);
INSERT INTO Batch (bid,pdid,invid,quantity) VALUES (1719,251,172,80);
INSERT INTO Batch (bid,pdid,invid,quantity) VALUES (1720,270,172,96);
INSERT INTO Batch (bid,pdid,invid,quantity) VALUES (1721,29,173,87);
INSERT INTO Batch (bid,pdid,invid,quantity) VALUES (1722,31,173,99);
INSERT INTO Batch (bid,pdid,invid,quantity) VALUES (1723,38,173,52);
INSERT INTO Batch (bid,pdid,invid,quantity) VALUES (1724,90,173,92);
INSERT INTO Batch (bid,pdid,invid,quantity) VALUES (1725,125,173,50);
INSERT INTO Batch (bid,pdid,invid,quantity) VALUES (1726,130,173,68);
INSERT INTO Batch (bid,pdid,invid,quantity) VALUES (1727,154,173,62);
INSERT INTO Batch (bid,pdid,invid,quantity) VALUES (1728,261,173,60);
INSERT INTO Batch (bid,pdid,invid,quantity) VALUES (1729,272,173,89);
INSERT INTO Batch (bid,pdid,invid,quantity) VALUES (1730,294,173,73);
INSERT INTO Batch (bid,pdid,invid,quantity) VALUES (1731,10,174,95);
INSERT INTO Batch (bid,pdid,invid,quantity) VALUES (1732,73,174,86);
INSERT INTO Batch (bid,pdid,invid,quantity) VALUES (1733,82,174,91);
INSERT INTO Batch (bid,pdid,invid,quantity) VALUES (1734,164,174,65);
INSERT INTO Batch (bid,pdid,invid,quantity) VALUES (1735,197,174,72);
INSERT INTO Batch (bid,pdid,invid,quantity) VALUES (1736,223,174,101);
INSERT INTO Batch (bid,pdid,invid,quantity) VALUES (1737,243,174,61);
INSERT INTO Batch (bid,pdid,invid,quantity) VALUES (1738,244,174,62);
INSERT INTO Batch (bid,pdid,invid,quantity) VALUES (1739,251,174,80);
INSERT INTO Batch (bid,pdid,invid,quantity) VALUES (1740,270,174,96);
INSERT INTO Batch (bid,pdid,invid,quantity) VALUES (1741,26,175,53);
INSERT INTO Batch (bid,pdid,invid,quantity) VALUES (1742,55,175,99);
INSERT INTO Batch (bid,pdid,invid,quantity) VALUES (1743,68,175,58);
INSERT INTO Batch (bid,pdid,invid,quantity) VALUES (1744,111,175,70);
INSERT INTO Batch (bid,pdid,invid,quantity) VALUES (1745,117,175,71);
INSERT INTO Batch (bid,pdid,invid,quantity) VALUES (1746,118,175,84);
INSERT INTO Batch (bid,pdid,invid,quantity) VALUES (1747,210,175,56);
INSERT INTO Batch (bid,pdid,invid,quantity) VALUES (1748,217,175,99);
INSERT INTO Batch (bid,pdid,invid,quantity) VALUES (1749,230,175,87);
INSERT INTO Batch (bid,pdid,invid,quantity) VALUES (1750,275,175,81);
INSERT INTO Batch (bid,pdid,invid,quantity) VALUES (1751,1,176,92);
INSERT INTO Batch (bid,pdid,invid,quantity) VALUES (1752,3,176,89);
INSERT INTO Batch (bid,pdid,invid,quantity) VALUES (1753,4,176,96);
INSERT INTO Batch (bid,pdid,invid,quantity) VALUES (1754,26,176,68);
INSERT INTO Batch (bid,pdid,invid,quantity) VALUES (1755,92,176,82);
INSERT INTO Batch (bid,pdid,invid,quantity) VALUES (1756,117,176,57);
INSERT INTO Batch (bid,pdid,invid,quantity) VALUES (1757,118,176,73);
INSERT INTO Batch (bid,pdid,invid,quantity) VALUES (1758,185,176,77);
INSERT INTO Batch (bid,pdid,invid,quantity) VALUES (1759,238,176,66);
INSERT INTO Batch (bid,pdid,invid,quantity) VALUES (1760,263,176,68);
INSERT INTO Batch (bid,pdid,invid,quantity) VALUES (1761,61,177,68);
INSERT INTO Batch (bid,pdid,invid,quantity) VALUES (1762,62,177,57);
INSERT INTO Batch (bid,pdid,invid,quantity) VALUES (1763,85,177,91);
INSERT INTO Batch (bid,pdid,invid,quantity) VALUES (1764,110,177,88);
INSERT INTO Batch (bid,pdid,invid,quantity) VALUES (1765,114,177,56);
INSERT INTO Batch (bid,pdid,invid,quantity) VALUES (1766,116,177,75);
INSERT INTO Batch (bid,pdid,invid,quantity) VALUES (1767,179,177,61);
INSERT INTO Batch (bid,pdid,invid,quantity) VALUES (1768,180,177,80);
INSERT INTO Batch (bid,pdid,invid,quantity) VALUES (1769,192,177,91);
INSERT INTO Batch (bid,pdid,invid,quantity) VALUES (1770,208,177,91);
INSERT INTO Batch (bid,pdid,invid,quantity) VALUES (1771,18,178,90);
INSERT INTO Batch (bid,pdid,invid,quantity) VALUES (1772,52,178,95);
INSERT INTO Batch (bid,pdid,invid,quantity) VALUES (1773,54,178,63);
INSERT INTO Batch (bid,pdid,invid,quantity) VALUES (1774,77,178,55);
INSERT INTO Batch (bid,pdid,invid,quantity) VALUES (1775,78,178,53);
INSERT INTO Batch (bid,pdid,invid,quantity) VALUES (1776,100,178,54);
INSERT INTO Batch (bid,pdid,invid,quantity) VALUES (1777,137,178,66);
INSERT INTO Batch (bid,pdid,invid,quantity) VALUES (1778,232,178,68);
INSERT INTO Batch (bid,pdid,invid,quantity) VALUES (1779,247,178,59);
INSERT INTO Batch (bid,pdid,invid,quantity) VALUES (1780,255,178,72);
INSERT INTO Batch (bid,pdid,invid,quantity) VALUES (1781,7,179,101);
INSERT INTO Batch (bid,pdid,invid,quantity) VALUES (1782,75,179,75);
INSERT INTO Batch (bid,pdid,invid,quantity) VALUES (1783,78,179,72);
INSERT INTO Batch (bid,pdid,invid,quantity) VALUES (1784,89,179,95);
INSERT INTO Batch (bid,pdid,invid,quantity) VALUES (1785,99,179,68);
INSERT INTO Batch (bid,pdid,invid,quantity) VALUES (1786,177,179,101);
INSERT INTO Batch (bid,pdid,invid,quantity) VALUES (1787,221,179,78);
INSERT INTO Batch (bid,pdid,invid,quantity) VALUES (1788,224,179,71);
INSERT INTO Batch (bid,pdid,invid,quantity) VALUES (1789,225,179,66);
INSERT INTO Batch (bid,pdid,invid,quantity) VALUES (1790,261,179,91);
INSERT INTO Batch (bid,pdid,invid,quantity) VALUES (1791,22,180,93);
INSERT INTO Batch (bid,pdid,invid,quantity) VALUES (1792,32,180,56);
INSERT INTO Batch (bid,pdid,invid,quantity) VALUES (1793,43,180,64);
INSERT INTO Batch (bid,pdid,invid,quantity) VALUES (1794,93,180,93);
INSERT INTO Batch (bid,pdid,invid,quantity) VALUES (1795,94,180,80);
INSERT INTO Batch (bid,pdid,invid,quantity) VALUES (1796,101,180,62);
INSERT INTO Batch (bid,pdid,invid,quantity) VALUES (1797,121,180,95);
INSERT INTO Batch (bid,pdid,invid,quantity) VALUES (1798,238,180,61);
INSERT INTO Batch (bid,pdid,invid,quantity) VALUES (1799,242,180,68);
INSERT INTO Batch (bid,pdid,invid,quantity) VALUES (1800,275,180,51);
INSERT INTO Batch (bid,pdid,invid,quantity) VALUES (1801,26,181,89);
INSERT INTO Batch (bid,pdid,invid,quantity) VALUES (1802,27,181,88);
INSERT INTO Batch (bid,pdid,invid,quantity) VALUES (1803,64,181,88);
INSERT INTO Batch (bid,pdid,invid,quantity) VALUES (1804,172,181,74);
INSERT INTO Batch (bid,pdid,invid,quantity) VALUES (1805,178,181,57);
INSERT INTO Batch (bid,pdid,invid,quantity) VALUES (1806,201,181,100);
INSERT INTO Batch (bid,pdid,invid,quantity) VALUES (1807,218,181,78);
INSERT INTO Batch (bid,pdid,invid,quantity) VALUES (1808,223,181,95);
INSERT INTO Batch (bid,pdid,invid,quantity) VALUES (1809,295,181,51);
INSERT INTO Batch (bid,pdid,invid,quantity) VALUES (1810,299,181,66);
INSERT INTO Batch (bid,pdid,invid,quantity) VALUES (1811,36,182,79);
INSERT INTO Batch (bid,pdid,invid,quantity) VALUES (1812,38,182,63);
INSERT INTO Batch (bid,pdid,invid,quantity) VALUES (1813,40,182,81);
INSERT INTO Batch (bid,pdid,invid,quantity) VALUES (1814,133,182,64);
INSERT INTO Batch (bid,pdid,invid,quantity) VALUES (1815,152,182,91);
INSERT INTO Batch (bid,pdid,invid,quantity) VALUES (1816,174,182,95);
INSERT INTO Batch (bid,pdid,invid,quantity) VALUES (1817,190,182,83);
INSERT INTO Batch (bid,pdid,invid,quantity) VALUES (1818,210,182,78);
INSERT INTO Batch (bid,pdid,invid,quantity) VALUES (1819,218,182,70);
INSERT INTO Batch (bid,pdid,invid,quantity) VALUES (1820,284,182,51);
INSERT INTO Batch (bid,pdid,invid,quantity) VALUES (1821,89,183,54);
INSERT INTO Batch (bid,pdid,invid,quantity) VALUES (1822,174,183,60);
INSERT INTO Batch (bid,pdid,invid,quantity) VALUES (1823,187,183,52);
INSERT INTO Batch (bid,pdid,invid,quantity) VALUES (1824,205,183,93);
INSERT INTO Batch (bid,pdid,invid,quantity) VALUES (1825,232,183,93);
INSERT INTO Batch (bid,pdid,invid,quantity) VALUES (1826,243,183,78);
INSERT INTO Batch (bid,pdid,invid,quantity) VALUES (1827,285,183,96);
INSERT INTO Batch (bid,pdid,invid,quantity) VALUES (1828,287,183,75);
INSERT INTO Batch (bid,pdid,invid,quantity) VALUES (1829,291,183,80);
INSERT INTO Batch (bid,pdid,invid,quantity) VALUES (1830,298,183,55);
INSERT INTO Batch (bid,pdid,invid,quantity) VALUES (1831,10,184,95);
INSERT INTO Batch (bid,pdid,invid,quantity) VALUES (1832,73,184,86);
INSERT INTO Batch (bid,pdid,invid,quantity) VALUES (1833,82,184,91);
INSERT INTO Batch (bid,pdid,invid,quantity) VALUES (1834,164,184,65);
INSERT INTO Batch (bid,pdid,invid,quantity) VALUES (1835,197,184,72);
INSERT INTO Batch (bid,pdid,invid,quantity) VALUES (1836,223,184,101);
INSERT INTO Batch (bid,pdid,invid,quantity) VALUES (1837,243,184,61);
INSERT INTO Batch (bid,pdid,invid,quantity) VALUES (1838,244,184,62);
INSERT INTO Batch (bid,pdid,invid,quantity) VALUES (1839,251,184,80);
INSERT INTO Batch (bid,pdid,invid,quantity) VALUES (1840,270,184,96);
INSERT INTO Batch (bid,pdid,invid,quantity) VALUES (1841,19,185,100);
INSERT INTO Batch (bid,pdid,invid,quantity) VALUES (1842,34,185,65);
INSERT INTO Batch (bid,pdid,invid,quantity) VALUES (1843,78,185,67);
INSERT INTO Batch (bid,pdid,invid,quantity) VALUES (1844,89,185,89);
INSERT INTO Batch (bid,pdid,invid,quantity) VALUES (1845,127,185,93);
INSERT INTO Batch (bid,pdid,invid,quantity) VALUES (1846,202,185,82);
INSERT INTO Batch (bid,pdid,invid,quantity) VALUES (1847,230,185,98);
INSERT INTO Batch (bid,pdid,invid,quantity) VALUES (1848,232,185,57);
INSERT INTO Batch (bid,pdid,invid,quantity) VALUES (1849,236,185,63);
INSERT INTO Batch (bid,pdid,invid,quantity) VALUES (1850,281,185,73);
INSERT INTO Batch (bid,pdid,invid,quantity) VALUES (1851,9,186,96);
INSERT INTO Batch (bid,pdid,invid,quantity) VALUES (1852,78,186,91);
INSERT INTO Batch (bid,pdid,invid,quantity) VALUES (1853,152,186,58);
INSERT INTO Batch (bid,pdid,invid,quantity) VALUES (1854,162,186,54);
INSERT INTO Batch (bid,pdid,invid,quantity) VALUES (1855,205,186,100);
INSERT INTO Batch (bid,pdid,invid,quantity) VALUES (1856,217,186,56);
INSERT INTO Batch (bid,pdid,invid,quantity) VALUES (1857,220,186,79);
INSERT INTO Batch (bid,pdid,invid,quantity) VALUES (1858,244,186,94);
INSERT INTO Batch (bid,pdid,invid,quantity) VALUES (1859,249,186,66);
INSERT INTO Batch (bid,pdid,invid,quantity) VALUES (1860,269,186,58);
INSERT INTO Batch (bid,pdid,invid,quantity) VALUES (1861,9,187,92);
INSERT INTO Batch (bid,pdid,invid,quantity) VALUES (1862,33,187,88);
INSERT INTO Batch (bid,pdid,invid,quantity) VALUES (1863,56,187,100);
INSERT INTO Batch (bid,pdid,invid,quantity) VALUES (1864,64,187,69);
INSERT INTO Batch (bid,pdid,invid,quantity) VALUES (1865,85,187,77);
INSERT INTO Batch (bid,pdid,invid,quantity) VALUES (1866,134,187,84);
INSERT INTO Batch (bid,pdid,invid,quantity) VALUES (1867,150,187,52);
INSERT INTO Batch (bid,pdid,invid,quantity) VALUES (1868,185,187,55);
INSERT INTO Batch (bid,pdid,invid,quantity) VALUES (1869,203,187,100);
INSERT INTO Batch (bid,pdid,invid,quantity) VALUES (1870,238,187,95);
INSERT INTO Batch (bid,pdid,invid,quantity) VALUES (1871,16,188,73);
INSERT INTO Batch (bid,pdid,invid,quantity) VALUES (1872,29,188,74);
INSERT INTO Batch (bid,pdid,invid,quantity) VALUES (1873,147,188,65);
INSERT INTO Batch (bid,pdid,invid,quantity) VALUES (1874,155,188,72);
INSERT INTO Batch (bid,pdid,invid,quantity) VALUES (1875,178,188,87);
INSERT INTO Batch (bid,pdid,invid,quantity) VALUES (1876,222,188,98);
INSERT INTO Batch (bid,pdid,invid,quantity) VALUES (1877,223,188,83);
INSERT INTO Batch (bid,pdid,invid,quantity) VALUES (1878,243,188,97);
INSERT INTO Batch (bid,pdid,invid,quantity) VALUES (1879,255,188,79);
INSERT INTO Batch (bid,pdid,invid,quantity) VALUES (1880,285,188,59);
INSERT INTO Batch (bid,pdid,invid,quantity) VALUES (1881,22,189,93);
INSERT INTO Batch (bid,pdid,invid,quantity) VALUES (1882,32,189,56);
INSERT INTO Batch (bid,pdid,invid,quantity) VALUES (1883,43,189,64);
INSERT INTO Batch (bid,pdid,invid,quantity) VALUES (1884,93,189,93);
INSERT INTO Batch (bid,pdid,invid,quantity) VALUES (1885,94,189,80);
INSERT INTO Batch (bid,pdid,invid,quantity) VALUES (1886,101,189,62);
INSERT INTO Batch (bid,pdid,invid,quantity) VALUES (1887,121,189,95);
INSERT INTO Batch (bid,pdid,invid,quantity) VALUES (1888,238,189,61);
INSERT INTO Batch (bid,pdid,invid,quantity) VALUES (1889,242,189,68);
INSERT INTO Batch (bid,pdid,invid,quantity) VALUES (1890,275,189,51);
INSERT INTO Batch (bid,pdid,invid,quantity) VALUES (1891,7,190,54);
INSERT INTO Batch (bid,pdid,invid,quantity) VALUES (1892,8,190,89);
INSERT INTO Batch (bid,pdid,invid,quantity) VALUES (1893,20,190,80);
INSERT INTO Batch (bid,pdid,invid,quantity) VALUES (1894,27,190,58);
INSERT INTO Batch (bid,pdid,invid,quantity) VALUES (1895,76,190,79);
INSERT INTO Batch (bid,pdid,invid,quantity) VALUES (1896,88,190,78);
INSERT INTO Batch (bid,pdid,invid,quantity) VALUES (1897,107,190,67);
INSERT INTO Batch (bid,pdid,invid,quantity) VALUES (1898,138,190,96);
INSERT INTO Batch (bid,pdid,invid,quantity) VALUES (1899,206,190,89);
INSERT INTO Batch (bid,pdid,invid,quantity) VALUES (1900,255,190,63);
INSERT INTO Batch (bid,pdid,invid,quantity) VALUES (1901,13,191,54);
INSERT INTO Batch (bid,pdid,invid,quantity) VALUES (1902,46,191,55);
INSERT INTO Batch (bid,pdid,invid,quantity) VALUES (1903,66,191,62);
INSERT INTO Batch (bid,pdid,invid,quantity) VALUES (1904,68,191,81);
INSERT INTO Batch (bid,pdid,invid,quantity) VALUES (1905,88,191,64);
INSERT INTO Batch (bid,pdid,invid,quantity) VALUES (1906,99,191,60);
INSERT INTO Batch (bid,pdid,invid,quantity) VALUES (1907,116,191,60);
INSERT INTO Batch (bid,pdid,invid,quantity) VALUES (1908,181,191,72);
INSERT INTO Batch (bid,pdid,invid,quantity) VALUES (1909,198,191,95);
INSERT INTO Batch (bid,pdid,invid,quantity) VALUES (1910,288,191,73);
INSERT INTO Batch (bid,pdid,invid,quantity) VALUES (1911,22,192,75);
INSERT INTO Batch (bid,pdid,invid,quantity) VALUES (1912,52,192,88);
INSERT INTO Batch (bid,pdid,invid,quantity) VALUES (1913,84,192,51);
INSERT INTO Batch (bid,pdid,invid,quantity) VALUES (1914,87,192,58);
INSERT INTO Batch (bid,pdid,invid,quantity) VALUES (1915,149,192,51);
INSERT INTO Batch (bid,pdid,invid,quantity) VALUES (1916,183,192,81);
INSERT INTO Batch (bid,pdid,invid,quantity) VALUES (1917,206,192,81);
INSERT INTO Batch (bid,pdid,invid,quantity) VALUES (1918,217,192,73);
INSERT INTO Batch (bid,pdid,invid,quantity) VALUES (1919,261,192,57);
INSERT INTO Batch (bid,pdid,invid,quantity) VALUES (1920,277,192,80);
INSERT INTO Batch (bid,pdid,invid,quantity) VALUES (1921,3,193,58);
INSERT INTO Batch (bid,pdid,invid,quantity) VALUES (1922,28,193,68);
INSERT INTO Batch (bid,pdid,invid,quantity) VALUES (1923,54,193,86);
INSERT INTO Batch (bid,pdid,invid,quantity) VALUES (1924,55,193,82);
INSERT INTO Batch (bid,pdid,invid,quantity) VALUES (1925,112,193,100);
INSERT INTO Batch (bid,pdid,invid,quantity) VALUES (1926,123,193,89);
INSERT INTO Batch (bid,pdid,invid,quantity) VALUES (1927,195,193,77);
INSERT INTO Batch (bid,pdid,invid,quantity) VALUES (1928,205,193,54);
INSERT INTO Batch (bid,pdid,invid,quantity) VALUES (1929,230,193,52);
INSERT INTO Batch (bid,pdid,invid,quantity) VALUES (1930,247,193,100);
INSERT INTO Batch (bid,pdid,invid,quantity) VALUES (1931,3,194,58);
INSERT INTO Batch (bid,pdid,invid,quantity) VALUES (1932,28,194,68);
INSERT INTO Batch (bid,pdid,invid,quantity) VALUES (1933,54,194,86);
INSERT INTO Batch (bid,pdid,invid,quantity) VALUES (1934,55,194,82);
INSERT INTO Batch (bid,pdid,invid,quantity) VALUES (1935,112,194,100);
INSERT INTO Batch (bid,pdid,invid,quantity) VALUES (1936,123,194,89);
INSERT INTO Batch (bid,pdid,invid,quantity) VALUES (1937,195,194,77);
INSERT INTO Batch (bid,pdid,invid,quantity) VALUES (1938,205,194,54);
INSERT INTO Batch (bid,pdid,invid,quantity) VALUES (1939,230,194,52);
INSERT INTO Batch (bid,pdid,invid,quantity) VALUES (1940,247,194,100);
INSERT INTO Batch (bid,pdid,invid,quantity) VALUES (1941,14,195,59);
INSERT INTO Batch (bid,pdid,invid,quantity) VALUES (1942,85,195,74);
INSERT INTO Batch (bid,pdid,invid,quantity) VALUES (1943,143,195,73);
INSERT INTO Batch (bid,pdid,invid,quantity) VALUES (1944,155,195,86);
INSERT INTO Batch (bid,pdid,invid,quantity) VALUES (1945,175,195,79);
INSERT INTO Batch (bid,pdid,invid,quantity) VALUES (1946,186,195,54);
INSERT INTO Batch (bid,pdid,invid,quantity) VALUES (1947,232,195,79);
INSERT INTO Batch (bid,pdid,invid,quantity) VALUES (1948,264,195,70);
INSERT INTO Batch (bid,pdid,invid,quantity) VALUES (1949,274,195,68);
INSERT INTO Batch (bid,pdid,invid,quantity) VALUES (1950,285,195,66);
INSERT INTO Batch (bid,pdid,invid,quantity) VALUES (1951,18,196,58);
INSERT INTO Batch (bid,pdid,invid,quantity) VALUES (1952,40,196,80);
INSERT INTO Batch (bid,pdid,invid,quantity) VALUES (1953,42,196,100);
INSERT INTO Batch (bid,pdid,invid,quantity) VALUES (1954,71,196,74);
INSERT INTO Batch (bid,pdid,invid,quantity) VALUES (1955,108,196,91);
INSERT INTO Batch (bid,pdid,invid,quantity) VALUES (1956,152,196,70);
INSERT INTO Batch (bid,pdid,invid,quantity) VALUES (1957,189,196,75);
INSERT INTO Batch (bid,pdid,invid,quantity) VALUES (1958,215,196,99);
INSERT INTO Batch (bid,pdid,invid,quantity) VALUES (1959,220,196,101);
INSERT INTO Batch (bid,pdid,invid,quantity) VALUES (1960,276,196,57);
INSERT INTO Batch (bid,pdid,invid,quantity) VALUES (1961,4,197,80);
INSERT INTO Batch (bid,pdid,invid,quantity) VALUES (1962,11,197,85);
INSERT INTO Batch (bid,pdid,invid,quantity) VALUES (1963,61,197,52);
INSERT INTO Batch (bid,pdid,invid,quantity) VALUES (1964,101,197,84);
INSERT INTO Batch (bid,pdid,invid,quantity) VALUES (1965,137,197,95);
INSERT INTO Batch (bid,pdid,invid,quantity) VALUES (1966,158,197,82);
INSERT INTO Batch (bid,pdid,invid,quantity) VALUES (1967,187,197,96);
INSERT INTO Batch (bid,pdid,invid,quantity) VALUES (1968,237,197,77);
INSERT INTO Batch (bid,pdid,invid,quantity) VALUES (1969,238,197,99);
INSERT INTO Batch (bid,pdid,invid,quantity) VALUES (1970,270,197,97);
INSERT INTO Batch (bid,pdid,invid,quantity) VALUES (1971,17,198,93);
INSERT INTO Batch (bid,pdid,invid,quantity) VALUES (1972,21,198,76);
INSERT INTO Batch (bid,pdid,invid,quantity) VALUES (1973,71,198,99);
INSERT INTO Batch (bid,pdid,invid,quantity) VALUES (1974,88,198,71);
INSERT INTO Batch (bid,pdid,invid,quantity) VALUES (1975,92,198,55);
INSERT INTO Batch (bid,pdid,invid,quantity) VALUES (1976,96,198,101);
INSERT INTO Batch (bid,pdid,invid,quantity) VALUES (1977,114,198,77);
INSERT INTO Batch (bid,pdid,invid,quantity) VALUES (1978,121,198,78);
INSERT INTO Batch (bid,pdid,invid,quantity) VALUES (1979,226,198,60);
INSERT INTO Batch (bid,pdid,invid,quantity) VALUES (1980,243,198,66);
INSERT INTO Batch (bid,pdid,invid,quantity) VALUES (1981,29,199,99);
INSERT INTO Batch (bid,pdid,invid,quantity) VALUES (1982,60,199,65);
INSERT INTO Batch (bid,pdid,invid,quantity) VALUES (1983,80,199,87);
INSERT INTO Batch (bid,pdid,invid,quantity) VALUES (1984,111,199,91);
INSERT INTO Batch (bid,pdid,invid,quantity) VALUES (1985,117,199,72);
INSERT INTO Batch (bid,pdid,invid,quantity) VALUES (1986,127,199,54);
INSERT INTO Batch (bid,pdid,invid,quantity) VALUES (1987,136,199,59);
INSERT INTO Batch (bid,pdid,invid,quantity) VALUES (1988,171,199,71);
INSERT INTO Batch (bid,pdid,invid,quantity) VALUES (1989,216,199,85);
INSERT INTO Batch (bid,pdid,invid,quantity) VALUES (1990,255,199,100);
INSERT INTO Batch (bid,pdid,invid,quantity) VALUES (1991,46,200,64);
INSERT INTO Batch (bid,pdid,invid,quantity) VALUES (1992,76,200,95);
INSERT INTO Batch (bid,pdid,invid,quantity) VALUES (1993,83,200,50);
INSERT INTO Batch (bid,pdid,invid,quantity) VALUES (1994,102,200,101);
INSERT INTO Batch (bid,pdid,invid,quantity) VALUES (1995,180,200,67);
INSERT INTO Batch (bid,pdid,invid,quantity) VALUES (1996,189,200,63);
INSERT INTO Batch (bid,pdid,invid,quantity) VALUES (1997,190,200,93);
INSERT INTO Batch (bid,pdid,invid,quantity) VALUES (1998,191,200,51);
INSERT INTO Batch (bid,pdid,invid,quantity) VALUES (1999,229,200,78);
INSERT INTO Batch (bid,pdid,invid,quantity) VALUES (2000,253,200,64);

INSERT INTO Morders VALUES
(1,128),
(2,80),
(3,53),
(4,33),
(5,83),
(6,141),
(7,105),
(8,140),
(9,40),
(10,149),
(11,40),
(12,33),
(13,21),
(14,139),
(15,34),
(16,132),
(17,44),
(18,58),
(19,46),
(20,101),
(21,121),
(22,142),
(23,131),
(24,97),
(25,64),
(26,100),
(27,83),
(28,111),
(29,116),
(30,119),
(31,46),
(32,86),
(33,122),
(34,38),
(35,128),
(36,78),
(37,59),
(38,107),
(39,16),
(40,50),
(41,87),
(42,22),
(43,143),
(44,14),
(45,70),
(46,40),
(47,89),
(48,20),
(49,105),
(50,74),
(51,109),
(52,150),
(53,87),
(54,100),
(55,123),
(56,67),
(57,7),
(58,62),
(59,65),
(60,40),
(61,125),
(62,95),
(63,11),
(64,102),
(65,87),
(66,52),
(67,43),
(68,111),
(69,123),
(70,50),
(71,123),
(72,61),
(73,71),
(74,100),
(75,38),
(76,139),
(77,82),
(78,14),
(79,19),
(80,106),
(81,122),
(82,65),
(83,121),
(84,58),
(85,27),
(86,19),
(87,4),
(88,115),
(89,119),
(90,123),
(91,8),
(92,74),
(93,49),
(94,58),
(95,3),
(96,15),
(97,103),
(98,40),
(99,21),
(100,22),
(101,119),
(102,129),
(103,120),
(104,14),
(105,96),
(106,101),
(107,100),
(108,145),
(109,124),
(110,99),
(111,64),
(112,68),
(113,61),
(114,121),
(115,107),
(116,78),
(117,100),
(118,50),
(119,36),
(120,90),
(121,148),
(122,41),
(123,129),
(124,34),
(125,76),
(126,54),
(127,107),
(128,85),
(129,143),
(130,42),
(131,145),
(132,38),
(133,98),
(134,44),
(135,12),
(136,110),
(137,142),
(138,138),
(139,89),
(140,25),
(141,96),
(142,77),
(143,34),
(144,133),
(145,104),
(146,29),
(147,111),
(148,12),
(149,80),
(150,91),
(151,113),
(152,20),
(153,30),
(154,118),
(155,100),
(156,131),
(157,133),
(158,73),
(159,115),
(160,19),
(161,94),
(162,35),
(163,22),
(164,140),
(165,68),
(166,125),
(167,4),
(168,90),
(169,106),
(170,83),
(171,11),
(172,94),
(173,67),
(174,50),
(175,141),
(176,68),
(177,16),
(178,63),
(179,8),
(180,50),
(181,65),
(182,62),
(183,126),
(184,7),
(185,144),
(186,141),
(187,54),
(188,46),
(189,75),
(190,146),
(191,97),
(192,56),
(193,131),
(194,75),
(195,44),
(196,123),
(197,85),
(198,24),
(199,69),
(200,40),
(201,83),
(202,52),
(203,141),
(204,7),
(205,40),
(206,82),
(207,38),
(208,130),
(209,58),
(210,38),
(211,107),
(212,26),
(213,53),
(214,111),
(215,30),
(216,1),
(217,143),
(218,57),
(219,150),
(220,18),
(221,139),
(222,120),
(223,24),
(224,20),
(225,99),
(226,58),
(227,83),
(228,30),
(229,82),
(230,53),
(231,28),
(232,74),
(233,66),
(234,13),
(235,116),
(236,143),
(237,93),
(238,76),
(239,143),
(240,125),
(241,126),
(242,53),
(243,60),
(244,55),
(245,97),
(246,122),
(247,9),
(248,136),
(249,120),
(250,64),
(251,146),
(252,122),
(253,52),
(254,39),
(255,113),
(256,121),
(257,53),
(258,109),
(259,73),
(260,90),
(261,49),
(262,95),
(263,25),
(264,90),
(265,11),
(266,120),
(267,8),
(268,61),
(269,134),
(270,105),
(271,147),
(272,84),
(273,141),
(274,147),
(275,39),
(276,83),
(277,34),
(278,58),
(279,101),
(280,57),
(281,141),
(282,122),
(283,21),
(284,8),
(285,129),
(286,130),
(287,59),
(288,20),
(289,134),
(290,46),
(291,76),
(292,76),
(293,142),
(294,71),
(295,127),
(296,83),
(297,54),
(298,32),
(299,88),
(300,110),
(301,56),
(302,110),
(303,30),
(304,142),
(305,6),
(306,99),
(307,10),
(308,142),
(309,149),
(310,120),
(311,33),
(312,72),
(313,93),
(314,48),
(315,16),
(316,38),
(317,117),
(318,7),
(319,98),
(320,81),
(321,115),
(322,35),
(323,141),
(324,49),
(325,21),
(326,61),
(327,43),
(328,89),
(329,64),
(330,50),
(331,52),
(332,112),
(333,137),
(334,103),
(335,49),
(336,22),
(337,58),
(338,104),
(339,83),
(340,111),
(341,144),
(342,10),
(343,114),
(344,27),
(345,21),
(346,12),
(347,69),
(348,29),
(349,16),
(350,81),
(351,41),
(352,87),
(353,18),
(354,122),
(355,115),
(356,81),
(357,89),
(358,111),
(359,12),
(360,11),
(361,5),
(362,14),
(363,142),
(364,50),
(365,66),
(366,46),
(367,110),
(368,124),
(369,136),
(370,117),
(371,68),
(372,132),
(373,56),
(374,76),
(375,127),
(376,109),
(377,1),
(378,109),
(379,108),
(380,122),
(381,136),
(382,142),
(383,2),
(384,145),
(385,9),
(386,83),
(387,54),
(388,90),
(389,2),
(390,74),
(391,124),
(392,34),
(393,127),
(394,134),
(395,129),
(396,57),
(397,33),
(398,49),
(399,139),
(400,54),
(401,23),
(402,22),
(403,73),
(404,141),
(405,66),
(406,46),
(407,144),
(408,79),
(409,22),
(410,130),
(411,95),
(412,129),
(413,42),
(414,95),
(415,32),
(416,61),
(417,77),
(418,103),
(419,122),
(420,92),
(421,150),
(422,108),
(423,51),
(424,41),
(425,98),
(426,85),
(427,72),
(428,138),
(429,76),
(430,106),
(431,76),
(432,103),
(433,80),
(434,115),
(435,83),
(436,64),
(437,25),
(438,75),
(439,83),
(440,128),
(441,57),
(442,39),
(443,8),
(444,143),
(445,13),
(446,53),
(447,93),
(448,5),
(449,25),
(450,12),
(451,147),
(452,131),
(453,13),
(454,114),
(455,45),
(456,87),
(457,75),
(458,128),
(459,115),
(460,34),
(461,85),
(462,139),
(463,6),
(464,19),
(465,111),
(466,34),
(467,85),
(468,72),
(469,143),
(470,68),
(471,132),
(472,136),
(473,17),
(474,146),
(475,85),
(476,30),
(477,44),
(478,126),
(479,128),
(480,90),
(481,37),
(482,11),
(483,48),
(484,48),
(485,62),
(486,127),
(487,4),
(488,41),
(489,147),
(490,59),
(491,46),
(492,36),
(493,9),
(494,132),
(495,134),
(496,138),
(497,144),
(498,140),
(499,85),
(500,32);

insert into Manager(meid,invenid,fname,lname,phone,email,dob,gender,hno,street,district,city,state,pincode,salary,experience,doj) values
(1,1,'Ashley','Peters','270-537-8517','wallacemichele@gmail.com','1948-11-28','Male',1175,' Daniel KeyHopkinsberg\, DC 59414 ','Bellary','Kollam','Arunachal Pradesh',051945,391358,5,'1969-11-28'),
(2,2,'Jasmine','Harris','864-108-0812','kdeleon@hotmail.com','1984-12-28','Female',4659,' Jeffrey Lakes Suite 600North Linda\, PA 87542 ','Botad','Korba','Manipur',448843,980821,5,'2005-12-28'),
(3,3,'Derek','Craig','502-322-0245','shannon90@hotmail.com','1928-11-19','Female',4252,' Michael HighwayNorth Melissamouth\, MD 06296 ','Dausa','kolkata','Goa',758451,432391,7,'1949-11-19'),
(4,4,'Matthew','Martin','612-692-2701','acharles@hotmail.com','1935-07-16','Male',7835,' Phillips RoadCharlesland\, WI 20478 ','Garhwa','Kollam','Jharkhand',575221,405282,8,'1956-07-16'),
(5,5,'Trevor','Gray','789-631-3598','cookkristin@hotmail.com','1935-07-21','Male',2685,' Rachel Corners Suite 632North Tina\, MO 69476 ','Firozpur','Bhilai','Uttarakhand',584479,792653,5,'1956-07-21'),
(6,6,'Joshua','Sandoval','551-242-7780','amber30@gmail.com','1940-06-21','Female',9051,' Sylvia Greens Apt. 592Pattersonhaven\, NC 92126 ','Goalpara','Gopalpur','Maharashtra',016692,416217,2,'1961-06-21'),
(7,7,'Omar','Smith','393-125-9302','timothy89@gmail.com','1973-10-05','Male',6181,' Yvonne SpurTimothyside\, NY 84160 ','Eluru','Gopalpur','Jharkhand',367418,756257,8,'1994-10-05'),
(8,8,'Timothy','Wilson','625-535-5926','robin52@hotmail.com','2014-05-28','Male',2655,' Kennedy IslandsStanleymouth\, MT 83205 ','Amreli','Korba','Andaman and Nicobar',592365,339759,6,'2035-05-28'),
(9,9,'Ian','Ingram','160-261-4560','sloanmatthew@yahoo.com','2014-10-25','Male',5828,' Kennedy Squares Apt. 751South Brianhaven\, KY 42317 ','Kiphire','Nashik','Nagaland',943565,359497,4,'2035-10-25'),
(10,10,'April','Skinner','157-687-7533','vwall@yahoo.com','1935-04-23','Others',1130,' Brock SpringsSpearsstad\, OK 08476 ','East Garo Hills','Aligarh','Gujarat',357692,983391,10,'1956-04-23'),
(11,11,'Mr.','Donald','418-375-8809','sellerssusan@hotmail.com','1921-12-09','Male',6952,' Coffey Wells Apt. 883Port Nicholasview\, NC 84459 ','Jind','Durgapur','Manipur',947118,409978,10,'1942-12-09'),
(12,12,'Carol','Coffey','251-489-3582','julievillanueva@hotmail.com','1957-04-20','Male',5064,' Jacob JunctionsMorenoberg\, ME 40497 ','Nagpur','Sagar','Dadra and Nagar Haveli',752184,321808,10,'1978-04-20'),
(13,13,'Chad','Jones','400-482-9612','hendersonsabrina@hotmail.com','2011-10-25','Male',7186,' 3932\, Box 8173APO AA 73412 ','Tirap','Karur','Mizoram',251420,464238,10,'2032-10-25'),
(14,14,'Barbara','Hood','255-011-1465','stephaniehartman@hotmail.com','1995-08-06','Male',5895,' Andrew Summit Apt. 200North Loriburgh\, ID 88140 ','Pakyong','Patna','Jharkhand',863524,238290,5,'2016-08-06'),
(15,15,'Amanda','Berger','181-448-8966','melissa41@gmail.com','1988-06-12','Female',8961,' Hardin StreamNew Tarafort\, FL 90869 ','Bharuch','Bhopal','Haryana',023960,412932,2,'2009-06-12'),
(16,16,'Mary','Bishop','214-436-2844','howardandrew@yahoo.com','1981-05-05','Female',7142,' Ann Drives Apt. 334North Brandon\, DC 70940 ','Pakyong','Hyderabad','Kerala',834515,602922,9,'2002-05-05'),
(17,17,'Patricia','Thomas','455-398-3888','mcphersonmatthew@gmail.com','2013-12-27','Others',9870,' John CornersPort Carlshire\, DC 62208 ','Kiphire','Amritsar','Punjab',577487,508715,8,'2034-12-27'),
(18,18,'Jason','Gray','873-142-5771','colleenfleming@gmail.com','1990-08-22','Female',8088,' Wiggins FieldBeasleyberg\, WA 65710 ','Garhwa','Firozabad','Manipur',885446,319107,4,'2011-08-22'),
(19,19,'Michael','Green','771-254-2538','bradleydeborah@gmail.com','1989-03-14','Others',1324,' Wilson Divide Apt. 071West Tylerland\, ME 22434 ','Senapati','Gorakhpur','Meghalaya',340043,205909,6,'2010-03-14'),
(20,20,'Robert','Solis','281-759-8764','bsaunders@yahoo.com','1969-10-24','Female',1177,' Valentine Locks Suite 533Port Devin\, MA 99071 ','Kinnaur','Kollam','Manipur',718371,424117,10,'1990-10-24'),
(21,21,'Vanessa','Mitchell','503-514-7237','uanthony@yahoo.com','1918-06-28','Others',1313,' Jonathan Cliffs Suite 519West Sherry\, ME 88684 ','Bhopal','Lucknow','Jharkhand',833122,942872,10,'1939-06-28'),
(22,22,'Connor','Davis','559-045-1286','lacey12@yahoo.com','1998-01-09','Female',1755,' Christian Knoll Apt. 609Joelfurt\, MA 24129 ','Bhopal','Aizwal','Lakshadweep',312534,982261,1,'2019-01-09'),
(23,23,'Tammy','Obrien','263-269-0579','dianeking@hotmail.com','1987-06-29','Others',7608,' Sheppard Loaf Suite 620Jonesfort\, NV 32130 ','Udupi','Kanpur','Jharkhand',777737,927018,3,'2008-06-29'),
(24,24,'David','Brown','167-732-2274','uball@yahoo.com','1981-10-14','Male',2159,' Kyle CoveWrightton\, NH 55143 ','Wayanad','Rajkot','Uttarakhand',149779,671237,9,'2002-10-14'),
(25,25,'Chelsea','Houston','569-784-9124','ycook@gmail.com','1976-12-04','Male',8441,' Jones Fords Apt. 171East Rebecca\, AR 64061 ','Bhagalpur','Alwar','Punjab',656370,207405,4,'1997-12-04'),
(26,26,'James','Rivera','148-790-3778','ylowe@yahoo.com','2002-10-29','Others',3170,' Oconnor Ranch Suite 941Smithberg\, PA 87161 ','Jhabua','Bangalore','Tamil Nadu',369935,820002,7,'2023-10-29'),
(27,27,'Jessica','Smith','175-081-2348','amiles@gmail.com','1970-12-20','Others',4917,' Matthew MountGrayport\, TN 82992 ','Durg','Ghaziabad','Meghalaya',491791,341267,5,'1991-12-20'),
(28,28,'Sarah','Douglas','444-632-3681','sean87@hotmail.com','1913-03-12','Male',2481,' Duarte FieldTomchester\, AZ 15591 ','Amreli','Loni','Chandigarh',113032,822129,3,'1934-03-12'),
(29,29,'Dana','Mays','325-287-1332','christian87@yahoo.com','1982-08-14','Male',6162,' Weaver HarborsNicholaschester\, PA 75954 ','Vaishali','Korba','Tamil Nadu',282590,961545,3,'2003-08-14'),
(30,30,'Jessica','Murphy','696-342-6716','ebarry@yahoo.com','1926-09-02','Male',3937,' Shaw CapeWest Sarah\, MA 20488 ','Noklak','Amritsar','Sikkim',290183,187028,2,'1947-09-02'),
(31,31,'Randy','Whitaker','176-056-8475','david62@hotmail.com','1930-01-24','Others',1108,' Hays BrooksEast Morgan\, NY 08624 ','Bokaro','Indore','Himachal Pradesh',414891,177179,5,'1951-01-24'),
(32,32,'Gregory','Henderson','331-100-6262','trodriguez@hotmail.com','1926-12-22','Others',2277,' Lisa Estate Suite 567Port Danny\, ND 15635 ','Balangir','kolkata','Karnataka',010120,880189,5,'1947-12-22'),
(33,33,'Erin','Davis','866-763-2093','lucaskristina@gmail.com','1969-07-26','Female',9934,' Whitney TrailEast Scott\, MT 81175 ','Nalbari','Chennai','Puducherry',359526,525901,2,'1990-07-26'),
(34,34,'Marcus','Hernandez','132-021-3573','christinegardner@yahoo.com','2019-11-24','Male',6898,' Thomas OvalEast Kimberly\, OK 10384 ','Serchhip','Gurgaon','Orissa',622747,347192,9,'2040-11-24'),
(35,35,'Sarah','Warren','667-067-1333','jesus17@gmail.com','1956-11-02','Others',7741,' Thomas TrailEast Jamie\, WA 75942 ','Tirap','Faridabad','Dadra and Nagar Haveli',774391,447391,1,'1977-11-02'),
(36,36,'Isaac','Erickson','509-554-7132','nortonjeffrey@hotmail.com','1930-01-11','Female',3816,' Joshua Center Apt. 551Krystalhaven\, RI 02492 ','Aurangabad','Dehradun','Arunachal Pradesh',290694,375378,8,'1951-01-11'),
(37,37,'Kathryn','Murray','487-629-7481','uprice@gmail.com','2006-12-23','Female',3017,' Jacqueline GlenLake Charles\, IA 42414 ','Anjaw','Arrah','Nagaland',937575,168194,9,'2027-12-23'),
(38,38,'Jeremy','Macdonald','642-534-3338','forbesjacqueline@hotmail.com','1976-03-09','Female',7596,' 4448 Box 3592DPO AA 51475 ','Korea','Cuttack','Lakshadweep',745065,486470,4,'1997-03-09'),
(39,39,'John','Johnson','522-398-4951','anthonypineda@hotmail.com','1910-12-03','Male',6368,' Samuel Mall Apt. 516South Paigemouth\, MS 91604 ','Durg','Latur','Jharkhand',285070,974789,2,'1931-12-03'),
(40,40,'Andrea','Middleton','267-310-0977','ocarr@gmail.com','1932-10-15','Female',8020,' Ochoa LockParkerton\, PA 17928 ','Amreli','Dhule','Manipur',604776,251779,10,'1953-10-15'),
(41,41,'Stephanie','Beasley','372-715-7526','choward@yahoo.com','1933-08-21','Male',6097,' Wall WayMichaelville\, MI 34434 ','Patan','Gopalpur','Haryana',793968,601413,7,'1954-08-21'),
(42,42,'Christopher','Harvey','389-251-7796','princecharles@yahoo.com','1997-09-26','Male',5371,' Brett Meadow Apt. 096East Tyler\, KS 46108 ','Eluru','Bilaspur','Telangana',419292,434125,9,'2018-09-26'),
(43,43,'Michael','Barber','274-873-3767','simonamber@gmail.com','1930-08-12','Female',9079,' Romero Cape Suite 079Brownmouth\, IL 09171 ','Palwal','Kutti','Manipur',847127,887641,9,'1951-08-12'),
(44,44,'Angela','Coleman','920-003-7160','thompsongrace@yahoo.com','1921-04-19','Male',4712,' Miranda SquareAmandashire\, WI 17190 ','Idukki','Kollam','Karnataka',701227,572095,6,'1942-04-19'),
(45,45,'Kimberly','Kelley','447-282-6166','jacob45@gmail.com','1999-12-10','Male',3587,' Hall Cove Apt. 645Griffinside\, RI 55750 ','Kapurthala','Srinagar','Meghalaya',289499,697510,7,'2020-12-10'),
(46,46,'Barbara','Sawyer','701-112-2013','robinsonthomas@hotmail.com','1976-02-01','Female',3620,' Mcgrath Mountain Suite 623Harveyville\, AZ 87903 ','Namsai','Patiala','Manipur',542307,934730,6,'1997-02-01'),
(47,47,'Oscar','Powell','591-668-4732','mhill@hotmail.com','1965-08-31','Male',4322,' Shields Key Apt. 929Lake Nicoleside\, CA 57539 ','Nalbari','Surat','Himachal Pradesh',308815,334993,7,'1986-08-31'),
(48,48,'Janet','Morgan','741-278-5259','qsolis@yahoo.com','1981-12-23','Female',2054,' Elizabeth Row Suite 075Thomaston\, TX 23532 ','Anakapalli','Ghaziabad','Tripura',888774,619057,10,'2002-12-23'),
(49,49,'Rose','Boyer','622-631-1646','rebecca73@hotmail.com','1966-01-28','Male',1529,' Rebecca Estates Suite 279Port Julia\, KS 48497 ','Kapurthala','Howrah','Tripura',595509,293615,5,'1987-01-28'),
(50,50,'Lisa','Hill','672-682-4316','jameswilliams@yahoo.com','1981-10-28','Others',4091,' Hernandez RoadsMatafort\, NY 36342 ','Pakyong','Avadi','West Bengal',087832,733540,8,'2002-10-28');

insert into Customer (uid,fname,lname,phone,email,gender,dob,hno,street,district,city,state,pincode) values
(1,'Yvonne','Anderson','535-457-4782','vanessafowler@hotmail.com','Female','1940-04-12',1778,' Glenda PlainsSouth Derrick\, OH 43536 ','Dibrugarh','Ludhiana','Uttar Pradesh',740686),
(2,'Luis','Davis','517-757-3568','laura79@yahoo.com','Others','1996-09-11',4794,' Martinez TrailJoanshire\, UT 79161 ','Balod','Ujjain','Mizoram',700137),
(3,'Heather','Morris','152-122-5331','xcastillo@gmail.com','Others','1916-07-16',5184,' Goodwin Hill Apt. 146Gonzaleztown\, OR 41717 ','Palwal','Panipat','Himachal Pradesh',647405),
(4,'Jamie','Anderson','586-110-4745','guerradenise@yahoo.com','Female','1943-12-29',6973,' Campbell Plains Suite 778New Angela\, LA 02390 ','Bhopal','Agartala','Sikkim',683601),
(5,'William','Hubbard','664-314-6817','jillsutton@yahoo.com','Male','1915-03-11',5077,' CrossFPO AA 26388 ','Senapati','Mysore','Gujarat',325401),
(6,'David','Hall','464-383-3110','zstuart@gmail.com','Others','1973-03-03',3017,' Dorsey Way Suite 776West Carolineside\, VT 87592 ','Anand','Mumbai','Jammu and Kashmir',759285),
(7,'Dana','Jackson','677-855-1369','christopherdouglas@yahoo.com','Female','2003-11-04',1385,' Robert CirclesLynnmouth\, NH 86406 ','Ahmedabad','Aligarh','Madhya Pradesh',137057),
(8,'Cynthia','Brown','645-077-4783','lwatson@gmail.com','Male','2010-11-02',9163,' Kathy Highway Suite 887Derekfurt\, NJ 85820 ','Ri Bhoi','Imphal','Kerala',001929),
(9,'David','Nelson','727-766-8911','jenniferharper@gmail.com','Others','1908-06-04',8152,' Schultz KnollEast Jamesfurt\, NH 43212 ','Korea','Cuttack','Sikkim',267410),
(10,'Michael','Leblanc','319-163-1935','daniel85@yahoo.com','Others','1972-11-17',9065,' Perez RadialAnthonybury\, TX 76128 ','Ranchi','Indore','Telangana',069043),
(11,'Matthew','Kim','346-485-2354','wsanchez@yahoo.com','Female','1929-10-03',2905,' Abigail Field Suite 262Port Kylebury\, NH 69136 ','Bharuch','kolkata','Maharashtra',325097),
(12,'Sara','Ross','769-626-5137','john87@hotmail.com','Male','2001-08-25',5174,' Mclaughlin Pine Apt. 207New Amanda\, ID 74905 ','Nagpur','Ranchi','Himachal Pradesh',020623),
(13,'Randy','Miller','230-328-9160','susancruz@gmail.com','Others','1973-07-31',1546,' Ryan HarborsJohnsonhaven\, ND 73519 ','Ukhrul','Gorakhpur','Manipur',512827),
(14,'Kimberly','Fisher','966-194-2517','jameskoch@hotmail.com','Others','1966-01-08',4556,' Winters Pike Suite 709Carlosville\, NC 07338 ','Ambala','Meerut','Gujarat',423047),
(15,'Karen','Thomas','177-189-8088','tjenkins@gmail.com','Others','1962-08-21',4428,' Gray Lock Apt. 186North Jonathan\, GA 03031 ','Baksa','Kutti','Meghalaya',803071),
(16,'George','Moore','288-317-1405','jacob58@yahoo.com','Others','1949-01-29',8585,' William Spurs Suite 349Lake Joseph\, HI 00626 ','Senapati','Vadodara','Meghalaya',638175),
(17,'Courtney','Jordan','636-376-9203','churchelizabeth@gmail.com','Female','1923-08-25',5749,' Todd ValleysNorth Michelleland\, CT 56935 ','Hingoli','Rajpur','Uttarakhand',416908),
(18,'Anthony','Peters','683-853-3113','jacobsonshawn@gmail.com','Male','1923-10-03',3017,' Kim Track Apt. 566Lake Rachel\, IL 86782 ','Anakapalli','Patna','Kerala',945143),
(19,'David','Graham','308-409-1410','middletonjessica@hotmail.com','Others','1949-02-18',1559,' Walker ForgesPort Wendymouth\, AZ 62803 ','Ambala','Bilaspur','Nagaland',739991),
(20,'Ashley','Smith','738-153-8123','whitetracy@hotmail.com','Male','2019-12-04',5019,' Robert TurnpikePowellmouth\, OR 72584 ','Pakyong','Faridabad','Maharashtra',926944),
(21,'Alexander','Miller','821-259-9695','wyattnicholas@hotmail.com','Male','1983-05-15',5844,' Ruth KnollHarrisport\, SD 96429 ','Balangir','Ajmer','Jammu and Kashmir',801769),
(22,'Valerie','Taylor','792-857-1563','charlesharrison@yahoo.com','Male','2014-10-08',4773,' Bradley Corners Apt. 880South Kevin\, PA 11345 ','Aizawl','Panipat','Andhra Pradesh',574087),
(23,'Amanda','Adams','113-336-7682','efox@hotmail.com','Others','1975-05-17',4730,' Ellis StreetNorth Laurenborough\, FL 83029 ','Palghar','Bokara','Daman and Diu',204169),
(24,'Julia','Lee','559-205-4019','xking@hotmail.com','Others','2005-11-23',9981,' Larry UnderpassEast Deborahside\, CA 20342 ','Datia','Vadodara','Andaman and Nicobar',383807),
(25,'Stephanie','Banks','304-075-6625','kathleen22@gmail.com','Others','1925-11-08',2898,' Walker PlainToddbury\, WA 09759 ','Nagpur','Gaya','Rajasthan',958056),
(26,'David','Thompson','933-773-1850','reyesrobert@yahoo.com','Female','1929-01-21',3037,' Buchanan BurgsJacquelinetown\, SC 11921 ','Palwal','Gaya','Uttarakhand',404871),
(27,'Julie','Bailey','975-361-3426','monica05@gmail.com','Female','1997-11-29',3866,' Tony SquaresWest William\, AK 00818 ','Anakapalli','Durgapur','Tamil Nadu',506207),
(28,'Charlotte','Navarro','224-715-6972','xturner@hotmail.com','Others','2003-12-22',2180,' Calvin Ramp Apt. 157Carpenterville\, AK 55066 ','Nagpur','Bangalore','Lakshadweep',973719),
(29,'Steven','Wright','755-765-3991','amandamyers@hotmail.com','Others','1964-12-16',7435,' Stacy MountainsNunezport\, KY 41677 ','Akola','Hyderabad','Madhya Pradesh',775738),
(30,'Joel','Hayes','700-221-3173','millerdiana@hotmail.com','Others','1941-11-16',9614,' Moore VistaPort Juan\, DC 29499 ','Aurangabad','Nashik','Meghalaya',143578),
(31,'Larry','Patel','651-609-5761','xross@gmail.com','Female','1928-09-09',9017,' Cynthia Curve Apt. 675Leahmouth\, TX 64415 ','Aizawl','Avadi','Punjab',243668),
(32,'Jennifer','King','274-296-2904','smithvirginia@hotmail.com','Others','1980-01-27',2049,' Briana ExtensionsDunlapfurt\, KY 22265 ','Dausa','kolkata','Punjab',195060),
(33,'Tyler','Marshall','460-817-3851','vmills@gmail.com','Female','2020-06-28',8077,' Garcia Mountains Apt. 316Crystalside\, KY 61779 ','Nalbari','Ajmer','Andhra Pradesh',415582),
(34,'Sharon','Richard','621-508-6916','zgregory@yahoo.com','Others','2009-11-08',5429,' Ramirez Ranch Suite 232Burchbury\, NJ 35650 ','Tirap','Rajkot','Manipur',282072),
(35,'Brianna','Stewart','133-305-2802','xromero@gmail.com','Others','1993-02-09',9007,' David Viaduct Suite 403Port Mathew\, DC 69671 ','Botad','Akola','Kerala',364776),
(36,'Julie','Lara','559-826-1564','ryanburgess@gmail.com','Male','1983-12-08',8944,' Gregory ParksBensonchester\, DC 13255 ','Idukki','Ranchi','Gujarat',566856),
(37,'Darren','Ferrell','587-492-7377','jennafigueroa@hotmail.com','Male','1978-01-25',3446,' Yolanda PortPort Josephstad\, IN 13364 ','Ri Bhoi','Aligarh','Kerala',529994),
(38,'Kristin','Johnson','857-645-3930','michael12@gmail.com','Others','1909-01-06',2332,' Angela IslandsSouth Kayla\, NH 59622 ','Nuapada','Allahabad','Meghalaya',613693),
(39,'Keith','Wilson','170-067-7009','jennifer85@yahoo.com','Female','1950-03-02',3073,' Weaver MissionAvilahaven\, ND 71818 ','Udupi','Loni','Haryana',040632),
(40,'Julie','Sanders','406-539-9406','gjohnson@yahoo.com','Male','1915-12-10',3738,' Jones IslandEast Danatown\, FL 46653 ','Ri Bhoi','Amritsar','Tripura',459034),
(41,'Laura','Daniels','174-098-9942','parkermelissa@gmail.com','Others','2021-01-12',5404,' Webb ClubSouth Jeffrey\, RI 77036 ','Kurukshetra','Patiala','Uttar Pradesh',230017),
(42,'Mary','Goodwin','845-827-4800','gregorymeyer@gmail.com','Others','1988-11-25',5945,' Jones ShoalSouth Scottfort\, NJ 47827 ','Bharuch','Vadodara','Tripura',189091),
(43,'Stephen','Gregory','542-547-9004','lewisjulie@hotmail.com','Female','1990-10-31',1778,' Donna MillSouth Lisa\, CO 14895 ','Anand','Agra','Madhya Pradesh',606067),
(44,'Bill','Eaton','488-689-6214','lyoung@yahoo.com','Others','1926-01-23',6471,' Paul Vista Apt. 610Thompsonville\, MA 56833 ','Dhubri','Panipat','Karnataka',992532),
(45,'Anthony','Pacheco','101-567-7877','tiffanymartinez@yahoo.com','Male','1954-11-19',3583,' Barker FieldsEast Melinda\, RI 87130 ','Baksa','Ludhiana','Rajasthan',104262),
(46,'Megan','Thompson','454-270-8530','rachelgregory@gmail.com','Female','1956-08-06',6906,' Connie Course Apt. 014South Andrew\, KS 48721 ','Kurukshetra','Ujjain','Tamil Nadu',437420),
(47,'Michael','Taylor','931-155-6455','scottzhang@hotmail.com','Female','1936-12-11',7348,' Richardson VillageRyanport\, PA 22385 ','Banka','Latur','Chhattisgarh',458686),
(48,'Rachel','Gaines','605-157-1580','brian26@gmail.com','Female','1913-02-09',9976,' Patrick Port Apt. 865Gonzalezberg\, WV 54715 ','Serchhip','Gaya','Manipur',657783),
(49,'Laura','Jones','515-688-1923','nguyenjose@yahoo.com','Male','1935-09-02',5067,' Richard Coves Apt. 680Ryanland\, TN 45053 ','Akola','Kutti','Puducherry',989268),
(50,'Cameron','Thomas','152-231-4729','zlynch@yahoo.com','Male','1990-02-19',7280,' Grant Junctions Suite 293Port Michelle\, NY 83702 ','Lohit','Ghaziabad','Rajasthan',281382),
(51,'Nicholas','Ramirez','647-854-6547','mary80@gmail.com','Female','1968-10-18',1373,' Keith RoadsLake Aprilton\, NV 42442 ','Baksa','Agartala','Maharashtra',706961),
(52,'Dr.','Donald','476-141-1463','ericksongeorge@gmail.com','Others','2014-12-25',9106,' Robin Square Suite 540Thomastown\, KY 93638 ','Pakyong','Kanpur','Manipur',644761),
(53,'Aaron','Santiago','474-292-7802','xjones@gmail.com','Others','1963-07-29',8929,' Barron TrailWest Michael\, AR 21761 ','Dausa','Agartala','Lakshadweep',208745),
(54,'Donna','Ross','558-479-7735','kevin37@gmail.com','Male','1975-08-06',3113,' Allison Forge Suite 142West Roger\, WV 42515 ','Korba','Rajkot','Tamil Nadu',293114),
(55,'Laura','Watkins','842-722-9804','john50@hotmail.com','Others','2009-07-01',2543,' Harrison Courts Apt. 293Benjaminmouth\, AK 62635 ','South Goa','Gopalpur','Jammu and Kashmir',090059),
(56,'Earl','Lopez','522-865-4425','sullivanjason@gmail.com','Others','1918-11-21',8550,' Kaufman CenterJensenburgh\, KS 14125 ','Mansa','Alwar','Arunachal Pradesh',655875),
(57,'Cheyenne','Foster','263-514-7468','ricecharles@hotmail.com','Female','1937-04-08',6731,' 8045\, Box 9533APO AA 75751 ','Anand','Jammu','Delhi',164807),
(58,'Kara','Adams','943-003-9916','courtney61@hotmail.com','Female','1911-05-06',9457,' Fowler Lock Apt. 879Emilyside\, LA 09733 ','Garhwa','Aizwal','Maharashtra',324839),
(59,'Kaitlyn','Murphy','635-565-8025','jason92@hotmail.com','Male','1995-11-25',5858,' 0529 Box 5485DPO AE 64584 ','Udupi','kota','Goa',916929),
(60,'Carol','Rodriguez','215-253-6302','michael55@yahoo.com','Male','1964-08-27',9993,' 3166\, Box 0323APO AP 06117 ','Nuapada','Surat','Jharkhand',485477),
(61,'Mr.','Mark','741-086-2213','robertpratt@yahoo.com','Male','1953-10-11',7528,' Snyder Villages Suite 454Josephland\, ND 33203 ','Alwar','Agra','Himachal Pradesh',024087),
(62,'Lisa','Wheeler','768-022-8095','jamesmurphy@gmail.com','Male','1920-11-06',5208,' Michael SquaresEast Kylebury\, NM 38174 ','Idukki','Gorakhpur','West Bengal',188923),
(63,'Dennis','Farrell','695-391-2739','cynthiathomas@yahoo.com','Male','1972-03-01',3927,' Hall Ways Apt. 804Lake Darrenbury\, SD 62931 ','Kaithal','Pune','Himachal Pradesh',314596),
(64,'Jesse','Decker','256-307-4958','rodney00@gmail.com','Others','1913-11-01',1075,' Bryant MillsNew Eric\, UT 59620 ','East Garo Hills','Ranchi','Andhra Pradesh',286066),
(65,'Elizabeth','Robinson','458-250-6380','matthewburton@hotmail.com','Female','1939-05-12',9846,' Robert IslandsKimland\, HI 82226 ','Goalpara','Hyderabad','Meghalaya',051248),
(66,'Christopher','Lopez','762-007-4963','makaylajohnson@yahoo.com','Others','1920-11-11',9663,' Wyatt Ferry Suite 329Jenniferport\, MN 83648 ','Jangaon','Cuttack','Delhi',765921),
(67,'Katherine','Harris','847-665-9297','perezcharles@yahoo.com','Female','1957-05-31',2426,' Ryan Plaza Suite 658Wangville\, HI 04689 ','Ahmedabad','Dehradun','Chhattisgarh',320841),
(68,'Alicia','Miller','254-506-1343','jennifer78@gmail.com','Female','2018-12-07',8765,' Smith VistaWest Katherine\, KY 94390 ','Dharwad','Patna','Arunachal Pradesh',964378),
(69,'Linda','Mcneil','867-651-2143','iallen@gmail.com','Others','1986-08-02',3709,' Kristine Burgs Suite 937Lake Austinshire\, MA 93044 ','Balod','Akola','Goa',870641),
(70,'Ryan','Shaw','178-702-1959','collinskathleen@yahoo.com','Others','2011-12-01',3942,' Sosa Lock Apt. 975Josephburgh\, NJ 76316 ','North Goa','Ludhiana','Chhattisgarh',616532),
(71,'Joseph','Franklin','163-645-8703','sandy37@yahoo.com','Male','1913-05-12',3515,' Paul GreensObrienside\, WY 11139 ','Datia','Aligarh','Daman and Diu',996576),
(72,'Lucas','Fuller','643-764-4399','wayne16@gmail.com','Female','2008-02-17',4993,' FordFPO AE 87140 ','Eluru','Gopalpur','Chhattisgarh',602235),
(73,'Megan','Perez','593-592-4414','michaelroberts@gmail.com','Male','2008-08-09',9615,' Payne Vista Suite 911Port Patriciamouth\, OH 30352 ','Tirap','Kutti','Orissa',546459),
(74,'Dawn','Cunningham','904-603-4196','gomezcarolyn@hotmail.com','Male','1996-04-24',7578,' Barnes PrairieHornetown\, NV 84861 ','Jind','Pune','Dadra and Nagar Haveli',891520),
(75,'Erica','Martin','812-749-1513','umoore@hotmail.com','Others','1911-05-31',2626,' Rubio Loaf Suite 906North Markborough\, NH 42253 ','Imphal East','Agartala','Chandigarh',357741),
(76,'Taylor','Pena','454-835-2292','pwright@yahoo.com','Female','1938-07-25',5448,' Andrew Trace Suite 901Davisstad\, NY 22355 ','Ambala','Korba','Chandigarh',011253),
(77,'Amanda','Allen','165-636-2026','jamesburke@yahoo.com','Male','1945-06-24',8711,' 1295 Box 1601DPO AE 12785 ','Pakyong','Navi Mumbai','Haryana',703409),
(78,'Cassandra','Chavez','472-324-2503','bradley74@hotmail.com','Male','1966-12-23',8253,' Simon Vista Suite 015Lake Stephen\, DC 64272 ','Namsai','Chandigarh','Jammu and Kashmir',058858),
(79,'Tara','Evans','794-395-7244','cookejonathan@yahoo.com','Female','1969-12-11',2892,' Stewart Manors Suite 239Hallland\, MT 44706 ','Anand','Ujjain','Uttarakhand',004462),
(80,'Stephen','Richards','223-191-5217','david10@hotmail.com','Male','1952-04-27',8836,' Mendoza Pike Suite 020New Reginaldberg\, IA 24685 ','Serchhip','Nashik','Jharkhand',164247),
(81,'Hannah','Lee','815-842-4935','wendyleach@yahoo.com','Female','2013-03-11',4825,' Walton River Suite 515Port Janiceport\, RI 99422 ','Balod','Chandigarh','Orissa',658415),
(82,'Christian','King','726-594-3387','racheljohns@yahoo.com','Male','1976-08-24',2655,' Scott HarborDianehaven\, DE 06641 ','Korba','Rajpur','Puducherry',852144),
(83,'Lori','Zimmerman','602-529-0238','brettpeterson@hotmail.com','Female','1953-04-04',5463,' Cohen ForksMariefurt\, MA 48956 ','Kishanganj','Panipat','Jammu and Kashmir',680484),
(84,'Julie','Hanson','679-020-8450','madison42@hotmail.com','Male','1921-10-15',7451,' Tina Falls Suite 994Danielfort\, MI 91845 ','Idukki','Navi Mumbai','Orissa',584986),
(85,'Christine','Brady','613-718-9406','amandamaxwell@yahoo.com','Others','1924-08-05',6068,' Esparza VistaEast Judithshire\, ND 55810 ','Anand','Agartala','Delhi',307540),
(86,'Mark','Harrison','977-236-2349','chaynes@yahoo.com','Female','1926-08-29',7628,' Mathis Dale Suite 406Thomasmouth\, AK 70937 ','Nagpur','Amritsar','Lakshadweep',674931),
(87,'Jonathan','Crane','309-591-2549','shannon79@yahoo.com','Female','1913-02-22',3233,' Melissa Knolls Suite 871East Pamelafort\, NV 37623 ','Bhopal','kochi','Puducherry',596581),
(88,'Courtney','Russell','186-100-6181','yduran@hotmail.com','Male','1951-07-31',6281,' Mcknight Valleys Apt. 744Brandonhaven\, NH 99204 ','Ranchi','Bellary','Tripura',653865),
(89,'Michael','Gross','282-438-3218','laurietran@hotmail.com','Others','1997-01-10',2565,' Swanson Circles Suite 751North Michael\, MN 11730 ','Idukki','Allahabad','Uttar Pradesh',588352),
(90,'Devon','Richardson','677-584-2310','cody63@gmail.com','Others','1966-05-11',1516,' Walker Drive Apt. 730Port Rubenfort\, IN 37898 ','Ahmedabad','Guwahati','Haryana',118570),
(91,'Joshua','Griffin','134-418-3900','bjohnson@gmail.com','Others','1913-01-02',6947,' Meyer CausewaySouth Anthony\, WY 07010 ','Jhabua','Navi Mumbai','Himachal Pradesh',037873),
(92,'Chad','Singleton','573-448-0850','jonesralph@yahoo.com','Male','1935-04-17',9539,' Miller RunLake Cynthiaview\, KS 25866 ','Bhagalpur','Bellary','Daman and Diu',814678),
(93,'Keith','Pace','763-513-7656','rubenfoster@gmail.com','Male','2020-03-21',6675,' Brock MountainNorth Janetland\, NC 99000 ','Dausa','Imphal','Dadra and Nagar Haveli',752155),
(94,'Cynthia','Edwards','225-459-8123','colin92@hotmail.com','Female','2020-03-19',7868,' Christopher TerraceJeremiahtown\, KS 18479 ','Aravalli','Lucknow','Telangana',079024),
(95,'George','Carroll','482-271-8274','carsonwendy@hotmail.com','Male','2012-05-01',6024,' Joshua Landing Suite 658South Renee\, AK 78125 ','Bharuch','Udaipur','Puducherry',623071),
(96,'Linda','Ramos','867-059-2280','annapena@hotmail.com','Others','1983-04-25',4253,' Ian ShoalNorth Danaville\, CA 37792 ','Hingoli','Durgapur','Maharashtra',239167),
(97,'Mr.','Matthew','877-034-3802','jamesstephens@gmail.com','Male','1909-09-29',9602,' Amy RouteWest Lisa\, ME 03172 ','Nuapada','Loni','Manipur',435284),
(98,'Linda','Long','116-478-3666','kchapman@yahoo.com','Male','1965-02-27',2315,' Martin KeyWilliamburgh\, TN 30308 ','Korba','Gurgaon','Andhra Pradesh',754734),
(99,'Elizabeth','Mendoza','603-285-1725','lwilson@yahoo.com','Male','1951-11-15',2210,' Proctor CrossingAbigailmouth\, AK 31303 ','Balod','Hyderabad','Gujarat',280668),
(100,'Glenn','Lewis','370-314-7531','heather89@hotmail.com','Female','2019-08-29',8280,' Charles PathWest Paul\, OK 96417 ','Bharuch','Gopalpur','Bihar',074969),
(101,'Jamie','Benjamin','294-320-5126','lamnicholas@yahoo.com','Others','1923-11-15',5314,' Daniel TerraceGarybury\, HI 58060 ','Baksa','Udaipur','Andhra Pradesh',324132),
(102,'Anthony','Brown','252-030-5327','mark94@hotmail.com','Male','2005-11-27',8056,' Scott Gateway Suite 873Stantonport\, WV 44783 ','Mandi','Latur','Bihar',530528),
(103,'Joseph','Hall','709-045-0717','jacksonbrooke@yahoo.com','Male','1912-11-28',2337,' Diane Tunnel Apt. 116East Kevin\, NV 96086 ','Patan','Nashik','Kerala',391942),
(104,'Cameron','Patel','407-145-5199','hthomas@hotmail.com','Others','1927-06-20',3498,' Evan TerraceNorth Christopher\, NJ 50167 ','Vaishali','Rajpur','Bihar',034812),
(105,'Robin','Edwards','325-373-5215','lisa35@gmail.com','Others','1957-09-03',6440,' 9300 Box 3317DPO AP 87256 ','Jind','Ahmedabad','Daman and Diu',419193),
(106,'Connie','Strickland','549-748-9789','kgonzalez@hotmail.com','Female','1984-11-25',5608,' Doyle KnollEast Jeremyport\, MI 28980 ','Banka','Gorakhpur','Jharkhand',480671),
(107,'Jamie','Klein','150-013-6437','dsandoval@gmail.com','Female','1981-05-24',9020,' Christopher ViewShannonmouth\, DE 08605 ','Bokaro','Delhi','West Bengal',625627),
(108,'John','Rose','109-182-5411','calebday@yahoo.com','Male','1931-06-14',9178,' Nicole Parks Suite 843South Alison\, NE 55620 ','Aizawl','Vadodara','Haryana',448554),
(109,'James','Gonzales','969-513-5283','ejones@gmail.com','Others','1979-11-22',1764,' Powell HarborPort Andrew\, WY 78996 ','Tirap','Bokara','Telangana',396157),
(110,'Heather','Kemp','103-006-2077','yjenkins@yahoo.com','Others','2019-04-17',8268,' Ramirez ShoalsDennisbury\, OH 86348 ','Kishanganj','Jaipur','Lakshadweep',350226),
(111,'Robert','Rangel','280-387-7716','jgregory@gmail.com','Male','1967-08-15',6513,' Edwards LocksJonesview\, MN 88934 ','Noney','Firozabad','Karnataka',837254),
(112,'James','Hudson','242-509-3205','jon16@yahoo.com','Male','1932-03-03',5454,' Williams RestKarenberg\, NY 31219 ','Noney','Erode','Uttarakhand',516049),
(113,'Kara','Roberts','943-324-0449','warrenroger@gmail.com','Others','1971-09-12',8350,' Martin Summit Apt. 141Billyside\, AL 23307 ','Balangir','Imphal','Lakshadweep',138386),
(114,'Daniel','Lang','502-728-2291','ytorres@hotmail.com','Male','1993-04-29',9398,' YoungFPO AA 80533 ','Noklak','Nagpur','Karnataka',198493),
(115,'James','Leonard','581-428-1809','anthony14@hotmail.com','Female','2013-01-01',1181,' David ManorsSouth Samuel\, KY 52595 ','Palwal','Bangalore','Gujarat',873667),
(116,'Linda','Wilson','296-843-8772','greenevalerie@yahoo.com','Male','1963-07-12',7259,' Bailey ParkwaysJessicafort\, AZ 62601 ','Balangir','Dehradun','Punjab',495471),
(117,'Christine','Moore','790-283-2999','alexandervazquez@gmail.com','Male','1951-07-19',5209,' Owen SpringsMartinburgh\, AK 68725 ','Ambala','Kolhapur','Karnataka',927002),
(118,'John','Thompson','679-528-9879','robert59@yahoo.com','Male','2000-08-24',4489,' Shawn Curve Suite 571New Annaville\, CO 21560 ','Dharwad','Arrah','Manipur',848054),
(119,'Claudia','Hoffman','759-234-7818','clarklaura@yahoo.com','Male','1950-11-03',4567,' Leah BridgeReidmouth\, AR 13992 ','Kurukshetra','Kolhapur','Sikkim',358232),
(120,'Nathan','Estrada','338-588-4004','lisa71@yahoo.com','Female','1984-12-15',8549,' Hudson Isle Suite 264North David\, UT 89117 ','Pune','Dehradun','Dadra and Nagar Haveli',249232),
(121,'Lance','Mclaughlin','390-160-0942','smallsteven@hotmail.com','Female','1960-08-11',4432,' Russell Mountains Suite 360North Anthonyberg\, FL 91351 ','Jhabua','Rajkot','Andaman and Nicobar',591462),
(122,'Shari','Lucas','655-010-5231','troyturner@yahoo.com','Female','1913-09-06',3764,' Nathan MewsBradyland\, RI 28637 ','Erode','Ludhiana','Manipur',373472),
(123,'Robert','Dean','708-816-6391','jillyork@hotmail.com','Male','1986-04-05',6582,' Hernandez Circles Suite 651Catherineland\, FL 01301 ','Mansa','Rajpur','Delhi',573064),
(124,'Ryan','Farrell','464-026-3642','campbellwilliam@hotmail.com','Male','1921-07-05',5342,' Rebecca Views Suite 215New Christineton\, IN 97232 ','Banka','Bikaner','Madhya Pradesh',931391),
(125,'Andrew','Gray','563-179-9037','cookcory@gmail.com','Female','1978-03-30',1551,' Smith WalksSouth Carol\, OK 46594 ','Kapurthala','Kolhapur','Arunachal Pradesh',021870),
(126,'Hailey','Freeman','902-216-2381','meganwilliams@gmail.com','Others','1956-05-02',2566,' Allison CausewaySanchezburgh\, DC 87874 ','Palghar','Sagar','Uttarakhand',774934),
(127,'Amy','Hernandez','375-730-3455','douglasschwartz@hotmail.com','Male','1920-12-07',7253,' Miller MountNew Vincent\, MT 80135 ','Gaya','Amritsar','Tripura',892556),
(128,'Katie','Wilson','983-594-2404','blakesimmons@hotmail.com','Others','1939-02-18',8492,' YatesFPO AP 24589 ','Bhagalpur','Gopalpur','Mizoram',483137),
(129,'Kristi','Chavez','411-115-6048','justin31@hotmail.com','Male','1940-04-30',8898,' Debra Gateway Suite 927West Danny\, MO 50594 ','Kinnaur','Bokara','Orissa',743645),
(130,'Tyler','Douglas','721-446-8828','jill51@yahoo.com','Others','1979-07-04',9359,' Morse MountMichelleberg\, MA 78814 ','Amreli','Agra','Rajasthan',152894),
(131,'Mary','Ramirez','589-751-8164','kathryn09@yahoo.com','Male','1930-07-05',7326,' John SummitPort Lisaburgh\, DE 01597 ','Akola','Dhanbad','Madhya Pradesh',987282),
(132,'Tracy','Tyler','538-090-6387','richard07@hotmail.com','Female','1996-11-22',3249,' Monica Fork Apt. 795Veronicaport\, MI 24488 ','Ri Bhoi','Pune','Nagaland',993744),
(133,'Timothy','Perez','831-184-2401','victoriaherman@yahoo.com','Female','1916-12-15',9177,' Alyssa CourtEmilyport\, MS 04204 ','Nuapada','Akola','Bihar',935587),
(134,'Louis','Reid','367-039-4272','emerritt@yahoo.com','Female','2010-02-07',2414,' Miguel KeysBurnsport\, KS 81752 ','Chamba','Avadi','Chhattisgarh',207971),
(135,'Lauren','Bradley','861-538-6595','jennifer99@yahoo.com','Others','2009-04-05',9588,' Kennedy SummitSouth Tony\, UT 28985 ','Bhopal','Nashik','Uttarakhand',569049),
(136,'Jonathan','Small','747-728-4267','hartmancatherine@yahoo.com','Others','1926-06-27',1343,' Trevor CrescentPort Carlos\, AL 70373 ','Bellary','Chennai','Uttar Pradesh',729206),
(137,'Tami','Chapman','639-190-2420','amanda20@yahoo.com','Others','2019-04-26',1711,' Figueroa Loaf Apt. 259Amyton\, NC 38883 ','Garhwa','Jammu','Andhra Pradesh',707700),
(138,'Emily','Rogers','792-536-7218','christiebrown@yahoo.com','Female','1959-11-24',9226,' Patrick Rapids Suite 994Lake Frank\, OH 13831 ','Aizawl','Firozabad','Haryana',243616),
(139,'Hector','Vance','767-805-9208','sweeneyjames@hotmail.com','Male','2015-12-25',5553,' GillFPO AA 97606 ','Kapurthala','Pune','Chhattisgarh',678924),
(140,'Tony','Johnston','254-833-8541','robertfritz@hotmail.com','Female','1951-09-21',2291,' Patricia SquaresAngelastad\, RI 67859 ','Anjaw','Jammu','Lakshadweep',193364),
(141,'Susan','Clark','180-635-6404','kleinsean@gmail.com','Others','2018-12-17',9262,' Parker IslandsNorth Shannonview\, VT 87383 ','Tirap','Gaya','Andaman and Nicobar',963182),
(142,'Spencer','Schwartz','746-532-3280','barbarabautista@hotmail.com','Male','1983-01-30',8024,' Olson Mountain Apt. 852Rodriguezport\, TX 61434 ','Korba','Ranchi','Madhya Pradesh',426094),
(143,'Billy','Gonzales','616-593-8718','gracenguyen@yahoo.com','Female','1979-12-24',1360,' Welch Avenue Apt. 021Katherinehaven\, WI 56549 ','Bhagalpur','Allahabad','Delhi',084068),
(144,'Robert','Morrison','356-309-4930','kristinbradley@gmail.com','Female','1909-10-05',5537,' Justin CovesMeganchester\, AK 21326 ','Nagpur','Durgapur','Madhya Pradesh',430418),
(145,'Kimberly','Hughes','380-480-1072','uclark@gmail.com','Male','1991-01-18',1245,' Smith IslandAdamschester\, DC 74778 ','Dibrugarh','Solapur','Punjab',243044),
(146,'Jennifer','Wagner','631-448-1484','randybrown@hotmail.com','Others','2009-01-30',9652,' Sharon ExtensionPort Daniel\, TN 38490 ','Patan','Ajmer','Uttarakhand',962174),
(147,'Crystal','Silva','337-525-5346','hhampton@gmail.com','Male','1997-10-15',6984,' Meghan ManorsEast Amanda\, DC 38326 ','Chamba','Latur','Uttar Pradesh',265269),
(148,'Kathleen','Payne','794-522-8853','curtis65@gmail.com','Male','1920-04-01',3217,' Gibson Parkways Apt. 882Charlesville\, MN 51555 ','Bhopal','Agartala','Puducherry',618090),
(149,'Margaret','Sandoval','440-734-7877','elee@gmail.com','Others','1931-05-20',5368,' 3316\, Box 0499APO AE 93871 ','Solan','Agartala','Kerala',416964),
(150,'Heidi','Green','466-114-6664','pollarddana@hotmail.com','Male','1993-04-07',1913,' Rivera VillageLake Laurenton\, OK 57247 ','Imphal East','Kutti','Daman and Diu',818939),
(151,'Carol','Santos','764-558-7131','nathaniel27@hotmail.com','Female','1932-04-16',3051,' Jimmy PrairiePort Chelseamouth\, MD 62814 ','Hingoli','Mysore','Haryana',988642),
(152,'Kyle','Jones','717-080-3387','vyoung@yahoo.com','Female','1990-09-14',5795,' Gregory ForkWillisville\, AZ 71330 ','Kapurthala','Nagpur','Tripura',575329),
(153,'Kenneth','Stephens','673-259-7915','barnettcraig@hotmail.com','Others','1972-06-12',2917,' Davis Mountain Suite 050West Benjamin\, WV 26216 ','Tirap','Bangalore','Haryana',194392),
(154,'Theodore','Sosa','174-665-3727','mollycarter@yahoo.com','Female','1962-07-26',3683,' Andrews WellEast Tinastad\, DC 35029 ','Patan','Thane','Delhi',313773),
(155,'Richard','Morales','938-501-6218','cookmary@hotmail.com','Others','2018-07-06',6539,' 7294\, Box 7742APO AE 31427 ','Araria','Latur','Karnataka',635877),
(156,'Jacqueline','Hensley','893-538-0478','xwaller@hotmail.com','Others','2003-09-21',3008,' Charles Roads Apt. 525Gibsonbury\, AK 81569 ','Serchhip','Dhule','Mizoram',327716),
(157,'Jason','Hawkins','254-853-4445','dweaver@hotmail.com','Female','1950-05-18',1089,' Lisa ParksNorth Cynthiastad\, WI 81263 ','Belgaum','Agra','Uttarakhand',292271),
(158,'Stacy','Garcia','664-818-1477','rsanders@hotmail.com','Female','1940-06-11',7592,' Brian SpringsPort Kevinland\, NJ 89295 ','Palwal','Firozabad','Nagaland',831955),
(159,'Heather','Cross','118-672-8974','schultzjoseph@gmail.com','Others','1936-05-12',9104,' Paul Estates Suite 306North Jennifermouth\, CA 57194 ','Ranchi','Kolhapur','Rajasthan',947199),
(160,'Pamela','Martin','989-076-4106','jenniferpatel@hotmail.com','Female','1944-03-05',8641,' Hernandez Land Suite 512Pamelaberg\, MI 05932 ','Erode','Durgapur','Bihar',915966),
(161,'Nicole','Wilson','386-283-4078','jessica41@gmail.com','Male','1994-11-02',5786,' WilliamsFPO AA 24937 ','Dhubri','Ranchi','West Bengal',724194),
(162,'Jacqueline','Todd','319-488-7589','joanna89@yahoo.com','Others','1917-11-13',7867,' Mclaughlin StationPort Benjaminborough\, KS 82997 ','Aravalli','Surat','Nagaland',119342),
(163,'Jamie','Moss','890-003-9664','ytate@gmail.com','Female','2005-06-14',2409,' Gavin Orchard Suite 443Johnfurt\, NJ 52828 ','Durg','Rajpur','Tripura',527980),
(164,'Tracy','Mccarthy','410-734-3737','brett98@yahoo.com','Female','1932-07-25',6235,' Adrian Island Apt. 152East Briannaton\, ND 23719 ','Bhopal','Loni','Haryana',006913),
(165,'Jason','Brady','342-389-5880','nwright@hotmail.com','Female','1960-11-08',8898,' Young WallPort Dawn\, DE 46921 ','Belgaum','Patiala','Dadra and Nagar Haveli',807084),
(166,'Diane','Sanders','459-182-2142','heatherhill@yahoo.com','Female','1978-11-17',2456,' Jones Highway Suite 565West Beth\, NY 15958 ','Jind','Kanpur','Chandigarh',913877),
(167,'Andrew','Vargas','568-801-6828','hromero@yahoo.com','Others','1953-12-03',9439,' Pena StreetLake Kellyland\, AL 13786 ','Bharuch','Guwahati','Goa',037220),
(168,'Jennifer','Owens','511-236-7114','teresaarmstrong@hotmail.com','Female','2002-03-27',4131,' Christopher Course Apt. 905Jasminefurt\, WY 89097 ','Udupi','Howrah','Dadra and Nagar Haveli',430572),
(169,'Valerie','Ellis','699-757-9620','robertrogers@yahoo.com','Male','1968-11-14',9873,' Haley Lane Apt. 269Lake Charles\, KY 31138 ','Erode','Howrah','Bihar',074880),
(170,'Andrea','Brown','465-318-1780','greenkristin@hotmail.com','Male','1908-09-17',5907,' Ronald CreekEast Mary\, NC 14342 ','Raipur','Dehradun','Uttarakhand',994727),
(171,'Raymond','Wilson','595-856-3761','wbrown@yahoo.com','Male','1946-08-18',2045,' Randall Wall Apt. 562New Phillip\, UT 30041 ','Baksa','Akola','Manipur',438004),
(172,'Matthew','Black','192-592-6919','moorejennifer@yahoo.com','Others','1906-11-10',3619,' Higgins PlaceCollinsland\, VT 29781 ','Bharuch','Karur','Uttar Pradesh',344318),
(173,'Tracy','Morgan','459-663-1760','mariastewart@yahoo.com','Male','1995-10-28',7039,' Long GreenWhiteland\, KY 56109 ','Anjaw','Faridabad','Nagaland',721840),
(174,'Christopher','Lopez','111-104-2571','margaretwilliams@hotmail.com','Others','1939-12-31',2579,' Jones CommonDerekbury\, RI 20692 ','Imphal East','Ajmer','Sikkim',426432),
(175,'Terry','Chambers','829-374-2381','clarkalyssa@hotmail.com','Female','1992-05-29',6438,' Benson Lodge Suite 788Lake Mollyfurt\, MT 94912 ','Noney','Jabalpur','Haryana',680005),
(176,'Gregory','Allen','629-506-2089','lewispatrick@yahoo.com','Others','1950-07-14',6162,' Chris WalksEast Jeffrey\, GA 93166 ','Kaithal','Bilaspur','Andhra Pradesh',535437),
(177,'Michelle','Hickman','328-566-6744','wolfgina@gmail.com','Female','1942-02-26',4274,' Amber ShoresEricville\, DE 18357 ','Bhopal','Ujjain','Daman and Diu',421165),
(178,'Amy','Kim','582-301-9681','guerrerobradley@yahoo.com','Female','1978-09-02',7820,' Pena Mountain Apt. 784Maynardmouth\, AZ 49116 ','Guna','Chandigarh','Maharashtra',020452),
(179,'Erica','Bell','718-245-6949','jerrysmith@gmail.com','Female','1983-05-04',8784,' Evans Vista Apt. 719North Allisontown\, IL 54533 ','Garhwa','Ujjain','Jammu and Kashmir',016560),
(180,'David','Cain','290-327-5963','wrightlarry@hotmail.com','Others','1979-10-20',6686,' Lane Lake Suite 313Courtneymouth\, TN 34677 ','Nuapada','Bilaspur','Meghalaya',571297),
(181,'Herbert','Morris','123-312-8309','abruce@gmail.com','Female','2000-03-19',8787,' Wilkerson GardenLake Ruth\, MI 11598 ','Chitradurga','Surat','Assam',003637),
(182,'Kara','Ford','773-613-6322','vguerrero@hotmail.com','Female','1939-06-14',1483,' Eugene Mountains Apt. 098Ritahaven\, IA 29171 ','Sangrur','Delhi','Chhattisgarh',173960),
(183,'Angelica','Hill','642-617-0077','marshkimberly@yahoo.com','Others','1992-05-02',3560,' Guerrero RapidsJudithtown\, NE 31137 ','Wayanad','Lucknow','Jammu and Kashmir',001499),
(184,'Anthony','Randolph','886-543-4944','jackhowe@hotmail.com','Male','1967-07-05',9358,' Daniel Meadow Apt. 900West Julie\, CA 14528 ','Lohit','Dehradun','Manipur',646317),
(185,'Jennifer','Carter','302-613-4699','xwilliams@yahoo.com','Others','1983-02-02',5689,' Paul WellsHughesland\, DC 45707 ','Solan','Gurgaon','Meghalaya',057726),
(186,'Daniel','Hernandez','111-791-2636','agutierrez@yahoo.com','Female','1912-10-21',3326,' Amy Rapid Apt. 565North Jeremymouth\, ND 86895 ','Jind','Latur','Andhra Pradesh',893955),
(187,'Lori','Ford','566-082-0232','mccormickkevin@hotmail.com','Female','2020-04-11',8897,' 0706 Box 1165DPO AP 15959 ','Kurukshetra','Indore','Daman and Diu',915654),
(188,'Matthew','Tucker','331-379-7929','contrerasmark@gmail.com','Others','1907-10-15',7068,' Jonathan Extension Apt. 333Rodriguezstad\, NE 81858 ','Aravalli','Jaipur','Rajasthan',161200),
(189,'Linda','Hudson','194-333-5958','amandamccoy@hotmail.com','Male','1956-07-28',5571,' 6000 Box 7841DPO AA 95750 ','Banka','Delhi','Goa',748432),
(190,'Peter','Copeland','944-175-4183','bradymarissa@hotmail.com','Female','1964-02-23',1695,' Jason Orchard Suite 056Cervantesview\, DC 80045 ','Thrissur','Dehradun','Haryana',518521),
(191,'Laura','Osborn','440-178-4629','perkinsbarbara@yahoo.com','Others','1957-11-13',2180,' Joseph Island Apt. 101East April\, AL 09311 ','Kaithal','Panipat','Andhra Pradesh',802297),
(192,'Christopher','Best','165-491-3367','lewischarles@hotmail.com','Female','2004-03-20',1775,' Thompson GatewayAaronhaven\, AK 12929 ','Bhagalpur','Bokara','Maharashtra',643518),
(193,'Dr.','Crystal','788-698-5442','ajohnson@gmail.com','Male','1971-06-23',3368,' Nicholas Ville Suite 242Marshport\, TN 14266 ','Thrissur','Cuttack','Bihar',462695),
(194,'Barbara','Mcpherson','454-534-1972','rebeccamorton@yahoo.com','Others','1910-10-18',9634,' Gina PointSherriside\, MS 25096 ','Kapurthala','Nashik','Delhi',991172),
(195,'Jerome','Gentry','803-569-4677','colin42@yahoo.com','Others','1987-11-08',1570,' Contreras AlleySouth Tamiville\, OK 53121 ','Alwar','Surat','Uttar Pradesh',733699),
(196,'Sue','Green','350-495-0129','hboyer@hotmail.com','Male','1977-11-08',6244,' Taylor IslandNorth Martin\, WI 26854 ','Ukhrul','Dhanbad','Daman and Diu',389412),
(197,'David','Caldwell','272-353-8751','cjohnson@gmail.com','Male','1913-05-14',4541,' Rachel CrestLake Cherylhaven\, TX 73462 ','Guna','Gurgaon','Punjab',689878),
(198,'Christopher','Fisher','303-821-6609','gravesjoseph@hotmail.com','Female','1921-11-12',6286,' David VillageNew Catherine\, WI 16244 ','Senapati','Bhopal','Chhattisgarh',083325),
(199,'Brenda','Allen','721-660-5838','johnnythomas@gmail.com','Others','1991-10-12',3862,' Timothy Lock Suite 725New Courtneyfort\, GA 48599 ','Noklak','Pune','Karnataka',829312),
(200,'Taylor','Allen','223-631-1819','amartin@hotmail.com','Female','2021-05-06',1559,' Hoover HeightsNew Nathan\, ME 19322 ','Udupi','Kutti','Tripura',564787),
(201,'Sherri','Serrano','913-431-6312','autumn69@yahoo.com','Male','1931-09-06',1766,' Robert Ramp Suite 773Pattersonfurt\, ID 69670 ','Bhopal','Bhilai','Rajasthan',026091),
(202,'Thomas','Davis','878-882-5457','timothy16@gmail.com','Male','1979-12-19',5825,' 8881 Box 6582DPO AE 96837 ','Pune','Rajpur','Uttar Pradesh',249005),
(203,'William','Sandoval','515-522-2195','waterschristopher@hotmail.com','Others','1938-06-28',7355,' Samuel IsleEast Patrick\, KS 52091 ','Vaishali','Alwar','Goa',942033),
(204,'Samantha','Espinoza','116-159-5747','greenwalter@hotmail.com','Male','1907-10-17',6433,' Jennifer Villages Apt. 013Rogersview\, NH 70408 ','Banka','Bilaspur','Dadra and Nagar Haveli',481567),
(205,'Laura','Adams','475-030-0675','lbradford@yahoo.com','Others','1941-12-25',4828,' Carter Drive Apt. 512Kevinfurt\, NV 61224 ','Noney','Faridabad','Meghalaya',538418),
(206,'Margaret','Ramos','858-081-2211','tracy35@yahoo.com','Male','1939-09-01',2732,' Lewis Views Suite 588Jacksonberg\, HI 69819 ','Pune','Durgapur','Telangana',257172),
(207,'Tanner','Tucker','735-117-5143','xcoleman@gmail.com','Male','1974-03-04',2114,' Owens Field Suite 772East Michelleshire\, AZ 63214 ','Aravalli','kota','Tamil Nadu',419556),
(208,'Craig','Smith','642-099-6914','josephhall@hotmail.com','Female','2021-02-26',2467,' RobertsFPO AP 35347 ','Kurukshetra','Ranchi','Madhya Pradesh',916068),
(209,'Jon','Schmidt','469-030-9030','fmiller@hotmail.com','Others','1972-03-11',1829,' Garcia Pass Apt. 832Villegasland\, PA 63441 ','Patan','Ranchi','Arunachal Pradesh',018948),
(210,'Teresa','Pruitt','910-387-7960','angelica71@yahoo.com','Male','1985-08-30',3185,' Tracey IslandsThomasshire\, ID 13669 ','Banka','Srinagar','Puducherry',818458),
(211,'Matthew','Jones','907-882-1166','gutierrezcassidy@hotmail.com','Female','2011-07-26',2780,' DanielsFPO AA 07356 ','Hingoli','Agra','Manipur',121206),
(212,'Jennifer','Medina','899-197-0988','christineherring@gmail.com','Others','1922-08-06',9431,' Blankenship RoadWest Joseph\, MT 51825 ','Nalbari','Ludhiana','Andhra Pradesh',946777),
(213,'David','Jones','528-619-7666','cbarnes@hotmail.com','Male','1972-06-30',2761,' Anthony CourseEast Margaret\, AK 11427 ','North Goa','Bikaner','Chhattisgarh',444440),
(214,'Kenneth','Charles','632-039-3481','turnerstacie@gmail.com','Others','1955-10-15',9708,' Martinez UnionNelsonville\, VT 51929 ','East Garo Hills','Gopalpur','Jharkhand',666032),
(215,'Jessica','Taylor','639-636-8157','tracey96@yahoo.com','Male','1944-09-06',6237,' Ross Mountains Apt. 692Port Kaitlyn\, OK 21292 ','Noney','Kanpur','Punjab',687948),
(216,'Holly','Cortez','479-829-8342','bryanmichael@gmail.com','Others','1924-06-10',5032,' Nash Pine Suite 767Joseborough\, WV 24297 ','Ahmedabad','Patiala','Lakshadweep',626117),
(217,'Sarah','Thompson','962-515-6125','pclements@gmail.com','Female','2020-12-04',2487,' Douglas Mission Apt. 745Joyceport\, DE 61843 ','Korea','kolkata','Uttar Pradesh',320307),
(218,'Leah','Bender','155-025-6308','rachelstanley@hotmail.com','Female','1969-08-13',3120,' Jennifer Inlet Apt. 204South Mark\, SC 75893 ','Ukhrul','Ranchi','Telangana',866919),
(219,'Keith','Holden','775-649-7357','srogers@yahoo.com','Female','1954-01-24',9195,' RitterFPO AP 43557 ','Bhagalpur','Dhule','Nagaland',313724),
(220,'Sarah','Wiley','515-335-5825','obray@yahoo.com','Female','1965-08-30',9563,' Odonnell SpursThomasshire\, NH 30578 ','Anand','Bhopal','Nagaland',092035),
(221,'Samuel','Tate','656-814-1312','brownshaun@gmail.com','Male','1948-06-11',5888,' Hannah Wells Apt. 884West Jeffrey\, ID 32442 ','Dharwad','Patna','Telangana',739319),
(222,'Angela','Arias','173-190-6313','chelsealee@yahoo.com','Male','1940-01-28',8098,' Joshua Crescent Apt. 865East Allisonberg\, PA 90868 ','Noney','Akola','Chandigarh',126483),
(223,'Barry','Patel','771-136-2943','vaughanjames@yahoo.com','Others','1970-02-06',6703,' Burke Village Apt. 533Kimberlyland\, IA 33330 ','Korea','Thane','Himachal Pradesh',946597),
(224,'Jorge','Keller','592-792-1674','christopher72@yahoo.com','Others','1945-02-17',5124,' Sheryl Coves Suite 678West Maria\, NC 60076 ','Aizawl','Allahabad','Telangana',512097),
(225,'Clayton','Coleman','526-076-0207','gmartin@yahoo.com','Male','1975-11-25',6237,' Lee Mountains Apt. 950Anafurt\, RI 02930 ','Anjaw','Udaipur','Puducherry',533703),
(226,'Mason','Kim','200-692-5032','moralesadam@gmail.com','Others','1931-12-13',5726,' Bryant Falls Apt. 098Dorseybury\, AL 36406 ','Ajmer','Surat','Delhi',336105),
(227,'Crystal','Johnston','518-127-6530','gallegosanthony@hotmail.com','Female','1924-09-21',4843,' Benson Turnpike Apt. 897Chandlertown\, ME 69797 ','Jind','Jaipur','Daman and Diu',456328),
(228,'Tony','Hunt','530-014-2487','knappvictoria@hotmail.com','Female','1931-08-19',2778,' Clark Forks Suite 574East Jeffrey\, MS 41079 ','Aurangabad','Rajkot','Mizoram',660817),
(229,'Patricia','Welch','187-507-0676','utaylor@hotmail.com','Male','1945-08-26',7861,' Ferguson LocksEast Toddton\, WI 10815 ','Tirap','Mumbai','West Bengal',961476),
(230,'Judy','Hernandez','903-251-4805','ebest@hotmail.com','Male','1976-06-04',8170,' Andrew SquareNorth Rachaelchester\, VA 70448 ','Kurukshetra','Durgapur','Punjab',599661),
(231,'Angela','Weeks','991-223-2604','perrygoodwin@yahoo.com','Female','2012-12-26',4279,' Ronnie Port Suite 364Campbellborough\, UT 87041 ','Jhabua','Aizwal','Andhra Pradesh',329671),
(232,'Brandon','Carr','950-429-1219','glewis@yahoo.com','Female','1930-11-30',6442,' Meagan Highway Apt. 941East Brittneyberg\, CA 26009 ','Ahmedabad','Ahmedabad','Chandigarh',544244),
(233,'Kevin','Rubio','524-612-4185','annafranklin@gmail.com','Female','1993-09-02',8343,' Mendez LightsEast Daniel\, OR 19063 ','Datia','Vadodara','Jammu and Kashmir',229047),
(234,'David','Schneider','817-677-2582','jennifer39@hotmail.com','Female','2004-07-02',8153,' 2318 Box 5102DPO AA 72140 ','Balangir','Firozabad','Orissa',539125),
(235,'David','Rhodes','222-564-1102','reginald86@yahoo.com','Female','1982-03-24',9323,' Mia RapidsNorth Carrieberg\, MD 02312 ','Namsai','Bilaspur','Jammu and Kashmir',163891),
(236,'Pamela','Cantu','199-298-2981','toddsampson@yahoo.com','Others','2007-01-22',3481,' Contreras Motorway Suite 945Port Michaelburgh\, MO 19344 ','Gaya','Dehradun','Telangana',344076),
(237,'Nicole','Warner','497-058-3048','llee@hotmail.com','Female','1909-10-22',9529,' 3890 Box 7035DPO AP 62019 ','Nuapada','Ajmer','Dadra and Nagar Haveli',863281),
(238,'Donald','Diaz','824-451-6371','paul16@gmail.com','Male','1993-10-20',6207,' Edgar Manor Apt. 713North Kristin\, DC 08745 ','Palghar','Latur','Punjab',622288),
(239,'Stephen','Cook','744-076-0694','darlenemorales@gmail.com','Male','1947-10-03',6399,' Mcclain Rapid Suite 553North Marcside\, PA 22438 ','Wayanad','Sagar','Tripura',323661),
(240,'John','Castillo','309-773-8792','robinbean@hotmail.com','Female','2017-08-05',4142,' John Roads Suite 136Barnesborough\, ME 16300 ','Eluru','kolkata','Mizoram',547217),
(241,'Michael','Burke','341-735-4483','hhampton@hotmail.com','Others','1995-05-06',8467,' 9080\, Box 7472APO AP 97445 ','Pune','Aizwal','Kerala',387365),
(242,'Holly','Barrett','178-746-5014','xkelley@hotmail.com','Others','2019-12-31',8970,' Brandon Wall Suite 374Ellenburgh\, PA 41548 ','Kinnaur','Ajmer','Gujarat',640625),
(243,'Jay','Wilkinson','885-343-6324','allenhicks@yahoo.com','Others','1958-06-21',5397,' Dustin ViewAmberhaven\, MO 87614 ','Wayanad','Indore','Puducherry',929734),
(244,'Tamara','Mckinney','402-042-5498','nguyensheri@gmail.com','Female','1993-11-17',4832,' Gary Plain Apt. 180Johnsonhaven\, MN 61971 ','Lohit','Lucknow','Himachal Pradesh',081691),
(245,'David','Wang','685-139-9023','teresaturner@yahoo.com','Male','1951-04-13',5141,' Lowery Mission Apt. 549Christinefurt\, MD 57935 ','Jangaon','Agartala','Orissa',514781),
(246,'Brian','Nelson','884-081-6089','manderson@yahoo.com','Male','1964-07-27',9191,' Moore BrooksSparksmouth\, NJ 85431 ','Anand','Chennai','Goa',452752),
(247,'Brandi','Torres','904-548-6665','bbrown@gmail.com','Male','1932-08-23',4043,' Charles Way Apt. 813South Darlene\, UT 82445 ','Chitradurga','Aligarh','Puducherry',745304),
(248,'Paul','Brown','887-502-6565','walterwilliam@hotmail.com','Male','2011-01-11',5668,' Evelyn Turnpike Suite 398Lake Taylorbury\, VT 85294 ','Aurangabad','Gopalpur','Jharkhand',065133),
(249,'Max','Oconnell','548-032-2791','gonzalezsean@hotmail.com','Others','1946-12-13',2242,' Judy Fall Suite 160Smithland\, MI 32691 ','Sangrur','Cuttack','Rajasthan',688897),
(250,'Jasmine','Arnold','412-086-0594','kdavis@yahoo.com','Male','1925-09-14',6297,' Sara GlensNew Michaelville\, IA 64141 ','Dhubri','Cuttack','Andaman and Nicobar',587508),
(251,'Megan','Novak','877-651-9136','jerryvillanueva@gmail.com','Others','1924-04-09',4177,' Gonzalez FallPort Michael\, IA 10402 ','Kiphire','Rajpur','Karnataka',763158),
(252,'Sandra','Butler','538-752-9366','hector09@yahoo.com','Others','2016-01-11',5899,' Greene Avenue Suite 711Rojasside\, ME 97744 ','Bhopal','Karur','Himachal Pradesh',274939),
(253,'Cassandra','Williams','869-009-9935','jeffreystewart@gmail.com','Male','1946-11-08',8259,' King Skyway Suite 355West Danielburgh\, AZ 39665 ','Wayanad','Bilaspur','Bihar',823177),
(254,'Guy','Medina','334-562-3085','nicole08@yahoo.com','Male','1972-11-25',9549,' Lambert JunctionsNew Randytown\, RI 99198 ','Bharuch','Mumbai','Gujarat',919141),
(255,'Tammy','Mccarty','697-426-6266','kennethgarcia@hotmail.com','Others','1958-09-18',7466,' Rogers Falls Suite 514Kimberlyview\, MS 06593 ','Bellary','Karur','Dadra and Nagar Haveli',583468),
(256,'Jenna','Perry','990-006-5966','claireduncan@gmail.com','Female','1968-03-19',2630,' Daryl View Apt. 006Benjaminton\, IL 27363 ','Garhwa','Bhilai','Gujarat',476299),
(257,'Elizabeth','Morgan','365-203-3414','tyrone40@gmail.com','Others','2016-10-22',7123,' EdwardsFPO AE 58881 ','Raipur','Ujjain','Maharashtra',467282),
(258,'Matthew','Daniel','776-453-0134','clarkamber@hotmail.com','Male','1995-02-10',3484,' Emily LodgeEast Christopherburgh\, AK 60092 ','Aizawl','Pune','Puducherry',489485),
(259,'Joshua','Meyer','941-777-8026','april76@yahoo.com','Male','1947-03-12',9116,' Nichols LakePort James\, KS 38872 ','Goalpara','Bhilai','Gujarat',346106),
(260,'Gregory','Park','209-114-7041','taylor27@gmail.com','Others','1992-05-12',4734,' 9645 Box 2836DPO AA 09816 ','Datia','Durgapur','Kerala',988495),
(261,'Tracy','Jackson','561-860-0297','jenniferhernandez@gmail.com','Others','2012-12-20',4689,' Stephenson Parkways Apt. 875Wattsmouth\, SD 18946 ','Erode','Bokara','Tamil Nadu',164287),
(262,'Rebecca','Scott','958-002-6695','whiterobert@gmail.com','Male','1988-02-09',8162,' Christopher Burg Suite 239East Katherinehaven\, FL 87712 ','Aurangabad','Indore','Chandigarh',495034),
(263,'James','Smith','390-509-3008','christopher45@yahoo.com','Female','1972-11-29',2621,' Amber CovesBillyport\, IA 90711 ','Goalpara','Faridabad','Punjab',625738),
(264,'Kelsey','Montgomery','198-083-9319','alexandercontreras@gmail.com','Male','1958-02-23',6827,' Beth Harbors Suite 436South Gloria\, AK 73698 ','Bhagalpur','Bhilai','Meghalaya',297777),
(265,'Ruth','Walker','832-552-9524','gatessarah@gmail.com','Male','1928-07-22',4047,' Edward TurnpikeTracyberg\, NJ 21800 ','Firozpur','Udaipur','Madhya Pradesh',357851),
(266,'Leah','Leonard','431-266-0625','freemanjennifer@hotmail.com','Female','1942-09-02',3239,' Wright RouteAyalaville\, NC 22905 ','Botad','Vadodara','Daman and Diu',163747),
(267,'Michele','Hunt','112-673-6901','ualvarez@gmail.com','Male','1911-07-14',6539,' Michael ForksBrownview\, ND 63105 ','Dibrugarh','Ujjain','West Bengal',481364),
(268,'Katherine','Blair','350-219-3064','hwhitehead@hotmail.com','Others','1998-12-07',7644,' Susan PlaceGraymouth\, MO 73650 ','Bhind','Nagpur','Dadra and Nagar Haveli',828168),
(269,'Jessica','Smith','918-730-9097','fredericklee@hotmail.com','Others','1935-12-03',3109,' Robertson Glen Apt. 801Lake Julian\, RI 89187 ','Kishanganj','Akola','Punjab',206244),
(270,'Daniel','Osborne','224-140-1961','pwashington@hotmail.com','Female','1995-07-02',6590,' Suzanne GardensWest Amy\, MA 47573 ','Pune','Howrah','Telangana',183060),
(271,'Samantha','Boyle','539-443-6076','rlee@hotmail.com','Male','1990-04-19',8065,' Patricia CampDavidfurt\, WA 83183 ','Gaya','Aligarh','Sikkim',009393),
(272,'Helen','Zhang','528-830-3593','swright@gmail.com','Male','1914-03-28',5431,' Steven WalkDuncanshire\, WY 94643 ','Tirap','Arrah','Chhattisgarh',357493),
(273,'Emily','Farley','613-089-8069','molly62@hotmail.com','Female','1919-07-10',4328,' Glover LandingWrightberg\, AR 19642 ','Amreli','Thane','Kerala',510942),
(274,'Cassandra','Calhoun','701-129-2200','phillipsdaryl@hotmail.com','Female','1947-04-11',1816,' Taylor VilleColemanport\, DE 13415 ','Solan','Jaipur','Orissa',580493),
(275,'Ashley','Collins','342-687-9165','douglasanderson@gmail.com','Others','1933-12-25',3544,' Alexander Locks Apt. 435Cordovaport\, NV 91415 ','Korea','Faridabad','Rajasthan',480938),
(276,'Lance','Nelson','742-830-5328','llee@gmail.com','Others','2014-09-17',8655,' 4837\, Box 9112APO AE 77890 ','Kinnaur','Gaya','Tamil Nadu',672143),
(277,'Carlos','Smith','633-095-6011','ubarron@hotmail.com','Male','1948-06-15',4778,' Gibson Burgs Suite 514Port Mason\, ND 57649 ','Manyam','Kollam','Himachal Pradesh',133292),
(278,'Dawn','Nelson','760-841-3003','amandavargas@gmail.com','Male','1987-08-12',8986,' Harris Ridge Suite 718East Matthew\, NC 75431 ','Thrissur','Chandigarh','Dadra and Nagar Haveli',264852),
(279,'Mr.','Frank','196-089-4254','annehall@gmail.com','Male','2006-03-19',7611,' Darryl Square Apt. 385Johnstonchester\, RI 34997 ','Dibrugarh','Jabalpur','Jammu and Kashmir',555663),
(280,'James','Suarez','266-766-9104','mark63@gmail.com','Female','1906-08-13',8718,' Susan Common Apt. 153North Anthony\, FL 36158 ','Dausa','Imphal','Uttar Pradesh',825456),
(281,'Danielle','Moore','626-190-7160','johnramirez@yahoo.com','Male','2000-07-10',5633,' Gonzales ForkEast Kaitlinhaven\, NJ 67273 ','Korea','Hyderabad','Gujarat',936662),
(282,'Joshua','Little','306-104-4621','garzajonathan@hotmail.com','Others','2014-10-02',6601,' Carrillo Oval Suite 027Luismouth\, OH 01726 ','Thrissur','Ujjain','Rajasthan',451260),
(283,'Brian','Rodriguez','142-759-4676','cryan@yahoo.com','Male','1998-05-20',6821,' Gonzalez Pike Suite 554Carrieburgh\, HI 90939 ','Balod','Nashik','Manipur',728491),
(284,'Nicole','Russell','913-187-2227','philip77@gmail.com','Male','1959-09-27',3884,' Carter StationHarmonborough\, DE 45322 ','Bhind','Navi Mumbai','Himachal Pradesh',870985),
(285,'Paul','Schneider','701-296-5114','davidhenderson@hotmail.com','Female','1908-08-03',8817,' 9664 Box 6662DPO AP 82071 ','Guna','Pune','Dadra and Nagar Haveli',075604),
(286,'Alexis','Liu','977-061-1556','johnsonholly@hotmail.com','Male','1935-01-05',5723,' Nichols RueMolinachester\, WY 76538 ','Chitradurga','Meerut','Delhi',087704),
(287,'Michael','Alexander','400-299-1961','ohall@gmail.com','Male','1949-06-27',5775,' Jeffrey GrovesWest Emilymouth\, NH 51252 ','Imphal East','Navi Mumbai','Tamil Nadu',155928),
(288,'Michael','Harris','566-563-3216','pruittmichelle@gmail.com','Male','2019-03-06',2254,' Baxter Bridge Apt. 966Port Amyland\, OR 91992 ','Durg','Panipat','Orissa',984176),
(289,'Eric','Huff','809-883-3822','davidhorton@yahoo.com','Male','1954-04-03',1113,' Johnson CliffsMargaretside\, IA 86526 ','Udupi','Lucknow','Karnataka',990864),
(290,'Elijah','Mcbride','458-222-6919','timothy11@yahoo.com','Others','1945-09-30',9491,' MartinezFPO AP 20065 ','Nalbari','Dhanbad','Bihar',101776),
(291,'Julie','Strong','813-757-4152','jason87@yahoo.com','Others','1925-04-20',7350,' Henson Ford Suite 760New Roy\, IL 58410 ','Anjaw','Ghaziabad','Puducherry',989401),
(292,'David','Mitchell','291-118-6671','garciaannette@yahoo.com','Male','1988-01-30',4534,' WilliamsFPO AP 51642 ','Aizawl','Srinagar','Gujarat',755534),
(293,'Kimberly','Owens','650-402-3218','kathrynbrady@gmail.com','Male','1932-05-31',8626,' 5790 Box 1360DPO AE 58340 ','Chamba','Latur','Haryana',720294),
(294,'Jennifer','Mitchell','791-475-7207','gary99@gmail.com','Female','1964-11-07',7138,' Rice Fork Apt. 772Cookmouth\, NJ 25812 ','Ukhrul','Erode','Goa',212020),
(295,'Matthew','Coleman','401-074-8145','jennifer42@gmail.com','Male','2008-02-13',8132,' Williams ExtensionsSouth Eduardo\, UT 32092 ','Kinnaur','Durgapur','Rajasthan',835411),
(296,'Zachary','Herrera','689-627-4856','danfischer@yahoo.com','Male','1913-10-16',3381,' Mary Drives Apt. 556New Jodyborough\, TN 65141 ','Senapati','Aizwal','Goa',230806),
(297,'Loretta','Carr','544-371-1643','taylorroy@yahoo.com','Others','1976-12-11',8503,' Angela Ramp Suite 549West Kevin\, NC 36885 ','Ranchi','Sagar','West Bengal',128240),
(298,'Stacy','Figueroa','590-110-9087','yrogers@gmail.com','Others','1933-05-19',7358,' Kelly WellsDownstown\, NV 57979 ','Amreli','Gurgaon','Madhya Pradesh',944644),
(299,'Jennifer','Payne','732-814-6311','ugreen@hotmail.com','Male','1955-08-19',9474,' 8881 Box 5181DPO AA 85376 ','Chatra','Korba','Daman and Diu',849955),
(300,'Brandy','Rodriguez','245-544-2815','joshua28@gmail.com','Female','1995-02-26',5761,' Johnson SkywayJohnsonton\, NE 75278 ','Pakyong','Bangalore','Mizoram',210827),
(301,'Vanessa','Dorsey','294-496-2715','thompsonjeremiah@yahoo.com','Male','1942-04-09',6425,' 2395\, Box 4967APO AE 65059 ','Chamba','kochi','Gujarat',775095),
(302,'Brian','Robinson','749-538-8020','hcarroll@yahoo.com','Male','2009-09-28',3003,' Brown RestPort Larryborough\, CA 23037 ','Dibrugarh','Kolhapur','Madhya Pradesh',230078),
(303,'Amy','Cunningham','308-853-6011','xferguson@gmail.com','Female','2000-04-12',2630,' Green PortRebeccatown\, MI 47938 ','Mandi','Allahabad','Assam',249224),
(304,'Theodore','Hall','276-748-1357','christine05@hotmail.com','Others','1934-12-07',9041,' Anthony Land Apt. 830West Anthony\, ID 28727 ','North Goa','Howrah','Maharashtra',246587),
(305,'John','Jackson','884-133-4031','jesusknight@hotmail.com','Male','1947-08-22',8777,' Navarro Avenue Apt. 817Nicholasfort\, RI 13298 ','Ranchi','Ranchi','Puducherry',344027),
(306,'Tammy','Dyer','985-265-3434','alexandergeorge@gmail.com','Others','2000-09-02',4280,' Monica Rapids Apt. 119Courtneyberg\, NY 66494 ','Sangrur','Navi Mumbai','Telangana',561326),
(307,'Eric','Levine','397-556-2530','patricia40@hotmail.com','Female','1907-03-24',2945,' 8274\, Box 5847APO AA 26455 ','Wayanad','Surat','Orissa',585164),
(308,'Paula','Moses','756-856-7192','kayla61@gmail.com','Others','1988-11-17',7099,' Nielsen SquaresNorth Paul\, IA 12365 ','Anjaw','Ghaziabad','Lakshadweep',221855),
(309,'Amanda','Austin','770-163-8690','richardsingh@gmail.com','Male','1934-05-19',2103,' Amanda ExtensionNorth Christopher\, NC 81786 ','Palghar','Ajmer','Haryana',131772),
(310,'Nicholas','Wilcox','769-286-2468','michael89@hotmail.com','Others','1911-11-22',1229,' Blair KeysNew Julie\, DC 95494 ','Anand','Guwahati','Punjab',025741),
(311,'Gary','Smith','607-247-8182','gileskirsten@hotmail.com','Female','1955-11-22',2373,' Meyer Dale Apt. 022Phillipsport\, WY 22544 ','Palwal','Mumbai','Karnataka',551943),
(312,'Megan','Perez','300-056-5111','april78@yahoo.com','Others','2014-11-29',1986,' Campbell Springs Apt. 126Lake Ronald\, IL 11420 ','Manyam','Aligarh','Mizoram',994468),
(313,'Sarah','Martin','723-562-0718','ncabrera@hotmail.com','Female','1926-01-18',6539,' NolanFPO AA 80839 ','Garhwa','Indore','Puducherry',539980),
(314,'Charles','Hall','459-285-7609','lindaevans@hotmail.com','Male','1993-12-17',8476,' Hatfield SquaresNorth Carolshire\, MS 21181 ','Ri Bhoi','Chennai','Himachal Pradesh',211584),
(315,'Adam','Braun','772-447-0179','stephanie30@hotmail.com','Male','1968-01-14',7664,' JohnsonFPO AE 48483 ','Guna','kota','Nagaland',018094),
(316,'Luke','Hall','132-730-9655','bergdaniel@yahoo.com','Female','1996-09-27',5930,' Sampson InletJonesborough\, KY 06700 ','Jind','Meerut','Maharashtra',893724),
(317,'Brian','Conley','906-453-5464','cindy50@gmail.com','Male','1953-06-02',3147,' 7787\, Box 3297APO AE 80653 ','Firozpur','Karur','Telangana',327288),
(318,'Robin','Baldwin','711-634-9577','npineda@hotmail.com','Male','1918-09-09',4234,' Jimenez Circle Suite 829East Megan\, VA 21100 ','Ajmer','Dehradun','Assam',284132),
(319,'Chelsea','Wilcox','222-777-4699','allisonguzman@gmail.com','Female','2008-09-02',4061,' Andrew Terrace Apt. 213Port Bryanville\, AR 15241 ','Balangir','Avadi','Kerala',797412),
(320,'Kimberly','Williams','105-504-5254','robert66@hotmail.com','Female','1981-02-19',6959,' Juan Islands Apt. 596North Trevor\, NH 48800 ','Korea','Cuttack','Tripura',906626),
(321,'Abigail','Stevens','658-610-8634','xwang@hotmail.com','Others','1994-08-07',5730,' Matthew Lakes Suite 899West Earl\, NY 77812 ','Araria','Korba','Jharkhand',621240),
(322,'Katie','Best','105-367-3298','catherineclarke@hotmail.com','Others','1944-08-10',6306,' Chloe RoadDavidmouth\, IL 55175 ','Bellary','Jabalpur','Jharkhand',491039),
(323,'Joe','Alexander','556-691-5649','huntkimberly@yahoo.com','Male','1991-12-04',9978,' Reynolds GlensNorth Melodyshire\, RI 13239 ','Balod','Mumbai','Orissa',436282),
(324,'Catherine','Rivera','989-448-4507','khiggins@gmail.com','Others','1951-03-22',7151,' Jeffrey TunnelWest Thomasfurt\, MD 03736 ','Bhind','Agra','Rajasthan',139722),
(325,'Alexander','Solis','947-717-6987','hwilliamson@yahoo.com','Male','2014-04-09',9697,' Clayton Ridges Apt. 175Simonborough\, FL 78138 ','Udupi','Allahabad','Karnataka',585474),
(326,'Michael','Castro','533-367-9644','victoria20@gmail.com','Others','1935-11-27',4720,' Steve ShoreTravisstad\, CA 58209 ','Araria','Gopalpur','Puducherry',785274),
(327,'Joshua','Robinson','702-201-6584','kendragaines@yahoo.com','Others','1954-07-24',1572,' Elizabeth Rapids Suite 289South Robertberg\, TX 33337 ','North Goa','Avadi','Puducherry',925048),
(328,'Christopher','Harris','333-158-1967','swright@gmail.com','Others','1998-06-08',8000,' Julie IslandNorth Pamela\, CA 32369 ','Chatra','kochi','Nagaland',051152),
(329,'Allen','Ryan','225-389-7798','katherinehill@gmail.com','Female','1969-05-14',1926,' Eric HighwayWest Stephanietown\, NC 43332 ','Bhopal','Gopalpur','Puducherry',099096),
(330,'Matthew','Robinson','913-078-6355','rossmatthew@gmail.com','Female','1909-01-20',7204,' Robert Ville Apt. 965South Susanstad\, OH 80024 ','Bhopal','Ujjain','Himachal Pradesh',951981),
(331,'Tina','Kelly','842-800-3011','jeremy97@hotmail.com','Female','1953-01-24',8923,' Chelsea LandEast Bryan\, AR 47729 ','Noklak','Bilaspur','Uttarakhand',355373),
(332,'Mark','Fields','748-195-0139','byrddawn@gmail.com','Male','1982-08-24',6739,' Sarah Street Apt. 334Brownfort\, OK 05793 ','Namsai','kota','Orissa',413014),
(333,'Ms.','Heather','595-847-5569','hmartin@yahoo.com','Female','2010-05-03',1561,' Amber Keys Apt. 399Clarkmouth\, IL 94965 ','Nuapada','Imphal','Tamil Nadu',588460),
(334,'Jesse','Mitchell','189-347-2173','robindean@hotmail.com','Others','2004-11-22',1678,' Solis Glens Apt. 001East Natalie\, NY 97064 ','Kinnaur','Vadodara','Uttar Pradesh',285483),
(335,'Pamela','Walton','440-257-2946','heatherwhite@hotmail.com','Male','1994-09-17',9697,' Cooper CrescentNorth Christopher\, MN 20113 ','Gaya','kochi','Himachal Pradesh',518229),
(336,'Debra','Salinas','255-882-2924','toni63@hotmail.com','Female','1998-07-10',3341,' Reeves PlainsWest Spencer\, TX 60993 ','Aravalli','Hyderabad','Tripura',042250),
(337,'Barry','Perry','365-503-9810','destiny96@yahoo.com','Female','2003-07-12',9952,' Hall Coves Suite 802Lake Robin\, NE 75155 ','Udupi','Gorakhpur','Jharkhand',510400),
(338,'Shane','Velasquez','132-097-3715','edward43@yahoo.com','Female','1967-09-11',2052,' Rowland Valley Apt. 485Morrisburgh\, NM 12178 ','Senapati','kolkata','Karnataka',858974),
(339,'Todd','Orr','118-288-5094','dcampbell@gmail.com','Female','1987-12-02',2825,' Donald Squares Suite 849East Kevinburgh\, VT 32022 ','Mandi','Bhopal','Nagaland',794431),
(340,'Jeremiah','Wong','551-471-7665','jamie52@yahoo.com','Male','1924-06-01',9021,' Reynolds VistaSanchezstad\, NY 38695 ','Aurangabad','Amritsar','Kerala',766758),
(341,'Michael','Kelley','845-405-6031','karahill@yahoo.com','Male','1944-02-05',7382,' Walter PikeEast Alexandra\, TN 62513 ','Bharuch','kota','Maharashtra',605510),
(342,'Brandon','Contreras','506-021-5399','rachel57@gmail.com','Female','1920-12-24',1492,' Samuel Forge Apt. 288Evansmouth\, HI 87303 ','Pune','Aligarh','Nagaland',880079),
(343,'Jim','Marsh','532-812-8327','gillstephen@yahoo.com','Female','1957-09-24',2397,' Ronnie Ford Suite 929Lake Carlyburgh\, FL 22614 ','Eluru','Panipat','Uttar Pradesh',403704),
(344,'Robert','Davis','861-871-6804','patricia95@hotmail.com','Male','1961-12-09',5150,' Miller Spring Suite 303West Linda\, WI 05422 ','Eluru','Gaya','Kerala',127178),
(345,'Vanessa','Brown','113-320-9957','qmoore@gmail.com','Female','1960-09-20',1208,' Paul Spur Suite 337Michaelview\, CO 58215 ','Guna','Bellary','Assam',441322),
(346,'Whitney','Allen','430-226-3563','hchapman@yahoo.com','Others','1982-03-24',8410,' Andrew Isle Apt. 486Lake Mikayla\, NE 55278 ','Akola','Dehradun','Arunachal Pradesh',556440),
(347,'Amy','Barrett','109-052-5556','kristidonaldson@yahoo.com','Others','1985-01-18',8261,' Crane CrestWest Royborough\, NC 86203 ','Dausa','Erode','Kerala',915551),
(348,'Jennifer','Christensen','376-216-2488','brittanymurphy@yahoo.com','Others','1941-03-10',1347,' Wood Mall Suite 121Santiagoton\, WY 19053 ','Gaya','Korba','Rajasthan',256692),
(349,'Amber','Lopez','754-285-3884','chennicholas@yahoo.com','Others','1990-02-15',6577,' Carey ViewSouth Jessica\, GA 69838 ','Vaishali','Panipat','Madhya Pradesh',122313),
(350,'Nicole','Bradley','204-731-0397','ufernandez@yahoo.com','Male','1924-03-10',3407,' Mendoza CreekLoristad\, RI 95996 ','North Goa','Sagar','Uttar Pradesh',470578),
(351,'Charlene','Davila','525-086-2356','goodwinkayla@hotmail.com','Male','1906-06-30',4538,' Rebecca Drive Apt. 564East Gregoryhaven\, MA 48818 ','Dausa','Aizwal','Arunachal Pradesh',517697),
(352,'Alexander','Newman','658-153-4772','amywall@gmail.com','Others','2018-06-24',5210,' Susan FieldPottsport\, VT 60303 ','Vaishali','Latur','Manipur',400160),
(353,'Brian','Perez','477-786-3264','xcox@yahoo.com','Female','1984-06-05',4339,' Roberts LandSouth Aprilbury\, KY 58252 ','Jhabua','Agra','Mizoram',538998),
(354,'Tracy','Nunez','903-393-9737','patrick78@yahoo.com','Others','2019-05-31',7978,' Sydney Throughway Apt. 371Louischester\, MS 81948 ','Dharwad','Rajpur','Uttarakhand',088213),
(355,'Charles','Weiss','407-370-1502','randyhayes@yahoo.com','Female','1947-05-28',7094,' Campbell DriveBirdfurt\, MT 56190 ','Balod','Kolhapur','Delhi',283120),
(356,'Richard','Best','602-006-3315','kristina46@yahoo.com','Others','1948-10-05',3216,' Robertson Curve Suite 006Carolineside\, CO 00854 ','Kurukshetra','Loni','Assam',846277),
(357,'Tanya','Hudson','892-839-7239','yking@hotmail.com','Female','2020-08-17',4724,' BradleyFPO AA 39526 ','Mandi','Alwar','Chandigarh',120758),
(358,'Ashley','Murray','505-873-9656','fergusonmelissa@gmail.com','Male','2007-05-08',8086,' Lisa Branch Apt. 102Lake David\, NH 76776 ','Datia','Lucknow','Daman and Diu',738555),
(359,'Garrett','Clay','587-710-6037','garciaalexis@hotmail.com','Others','2006-08-07',1027,' Michael GroveNew Lorihaven\, FL 88881 ','Kaithal','Ranchi','Orissa',520860),
(360,'Jason','Wilson','231-870-2338','jeffreysanders@yahoo.com','Female','1933-03-14',5668,' Deborah HillsSalasview\, MI 65603 ','Manyam','Mumbai','Mizoram',754475),
(361,'Lori','Day','330-820-5629','rwood@hotmail.com','Male','2001-01-07',6473,' Jeff Mountain Suite 079Port Christina\, OH 57353 ','Kurukshetra','Nashik','Karnataka',471008),
(362,'Christine','Robinson','315-387-0992','jennifersimpson@yahoo.com','Male','2002-04-28',8113,' Anna Tunnel Suite 163South Michael\, MN 47317 ','Nuapada','Imphal','Assam',411936),
(363,'Jennifer','Reid','676-581-0647','cruzleah@hotmail.com','Others','1955-03-01',4781,' Brian VilleWest Stacychester\, OH 54529 ','Ahmedabad','Surat','Dadra and Nagar Haveli',118180),
(364,'Gregory','Roth','490-312-4276','andreaholder@gmail.com','Female','1984-03-17',2784,' 4484 Box 1448DPO AA 48462 ','Aravalli','Solapur','Kerala',463394),
(365,'Kevin','Williams','928-105-7399','wangrichard@gmail.com','Male','1986-03-12',8008,' Evans CircleCarsonfurt\, TX 08257 ','South Goa','Lucknow','Orissa',469760),
(366,'Edward','Lewis','757-053-3676','laurieshort@hotmail.com','Female','2011-08-15',9552,' Mcbride Shoal Suite 297Thomasland\, AZ 57301 ','Garhwa','Gaya','Bihar',619157),
(367,'Michael','Fletcher','881-298-6168','gabriel79@hotmail.com','Male','1968-10-29',1603,' Ellison Drive Suite 013Nolanview\, ME 02016 ','North Goa','Jaipur','Chhattisgarh',684808),
(368,'Judy','Cervantes','133-828-7415','umckenzie@yahoo.com','Male','1906-06-22',7205,' Todd Valley Suite 410East Sarahton\, PA 74236 ','Mansa','Vadodara','Punjab',505149),
(369,'Katherine','Sanchez','214-116-5932','mhaney@gmail.com','Others','1985-05-23',6812,' Tamara Fork Apt. 664North Andreahaven\, ME 71948 ','Firozpur','Arrah','Bihar',010180),
(370,'Jamie','Frank','645-176-7208','ganderson@gmail.com','Others','1970-10-28',3497,' Susan VilleAverymouth\, MT 01185 ','Korba','Mumbai','Jammu and Kashmir',760630),
(371,'Shannon','Knox','441-104-4221','trevinodanielle@hotmail.com','Male','1970-03-02',4164,' Davis Locks Suite 543Jamesview\, NE 71831 ','Amreli','Nagpur','Telangana',847538),
(372,'Lisa','White','713-531-9637','kcooke@yahoo.com','Others','1928-03-17',4585,' Denise Lane Apt. 244Danielston\, MO 43979 ','Solan','Avadi','Chandigarh',966937),
(373,'Zoe','Alvarez','597-423-9498','anitamartin@gmail.com','Others','1997-06-30',2745,' Hunt JunctionJasonborough\, WV 43906 ','Noklak','Avadi','Sikkim',670137),
(374,'Steven','Davis','889-635-8927','jacob39@yahoo.com','Others','1919-03-17',5093,' ClayFPO AP 28861 ','Patan','Kutti','Uttar Pradesh',776521),
(375,'Benjamin','Chen','721-023-0953','aedwards@yahoo.com','Female','1914-03-01',5362,' Hutchinson WalksKennethchester\, KS 16022 ','Ambala','Bellary','Himachal Pradesh',238704),
(376,'Andrew','Huang','412-779-6828','connor49@hotmail.com','Others','2001-04-26',4639,' Murphy Lodge Suite 270North Matthewville\, SD 59261 ','Bhopal','Navi Mumbai','Jharkhand',994464),
(377,'Mrs.','Kathy','324-227-2095','johnsonpatricia@gmail.com','Female','2014-12-26',6868,' 6892 Box 0058DPO AP 10445 ','Erode','Pune','Daman and Diu',725453),
(378,'David','Ferguson','528-846-0203','jeffreyrobinson@yahoo.com','Male','1974-03-02',8873,' Debbie Cliff Apt. 386Port Tamarahaven\, NC 48107 ','Chatra','Bilaspur','Andhra Pradesh',365553),
(379,'Luis','Hernandez','390-541-3151','xdavis@gmail.com','Male','1928-04-23',6983,' Mccoy Centers Apt. 070South Katherine\, MA 38072 ','East Garo Hills','Bhilai','Gujarat',676206),
(380,'Sarah','Alvarez','199-615-5318','welchcody@yahoo.com','Female','2021-12-21',6341,' Renee Heights Suite 646Christineburgh\, HI 94725 ','Bokaro','Agartala','Delhi',658822),
(381,'James','Johnston','192-754-1368','jennifershepherd@hotmail.com','Others','1963-07-29',2784,' Sanchez RouteCrystalshire\, AL 08161 ','Jangaon','Patna','Manipur',480366),
(382,'Jason','Burns','753-109-3090','jamesmccormick@yahoo.com','Female','1982-03-12',7687,' Marissa PlainsWilliamstown\, NJ 09233 ','Serchhip','kolkata','Chhattisgarh',705787),
(383,'Lisa','Castillo','751-529-7926','webbchristopher@gmail.com','Others','2011-03-26',7109,' Kristy Garden Suite 075Jasonfort\, MN 37329 ','Kiphire','kota','Rajasthan',733240),
(384,'Kimberly','Hines','489-655-4397','michael36@gmail.com','Female','1989-12-17',9797,' Dudley Streets Suite 119Loveshire\, ME 98345 ','Dhubri','Chandigarh','West Bengal',815497),
(385,'Jennifer','Austin','285-438-0113','brian57@hotmail.com','Female','1929-02-21',1130,' Lauren IslandLake Daniellechester\, AK 39146 ','Dibrugarh','Avadi','Gujarat',393733),
(386,'Joseph','Wise','122-521-4003','mejialisa@hotmail.com','Male','1907-03-31',4997,' Wesley Lakes Apt. 351North Robertmouth\, MN 27154 ','Bhind','Jaipur','Rajasthan',898477),
(387,'Michael','Wood','162-847-7046','ariel54@hotmail.com','Male','1996-08-17',2409,' David Vista Suite 940New Barbara\, SD 05376 ','Aizawl','Delhi','Haryana',833193),
(388,'Joshua','Stewart','325-442-6763','melanie26@hotmail.com','Female','2005-04-10',5594,' Strickland MountainsFloydfurt\, NE 97817 ','Balod','Pune','Andhra Pradesh',891738),
(389,'Cassandra','Jefferson','933-485-2672','wscott@hotmail.com','Female','1926-08-12',5096,' Donna Lock Suite 632Bradleyshire\, MD 06551 ','Pune','Jammu','Mizoram',120099),
(390,'Mrs.','Mary','591-267-6720','taylorjennifer@gmail.com','Male','1994-04-21',5878,' Anthony HeightsCruzside\, KS 73709 ','Wayanad','Patiala','Haryana',751140),
(391,'Paul','Williams','603-437-6513','hutchinsondaniel@yahoo.com','Male','1915-10-16',4744,' James UnionLake Jeffrey\, NV 73812 ','Namsai','Lucknow','Himachal Pradesh',133777),
(392,'Frances','Roth','159-182-9381','brettalvarado@gmail.com','Male','2014-07-03',8976,' Weaver VillageSouth Toddfort\, LA 82708 ','Kiphire','Bellary','Madhya Pradesh',604108),
(393,'Taylor','Moody','287-548-0959','michaelmoore@hotmail.com','Others','1984-10-13',9650,' Regina CliffsSotochester\, IL 70763 ','Udupi','Ujjain','Nagaland',927323),
(394,'Marie','Frazier','312-398-0863','clarkscott@gmail.com','Male','1929-07-10',2415,' Martinez Island Apt. 995North Laura\, UT 49646 ','Bellary','Ludhiana','Karnataka',884754),
(395,'Mary','Mosley','942-556-8163','petersonann@hotmail.com','Others','2007-12-02',9057,' Shawn IslandChristinaburgh\, IA 77683 ','Chitradurga','Bhilai','Manipur',492718),
(396,'Sonya','Hart','724-860-6330','amy03@yahoo.com','Female','1990-04-16',6952,' Danielle Station Suite 344West Stephanie\, NC 66652 ','Wayanad','Bilaspur','Andaman and Nicobar',775288),
(397,'Ashley','Maldonado','566-798-2876','robert89@gmail.com','Female','1914-02-19',2795,' Joseph WellGlennchester\, SC 82511 ','Idukki','Delhi','Lakshadweep',630683),
(398,'Leon','Phillips','418-210-3083','jonestrevor@gmail.com','Male','1975-03-24',2219,' Smith Oval Suite 334New Selenabury\, SC 77210 ','North Goa','Aligarh','Delhi',343207),
(399,'Denise','Taylor','197-316-1090','shoffman@gmail.com','Others','1992-02-28',3461,' Turner Dam Suite 049North Robert\, MI 86247 ','Durg','kochi','Rajasthan',928809),
(400,'Mr.','Jose','130-404-4244','vgraves@hotmail.com','Male','1989-06-28',1897,' Reed Trail Apt. 915East Adam\, WI 36894 ','Thrissur','Imphal','Lakshadweep',215538),
(401,'Kimberly','Rhodes','175-796-2756','ccarter@hotmail.com','Others','1934-11-08',6932,' Kyle Turnpike Suite 576Annaview\, NV 00845 ','Solan','Rajkot','Jammu and Kashmir',196011),
(402,'Darius','Bernard','104-410-9569','johnsonjason@gmail.com','Others','1943-05-25',7671,' 9552\, Box 2890APO AP 34734 ','Alwar','Guwahati','Arunachal Pradesh',572515),
(403,'Troy','Hughes','772-664-9839','carriewu@gmail.com','Male','1926-03-29',3961,' Patterson IsleNorth Juan\, DE 95865 ','Imphal East','Pune','Andhra Pradesh',789009),
(404,'Amber','Moore','670-821-5236','nunezanthony@hotmail.com','Male','1954-08-31',4570,' Angela Mountain Apt. 263Martinezstad\, NM 23714 ','Manyam','Meerut','Puducherry',488823),
(405,'Julie','Jones','747-016-5110','elevy@yahoo.com','Male','2018-01-14',3531,' NewtonFPO AA 47176 ','Akola','Karur','Haryana',513591),
(406,'Daniel','Lambert','480-838-7184','maryfletcher@yahoo.com','Others','2006-01-12',3448,' 2593 Box 8825DPO AP 58585 ','Bhopal','Loni','Punjab',195184),
(407,'Anna','Robertson','759-720-3598','mcleancarolyn@yahoo.com','Male','1962-04-16',7990,' WatkinsFPO AE 07703 ','Balangir','Srinagar','Andaman and Nicobar',874457),
(408,'Anna','Griffin','484-298-3904','angelajohnson@hotmail.com','Female','1960-01-27',9316,' Anderson Valley Suite 353Dickersonton\, MS 11005 ','Jhabua','Bokara','West Bengal',522247),
(409,'Anthony','Torres','268-537-4837','wdaniels@hotmail.com','Male','2005-06-08',4607,' Alexander Rue Suite 011Hudsontown\, NV 40726 ','South Goa','Amritsar','Manipur',643843),
(410,'Michael','Holden','759-122-8254','richard18@gmail.com','Others','1953-12-23',7083,' Rodriguez Prairie Suite 049Gibbsville\, IL 98278 ','Baksa','Sagar','Delhi',412102),
(411,'Michael','Herring','635-052-1334','josephpotter@gmail.com','Male','1961-02-12',8174,' Jeremy Lock Apt. 518Harrisstad\, TX 77876 ','Erode','Akola','West Bengal',149071),
(412,'Samantha','Miller','733-130-3993','nicholasdelgado@yahoo.com','Others','1972-01-14',6684,' Lindsey Highway Suite 406South Janetstad\, SD 33658 ','Goalpara','Alwar','Himachal Pradesh',858032),
(413,'Stephen','Levine','456-557-8574','bking@gmail.com','Male','2003-10-30',4739,' Gutierrez RidgePort Jodi\, VA 66221 ','Kishanganj','Ranchi','Dadra and Nagar Haveli',427025),
(414,'Dennis','Jackson','814-052-1070','dennisford@yahoo.com','Others','1931-10-19',1133,' Richard CentersGuzmanburgh\, MO 82963 ','Vaishali','Bhilai','Chandigarh',230978),
(415,'Wayne','Moses','348-348-9619','reevescory@yahoo.com','Female','1988-09-06',4262,' Myers InletSouth Heather\, TX 65830 ','Raipur','Faridabad','Delhi',203139),
(416,'Sarah','Robinson','531-510-0379','roywalsh@gmail.com','Others','1913-01-20',8948,' Hamilton PathRiggsshire\, MA 14290 ','Ukhrul','Amritsar','Manipur',564510),
(417,'Carla','Mathews','979-577-1414','willie63@yahoo.com','Female','1920-02-11',5083,' Stark ExtensionsMarilynmouth\, DE 43467 ','Pune','kochi','Andaman and Nicobar',790961),
(418,'Robin','Mendoza','140-864-3372','ounderwood@gmail.com','Female','1960-10-25',3399,' Murray Mills Apt. 469East Glenn\, SC 84521 ','Anjaw','Firozabad','Manipur',050811),
(419,'Jennifer','Heath','135-202-1541','jchandler@gmail.com','Male','1997-07-21',2367,' Hill UnionWest Michaelfort\, VT 05294 ','South Goa','Kollam','Assam',683529),
(420,'Samantha','Moore','167-883-8837','sherrylopez@gmail.com','Male','1911-01-30',6631,' Samuel Skyway Apt. 420Medinafurt\, NV 42348 ','Kapurthala','Agra','Puducherry',374903),
(421,'Michael','Freeman','316-215-2172','lisa19@hotmail.com','Female','1912-05-10',3330,' Amanda IslandPort Scott\, NY 30300 ','Udupi','Ajmer','Karnataka',697895),
(422,'Renee','Compton','742-279-7280','janetwhite@gmail.com','Female','1984-02-02',9607,' Brenda ExtensionsLake Marcmouth\, WV 28043 ','Ri Bhoi','Aligarh','Manipur',403789),
(423,'Gregory','Mendoza','585-304-9789','adamselizabeth@gmail.com','Others','1938-10-25',9726,' Christopher Fall Apt. 343West Johnland\, DC 55031 ','Anand','Arrah','Uttar Pradesh',669438),
(424,'David','Gilmore','235-092-7340','davidclay@hotmail.com','Others','1968-08-03',6943,' Gary Common Suite 067Sarahburgh\, KS 14753 ','Bellary','Dehradun','Maharashtra',121357),
(425,'Tyrone','Hall','886-069-1810','mwilson@hotmail.com','Male','1961-08-09',5909,' Nicole Orchard Suite 436Lake Matthew\, NM 54767 ','Ambala','Imphal','Kerala',277968),
(426,'Ashley','James','959-588-6775','melinda30@gmail.com','Male','1955-07-25',1527,' Karen PointsNew David\, WI 94784 ','Ri Bhoi','Bikaner','Punjab',270742),
(427,'Lori','Goodman','620-540-4608','anthony51@hotmail.com','Male','1967-05-13',8233,' James VillagesEast Douglaston\, OR 72583 ','Chatra','Gaya','Uttar Pradesh',407602),
(428,'Briana','Young','528-602-6862','lisa56@gmail.com','Female','1963-02-17',6577,' Nicole CreekEast Michelle\, ID 08206 ','Chatra','Thane','Uttar Pradesh',718289),
(429,'Sarah','Smith','738-467-7051','mark66@hotmail.com','Male','1907-08-17',4708,' Jenkins LightsNew Brittneyhaven\, NJ 51849 ','Anjaw','Bellary','Madhya Pradesh',062185),
(430,'Antonio','Shaw','273-798-5390','millerrobert@yahoo.com','Others','1933-08-19',5789,' Gilbert Loop Apt. 531Crawfordtown\, WY 00999 ','Thrissur','Durgapur','Tripura',999448),
(431,'Andrea','Ortiz','392-887-1275','zcastro@hotmail.com','Female','1927-01-29',6158,' Amanda ViewsBrownview\, ID 30892 ','Araria','Bellary','Arunachal Pradesh',304444),
(432,'Jody','Potts','322-558-8125','john67@hotmail.com','Others','1926-01-16',1963,' Johnson SquaresPort Ronald\, VA 77954 ','Alwar','Delhi','Mizoram',725499),
(433,'Alice','Brown','450-254-9884','njones@hotmail.com','Male','1997-08-12',8395,' Gibson TraceVanessaland\, MA 14109 ','Manyam','Patiala','Tamil Nadu',399185),
(434,'Christian','Bowers','423-838-1743','jessica83@hotmail.com','Female','1969-12-22',8126,' Carolyn PrairiePort Williamborough\, KY 94070 ','Ahmedabad','Vadodara','Arunachal Pradesh',886104),
(435,'Tammy','Sanchez','194-815-7402','chavezlynn@gmail.com','Others','1934-02-08',3033,' Fox BridgeLake Carmenberg\, NJ 14006 ','Bellary','Bhilai','West Bengal',884665),
(436,'Melissa','Roberts','224-395-6675','michele10@gmail.com','Male','1944-12-17',6512,' Douglas Mountain Apt. 064Port Kimberly\, ID 69761 ','Bharuch','Imphal','Manipur',447410),
(437,'Maria','Park','340-641-2889','joshuavaldez@hotmail.com','Male','1968-06-16',2587,' Anthony RidgesHernandezberg\, TN 95830 ','Aizawl','Mumbai','Gujarat',403332),
(438,'Kathleen','Rodriguez','769-261-1820','lthomas@yahoo.com','Male','1970-03-17',1749,' Hunt Expressway Suite 793Lake Tracyfurt\, VT 84391 ','Idukki','Mumbai','Sikkim',321933),
(439,'Pamela','Smith','715-671-7307','karentaylor@gmail.com','Male','1996-02-07',1782,' Jennifer RadialPort Ronaldview\, AR 16369 ','Akola','Thane','Bihar',852231),
(440,'Alicia','Martinez','963-019-4572','brianford@gmail.com','Male','1960-10-14',7416,' 1972\, Box 2277APO AA 49371 ','Akola','Dhanbad','Nagaland',347495),
(441,'Warren','Williams','800-224-3832','stricklandmatthew@yahoo.com','Male','1943-06-23',3319,' Fox Road Suite 895Josephfurt\, ND 95036 ','Nalbari','Kollam','Lakshadweep',054648),
(442,'Cory','Johnson','925-072-5573','matthewlynch@yahoo.com','Male','1956-07-22',5030,' Shannon CrossroadJohnport\, MA 95469 ','Solan','Gurgaon','Andhra Pradesh',294541),
(443,'Malik','Moody','918-321-4573','tracytucker@yahoo.com','Male','1972-01-18',1846,' Amanda Meadow Apt. 644West Andrea\, MD 96519 ','Dharwad','Ludhiana','Arunachal Pradesh',725136),
(444,'Melissa','Brown','513-160-5994','williamdelacruz@gmail.com','Others','1973-02-08',3539,' Medina Cove Apt. 724South Matthew\, DC 25009 ','Serchhip','Meerut','Meghalaya',699395),
(445,'Amber','Harvey','283-656-4274','watsonjames@yahoo.com','Others','1970-05-21',6195,' Reeves Junctions Apt. 598Port Amy\, WY 60847 ','Korea','Sagar','Tripura',066121),
(446,'Jamie','Kelley','957-141-4541','egarza@gmail.com','Female','1909-03-08',1450,' MccartyFPO AP 25259 ','Eluru','Udaipur','Lakshadweep',601148),
(447,'Christopher','Todd','440-538-7320','gregorycarl@yahoo.com','Male','1936-04-04',3161,' Jennifer KeysEast Brittany\, FL 01999 ','Eluru','Gopalpur','Tripura',298430),
(448,'Lisa','Cox','177-231-2852','tiffany81@yahoo.com','Others','1912-06-26',7083,' Branch Fields Suite 509Christophermouth\, AZ 53197 ','Belgaum','Jaipur','West Bengal',543018),
(449,'Brian','Sweeney','607-800-0247','chad93@hotmail.com','Male','1924-12-03',2540,' Jennifer WaysKatherineberg\, MI 80593 ','Imphal East','Rajkot','Telangana',587179),
(450,'Ashley','Pearson','829-876-3071','villanuevaregina@yahoo.com','Male','1937-05-30',9482,' 3709 Box 9123DPO AE 98234 ','Kiphire','Meerut','Kerala',721894),
(451,'Michael','Smith','396-389-0143','sramirez@gmail.com','Female','2006-02-01',1909,' Mullen LocksMaryfort\, WY 27121 ','Korba','Gaya','Assam',384730),
(452,'Darren','Callahan','288-635-4518','jenniferking@hotmail.com','Others','1913-10-30',2771,' Johnson Island Suite 211Chadstad\, ME 92641 ','Kapurthala','Vadodara','Himachal Pradesh',758593),
(453,'Todd','Simmons','107-423-9439','kimberly77@yahoo.com','Others','1925-12-05',1716,' 6186 Box 6202DPO AA 83750 ','Dhubri','Jabalpur','Uttarakhand',277498),
(454,'Breanna','Howard','386-105-4954','charleswilliams@hotmail.com','Male','1944-01-10',3775,' Cervantes CourtNew Billy\, FL 75163 ','Kinnaur','Meerut','Jharkhand',933593),
(455,'David','Harris','448-761-7535','scotthicks@yahoo.com','Female','1940-02-05',1168,' Troy Expressway Suite 504North Loriview\, SC 62199 ','Chatra','Kollam','Orissa',383330),
(456,'Gary','Lowery','566-388-2581','riosmichael@hotmail.com','Others','1932-05-24',5652,' Roberts HavenNorth Jessicachester\, NV 90580 ','Kaithal','Dehradun','Mizoram',687039),
(457,'Stephanie','Brown','782-596-1444','thuang@hotmail.com','Male','1951-06-25',1591,' Jessica WayWest Jeffrey\, IN 89895 ','Dhubri','Bilaspur','Assam',616872),
(458,'Richard','Patterson','575-261-4345','ofitzpatrick@gmail.com','Male','2011-03-12',7699,' Cooper TunnelCainville\, ND 23555 ','Araria','Firozabad','Maharashtra',250261),
(459,'Melissa','Bowen','142-789-7892','ewallace@gmail.com','Male','1964-09-08',2102,' Berry CrossroadLake Lorimouth\, HI 03639 ','Udupi','Karur','Puducherry',764456),
(460,'Austin','Evans','101-775-4746','roberto52@yahoo.com','Female','1934-02-24',3308,' Michael LakesLeonardtown\, ME 11139 ','Jhabua','Jaipur','Assam',218222),
(461,'Nancy','Brown','523-788-8195','perezbenjamin@hotmail.com','Male','2006-07-06',8534,' Ramos HavenNew Nicole\, MD 52537 ','Vaishali','Agartala','Kerala',902053),
(462,'Jose','Clay','479-131-4364','linda58@hotmail.com','Female','1968-11-08',2143,' John UnderpassSuttonmouth\, KY 83253 ','Raipur','Delhi','Puducherry',997040),
(463,'Maurice','Copeland','481-173-0992','nancy33@gmail.com','Female','1908-08-31',9563,' Molly JunctionLake Shawnside\, NC 39908 ','Visakhapatnam','Bhilai','Meghalaya',116505),
(464,'Cynthia','Davis','545-647-1561','sarachang@gmail.com','Female','1979-11-04',1749,' 1129\, Box 0647APO AE 47713 ','Aizawl','Srinagar','Chhattisgarh',279866),
(465,'Elizabeth','Vaughn','317-622-2203','jflores@gmail.com','Female','1932-02-02',9120,' 6695 Box 7715DPO AE 80066 ','Palghar','Dehradun','Andaman and Nicobar',378610),
(466,'Lisa','Hernandez','130-351-3222','brownapril@yahoo.com','Others','1985-02-17',2521,' 0210\, Box 3692APO AP 33502 ','Noney','Ahmedabad','Andhra Pradesh',272396),
(467,'Ryan','Ford','763-132-3152','aaronpage@yahoo.com','Male','1982-01-07',4057,' Bradley Heights Apt. 107Laurenview\, PA 71476 ','Gaya','Srinagar','Daman and Diu',679709),
(468,'Cindy','Graham','741-221-8869','blakemoore@yahoo.com','Female','2021-03-27',8406,' Silva Roads Suite 709West James\, MS 98190 ','Chitradurga','Meerut','Andaman and Nicobar',458267),
(469,'Michael','Hawkins','472-831-5600','brianna07@gmail.com','Male','1978-09-26',3682,' Shawn LoafLake Garystad\, HI 26192 ','Noklak','Agra','Karnataka',340562),
(470,'Jordan','Cummings','723-662-6928','gary64@gmail.com','Male','2001-12-08',5061,' 1044\, Box 1586APO AP 31810 ','Aravalli','Rajkot','Arunachal Pradesh',669622),
(471,'Raymond','Bradley','970-839-7487','christopher97@hotmail.com','Others','1933-02-11',4196,' Gonzales Drives Apt. 021North Michael\, UT 10325 ','Baksa','Howrah','Tripura',199591),
(472,'Ryan','Hurst','564-281-0030','benjamin16@hotmail.com','Male','2005-06-04',3342,' Gregory Canyon Apt. 805North Rebeccaberg\, KY 82714 ','Ukhrul','Arrah','Nagaland',341330),
(473,'Jason','King','182-756-8301','leahreese@yahoo.com','Female','1963-05-22',8856,' Navarro BurgChadshire\, NC 01818 ','Kaithal','Gorakhpur','Lakshadweep',239286),
(474,'Madison','Morgan','521-609-6528','wheelerjohn@yahoo.com','Others','1955-07-09',5649,' 3585 Box 4894DPO AE 10899 ','Noney','Rajpur','Delhi',609364),
(475,'Ricky','Miller','620-421-1727','rebeccarivera@yahoo.com','Female','1944-06-20',1325,' Bailey FallEast Hannah\, DC 14272 ','Patan','Mysore','West Bengal',354185),
(476,'Eric','Jones','294-386-3534','wilsonmark@gmail.com','Female','1912-01-01',7340,' Austin CornersEast Derek\, FL 45229 ','Ranchi','Rajpur','Jammu and Kashmir',167538),
(477,'Crystal','Wilson','447-522-9461','annebrooks@hotmail.com','Female','1921-07-08',3960,' Anthony Plaza Apt. 685Kylehaven\, WI 19269 ','Patan','kota','Chhattisgarh',019722),
(478,'Robert','Koch','976-181-1842','shelby46@gmail.com','Male','1915-05-20',7018,' 4648 Box 8330DPO AP 62828 ','Namsai','kolkata','Daman and Diu',996514),
(479,'Denise','Stephenson','653-147-5010','angelawalker@gmail.com','Others','1988-12-06',3659,' Karen Crest Apt. 212New Shannon\, MI 49571 ','Jhabua','Latur','Bihar',898328),
(480,'Jesse','Kim','680-765-1371','loganthompson@yahoo.com','Female','2006-12-02',1877,' Small Lake Apt. 431Rushshire\, UT 11645 ','Sangrur','Avadi','Delhi',007651),
(481,'Virginia','Willis','972-626-2482','julialewis@yahoo.com','Others','1911-09-13',7895,' Nicole ManorJimenezport\, OR 30356 ','Erode','Kanpur','Goa',136921),
(482,'Marilyn','Nelson','993-395-9102','cynthiacollins@gmail.com','Others','1961-04-03',7539,' Wilson LakesLake Jasmine\, MI 69337 ','Jind','Durgapur','West Bengal',511735),
(483,'Rachel','Rodriguez','149-639-7911','jose69@yahoo.com','Female','1924-09-28',9003,' Douglas SquaresStevenmouth\, KS 32406 ','Datia','Mumbai','Chhattisgarh',657116),
(484,'Jacob','Hayes','563-795-1251','mauricegreen@yahoo.com','Others','1955-07-23',2220,' Jonathan SpringsTravistown\, WY 05226 ','Dhubri','Srinagar','Nagaland',482918),
(485,'Donald','Sloan','779-191-9856','jsmith@hotmail.com','Female','1919-03-31',8488,' Phillips NeckRobertfurt\, LA 71102 ','Goalpara','kolkata','West Bengal',531880),
(486,'Brenda','Branch','451-197-4245','allenangela@yahoo.com','Others','1921-01-27',4197,' Amber Roads Suite 180Port Todd\, OK 95413 ','North Goa','Bokara','Chhattisgarh',533576),
(487,'Colin','Jenkins','466-754-8593','joshua39@gmail.com','Female','2005-02-28',5719,' Turner View Suite 436Chrismouth\, MS 10159 ','Wayanad','Loni','Arunachal Pradesh',532112),
(488,'Dawn','Jones','190-056-1144','andersondaniel@hotmail.com','Male','1909-09-06',3179,' Sandoval Pine Suite 989Pattonmouth\, HI 17589 ','Patan','Cuttack','Manipur',833120),
(489,'Kristen','Ellis','314-409-7624','cfranco@yahoo.com','Male','1968-07-02',8684,' Diaz FieldsOliverfurt\, MD 98116 ','Garhwa','Gurgaon','Bihar',210073),
(490,'Mr.','Joseph','271-050-2007','mollydiaz@yahoo.com','Male','1909-09-16',3507,' Timothy Stravenue Suite 861Lisaberg\, MA 83730 ','South Goa','Gopalpur','Tripura',236477),
(491,'Michael','Owens','224-062-8019','brownpatricia@gmail.com','Others','1983-12-04',6801,' Jack Via Suite 414East Dominiquestad\, CO 92835 ','Anand','Bhopal','Nagaland',999173),
(492,'Kimberly','Simpson','154-881-3538','kimberlyclark@gmail.com','Female','1962-03-16',7528,' Gardner Rapids Apt. 373Toddburgh\, KY 27610 ','Balod','Latur','Uttarakhand',056305),
(493,'Timothy','Nichols','278-832-9488','msmall@yahoo.com','Others','1968-12-24',5812,' Johnson Route Suite 714West Paulport\, IL 31776 ','Kaithal','Surat','Bihar',088424),
(494,'Andrea','Cox','857-779-7323','brittanyjones@hotmail.com','Male','2021-05-14',6348,' Dean Plaza Apt. 251New Heatherchester\, ID 81112 ','Ajmer','kolkata','Maharashtra',538009),
(495,'Robin','Bennett','573-480-3331','anita07@yahoo.com','Male','1938-04-07',9130,' Alicia Turnpike Apt. 702Arnoldshire\, SD 74003 ','Kiphire','Aligarh','Daman and Diu',940240),
(496,'Shelby','Fisher','595-198-0774','mccartysheryl@yahoo.com','Female','1915-01-22',3364,' Lewis Ports Apt. 832New Kevin\, DC 04998 ','Tirap','Kanpur','Chandigarh',370027),
(497,'Jenna','Martinez','742-064-9483','helen78@yahoo.com','Male','2006-10-06',6785,' Fernandez MeadowsLake Juliaberg\, NH 77469 ','Tirap','Gaya','Lakshadweep',530525),
(498,'David','Reyes','869-171-3173','guy72@gmail.com','Female','1986-11-22',6905,' April Villages Suite 254West Wendychester\, UT 22767 ','Idukki','Ranchi','Tamil Nadu',109247),
(499,'Jack','Berg','450-351-4994','mariahdelacruz@yahoo.com','Others','2000-04-04',8276,' Hood Canyon Apt. 389Ricemouth\, CO 52166 ','Kaithal','Gorakhpur','Puducherry',218954),
(500,'Lauren','Green','270-365-2161','josephwright@yahoo.com','Others','1992-01-07',6917,' Shane Trafficway Apt. 678West Eric\, MO 15913 ','Bokaro','Howrah','Uttar Pradesh',391471);

INSERT INTO Employee(eid, fname, lname, phone, email, dob, gender, hno, street, district, city, state, pincode, salary, experience, speciality, doj) VALUES
(1,'Kelly','Cole','849-244-8940','mark77@hotmail.com','1956-12-23','Others',1909,' Cruz Walks Suite 583East Jeremyshire\, ID 41039 ','Palghar','Firozabad','Bihar',280868,401146,5,'Delivery Person','1977-12-23'),
(2,'Stephanie','Weaver','398-336-0887','bowersvirginia@yahoo.com','1967-10-01','Female',4932,' Stephanie Locks Suite 842Dawsonborough\, PA 14203 ','Dhubri','Guwahati','Jharkhand',183933,595203,3,'Category Head','1988-10-01'),
(3,'Andrea','Murphy','146-797-5118','terri72@hotmail.com','1968-06-22','Others',4774,' Jennings CliffJonesmouth\, TN 25512 ','Korba','Ranchi','Jammu and Kashmir',927540,305657,10,'Category Head','1989-06-22'),
(4,'Gregory','Wells','793-782-0821','nicholas68@yahoo.com','1939-06-07','Female',2111,' Richard HollowPerezberg\, TN 97330 ','Gaya','Gorakhpur','Madhya Pradesh',051043,404290,4,'Category Head','1960-06-07'),
(5,'Emily','Cross','578-711-4013','saunderskevin@hotmail.com','1938-04-19','Others',3797,' Hernandez CliffSouth Kirk\, SC 38323 ','Kinnaur','Gaya','Andhra Pradesh',166747,604077,6,'Worker','1959-04-19'),
(6,'Frank','Wolfe','651-113-6163','davidcalderon@yahoo.com','1960-11-26','Female',9615,' Keller TunnelAndersonton\, MT 06704 ','Bhagalpur','Patna','Assam',539938,316144,7,'Worker','1981-11-26'),
(7,'William','Davis','892-586-1933','webberik@hotmail.com','1932-08-13','Female',3681,' Mitchell DriveWilsonside\, DE 39503 ','Visakhapatnam','Nashik','Lakshadweep',626145,329248,1,'Worker','1953-08-13'),
(8,'Patrick','Wade','104-660-3863','danawheeler@yahoo.com','1960-08-13','Female',2911,' MasonFPO AP 49605 ','Mansa','Lucknow','Punjab',812938,151609,7,'Worker','1981-08-13'),
(9,'Cathy','Nelson','762-430-9248','drakeronald@gmail.com','2020-03-04','Male',9524,' Kevin TurnpikeSouth Rachel\, FL 59227 ','Garhwa','Thane','Bihar',967927,543612,4,'Worker','2041-03-04'),
(10,'Jennifer','Santos','990-190-0418','jonesgregory@gmail.com','1990-06-22','Others',4325,' Marissa Roads Apt. 225West Kayla\, MN 60339 ','Palghar','Ludhiana','Himachal Pradesh',535375,405890,9,'Worker','2011-06-22'),
(11,'Brett','Murphy','413-263-3487','smiththeresa@yahoo.com','1959-12-03','Female',5412,' Rosales Terrace Apt. 825Michelleview\, KY 77196 ','Bhagalpur','Korba','Bihar',618562,266824,9,'Delivery Person','1980-12-03'),
(12,'Jessica','Morgan','625-507-2473','ajensen@gmail.com','2014-06-27','Male',4917,' Donald Junction Suite 485New Amy\, OH 90961 ','Palghar','Avadi','Tamil Nadu',406377,140082,9,'Category Head','2035-06-27'),
(13,'Jessica','Turner','346-691-0316','mariahayes@gmail.com','1976-01-01','Female',1893,' Thomas CoveHamptontown\, MI 99682 ','Balangir','Dhanbad','Jharkhand',282411,927978,2,'Category Head','1997-01-01'),
(14,'Jennifer','Roberts','220-182-7234','megan57@gmail.com','1966-01-05','Others',2546,' Morris Overpass Apt. 658Feliciahaven\, MS 03387 ','Anjaw','Bilaspur','Jharkhand',291988,935232,10,'Category Head','1987-01-05'),
(15,'Juan','Francis','577-357-3377','ubuck@yahoo.com','1929-05-25','Female',6651,' Jamie Trail Suite 301Priceborough\, RI 71590 ','Nagpur','Nashik','Delhi',472791,517925,9,'Worker','1950-05-25'),
(16,'Kevin','Lane','794-208-9337','fullerdaniel@yahoo.com','1993-04-09','Others',8371,' Green IsleJohnshire\, IN 31913 ','Kurukshetra','Bokara','Telangana',834903,316683,5,'Worker','2014-04-09'),
(17,'Christian','Nelson','750-332-3614','john47@yahoo.com','1999-12-25','Male',1914,' Tucker WallSouth Kelseyport\, DE 23416 ','Noklak','Jabalpur','Himachal Pradesh',536492,697319,3,'Worker','2020-12-25'),
(18,'William','Watson','671-596-7220','betty16@yahoo.com','1924-03-26','Male',8230,' 8229\, Box 2359APO AA 32155 ','Patan','Nashik','Orissa',826587,236906,3,'Worker','1945-03-26'),
(19,'Lori','Williamson','181-034-4379','wmartin@gmail.com','1927-12-14','Others',7641,' Mcintyre Causeway Apt. 871Lake Kristinaport\, CA 36855 ','Solan','Meerut','Arunachal Pradesh',362537,878627,5,'Worker','1948-12-14'),
(20,'Rebecca','Gonzalez','160-138-0400','luis47@hotmail.com','1985-10-29','Male',2562,' Christopher Ridge Apt. 918Silvaville\, NH 97594 ','Nagpur','Gurgaon','Puducherry',556981,562082,5,'Worker','2006-10-29'),
(21,'Laura','Graves','927-463-9195','ybell@hotmail.com','1953-05-03','Female',7362,' Dalton Estates Suite 110Lake Brandon\, CO 36240 ','Kaithal','Mumbai','Andaman and Nicobar',854361,395691,3,'Delivery Person','1974-05-03'),
(22,'Shelly','Lopez','914-085-4400','jonesamanda@yahoo.com','1933-12-07','Female',1853,' Sharp Islands Suite 308Dayview\, DC 20227 ','Bhagalpur','Patiala','Andhra Pradesh',180257,436113,4,'Category Head','1954-12-07'),
(23,'Corey','Rollins','901-481-2420','josenelson@gmail.com','1972-10-11','Female',9894,' Mcgee GatewayWilkinsonberg\, IN 33920 ','Ukhrul','Cuttack','Puducherry',910236,938838,4,'Category Head','1993-10-11'),
(24,'Luke','Brown','426-539-4061','watkinsjoshua@gmail.com','1991-09-13','Others',8746,' Jacob Run Apt. 908South Paulshire\, AR 21681 ','Alwar','Dehradun','Rajasthan',183474,849024,5,'Category Head','2012-09-13'),
(25,'Julie','Mercer','679-338-2780','hunterann@gmail.com','2003-05-09','Male',7501,' Albert Drive Apt. 981North Sherristad\, AK 92482 ','Kaithal','Erode','Madhya Pradesh',168788,460284,6,'Worker','2024-05-09'),
(26,'Samantha','Hughes','356-752-1734','lopezpaul@hotmail.com','2010-07-21','Others',6256,' Tiffany GreenAdamchester\, DC 41053 ','Namsai','Ahmedabad','Meghalaya',218220,900345,9,'Worker','2031-07-21'),
(27,'Anthony','Peters','207-740-2318','julieclarke@gmail.com','1923-12-30','Male',7370,' Jones LakeWest Sheila\, PA 12713 ','Raipur','Patna','Tripura',564548,309889,10,'Worker','1944-12-30'),
(28,'Matthew','Jenkins','761-273-3498','schultzkyle@yahoo.com','1934-09-01','Male',1138,' MezaFPO AE 43313 ','Botad','Bangalore','Goa',987404,376863,4,'Worker','1955-09-01'),
(29,'Erica','Davis','556-066-2445','scottlane@hotmail.com','1995-04-28','Male',2453,' Sandra Cape Apt. 409Port William\, CO 50318 ','Aizawl','Kutti','Tamil Nadu',546485,473802,1,'Worker','2016-04-28'),
(30,'Christina','Byrd','860-594-7193','monroekayla@hotmail.com','1973-07-14','Female',1688,' Mitchell Shore Suite 784New Patrick\, AR 65157 ','Sangrur','Arrah','Goa',400869,105956,8,'Worker','1994-07-14'),
(31,'Angela','Larson','864-597-2681','chase73@gmail.com','2015-01-15','Male',1846,' Michael Greens Suite 115Meganmouth\, GA 39394 ','Amreli','Kanpur','Uttarakhand',998288,449009,1,'Delivery Person','2036-01-15'),
(32,'Deborah','Salazar','791-710-2266','mcfarlandlarry@yahoo.com','2003-09-18','Female',2890,' Daniel Terrace Apt. 523Lake Jessicahaven\, IL 66563 ','Eluru','Bokara','Daman and Diu',465594,801118,9,'Category Head','2024-09-18'),
(33,'Linda','Taylor','735-612-8184','thomasgentry@gmail.com','1957-09-25','Female',8303,' Jimenez RidgeLake Monicaberg\, OR 01545 ','Anand','Thane','West Bengal',891269,803436,7,'Category Head','1978-09-25'),
(34,'Mr.','Tristan','160-800-2429','veronicaramirez@hotmail.com','1911-09-02','Others',3870,' Tran Neck Apt. 729Port Stuart\, SD 04374 ','Nagpur','Akola','Uttarakhand',237398,410533,1,'Category Head','1932-09-02'),
(35,'Ethan','Sanchez','648-007-8428','brendatucker@hotmail.com','1976-07-20','Female',8890,' Mitchell JunctionLake Donna\, IL 84082 ','Raipur','Patiala','Nagaland',531776,355064,4,'Worker','1997-07-20'),
(36,'Denise','Holloway','177-459-9539','draymond@yahoo.com','1928-01-28','Female',7378,' Ward StreetsPort Jasminemouth\, AL 06694 ','Anand','Chennai','Arunachal Pradesh',824251,753018,3,'Worker','1949-01-28'),
(37,'Maria','Jordan','102-791-0539','mcdonaldnathan@gmail.com','1963-05-31','Others',9255,' Jones Village Suite 471Pottschester\, MA 63153 ','Ukhrul','Ajmer','Andaman and Nicobar',693264,174931,2,'Worker','1984-05-31'),
(38,'David','Rowe','941-403-5930','navarrosharon@gmail.com','2015-05-08','Female',3410,' Antonio Square Apt. 366Williamville\, MD 13611 ','Balangir','Howrah','Uttarakhand',691495,362680,5,'Worker','2036-05-08'),
(39,'Matthew','Anderson','355-156-4068','brandon73@gmail.com','1959-05-06','Male',2619,' Jason KeysNorth Gregory\, MT 21015 ','Nuapada','Bilaspur','Tripura',735306,683534,8,'Worker','1980-05-06'),
(40,'Lisa','Morris','716-147-6306','cnichols@gmail.com','1995-06-21','Male',8880,' Cain Mews Suite 442Mollyhaven\, OH 31874 ','Lohit','Vadodara','Rajasthan',269382,130732,1,'Worker','2016-06-21'),
(41,'Charles','Price','913-208-2314','sherylbennett@yahoo.com','1994-05-04','Male',4668,' Johnson Fords Apt. 493Riveraberg\, OH 80268 ','Gaya','Dhanbad','Assam',796863,700643,2,'Delivery Person','2015-05-04'),
(42,'Brandy','Hanson','931-019-4385','john40@hotmail.com','2013-11-12','Male',6094,' Linda PlazaPort Rachel\, ID 07156 ','Bhopal','Bhilai','Delhi',644516,374343,5,'Category Head','2034-11-12'),
(43,'William','Taylor','775-359-0932','tannersanchez@yahoo.com','1934-11-03','Others',2706,' Joshua Valleys Suite 266Seanstad\, TX 43673 ','Dharwad','Panipat','Assam',480397,347857,9,'Category Head','1955-11-03'),
(44,'Jeffrey','Hale','158-453-8182','gvega@yahoo.com','1992-09-20','Male',8405,' Jennifer UnderpassLake Andrew\, NE 48331 ','Sangrur','Allahabad','Uttar Pradesh',163512,590029,10,'Category Head','2013-09-20'),
(45,'Bryan','Harmon','539-429-8524','xallen@gmail.com','1946-07-24','Female',9447,' Tony Ways Apt. 724Port Melissa\, IL 16306 ','Noklak','kochi','Uttarakhand',089137,550895,9,'Worker','1967-07-24'),
(46,'Scott','Jones','923-330-2117','isaiah90@hotmail.com','1938-01-22','Others',4610,' 6761\, Box 6769APO AE 07680 ','Nuapada','Mumbai','Assam',567492,182756,9,'Worker','1959-01-22'),
(47,'Pamela','Jones','846-800-1258','bwright@hotmail.com','1944-03-27','Male',8319,' LynchFPO AA 34473 ','Palghar','Panipat','Madhya Pradesh',358572,516282,6,'Worker','1965-03-27'),
(48,'James','Wells','561-372-6174','john36@hotmail.com','1995-01-16','Male',8023,' Mckinney Garden Suite 896Tylerview\, NY 06713 ','Erode','Agartala','Uttarakhand',709077,945140,7,'Worker','2016-01-16'),
(49,'Mrs.','Mary','220-416-3976','thomasmelendez@hotmail.com','1968-05-01','Others',2530,' Kerr FordFitzpatricktown\, KS 25260 ','Botad','Agartala','Andhra Pradesh',748964,379985,5,'Worker','1989-05-01'),
(50,'Michael','Woods','960-569-5798','qmoss@yahoo.com','1942-07-13','Female',7141,' Kimberly Coves Suite 935North Samantha\, NM 71421 ','Araria','Navi Mumbai','Chandigarh',912543,578347,10,'Worker','1963-07-13'),
(51,'Christine','Schmidt','538-761-4894','deborah72@yahoo.com','2006-10-17','Others',2546,' Jamie JunctionsChavezton\, WA 64320 ','Imphal East','Ludhiana','Goa',108606,901505,6,'Delivery Person','2027-10-17'),
(52,'Jacqueline','Valdez','381-521-2366','susanaguirre@yahoo.com','1965-03-11','Male',6575,' Stacey IslandsEdwardview\, MN 49419 ','Mandi','Agartala','Goa',460288,637999,10,'Category Head','1986-03-11'),
(53,'Catherine','Barton','532-410-1120','murphycatherine@gmail.com','1994-10-02','Male',7280,' Cook Creek Apt. 695New Logan\, AK 25102 ','Bhopal','Vadodara','Delhi',352053,145858,3,'Category Head','2015-10-02'),
(54,'Stacy','Patel','112-124-3296','galvannicole@yahoo.com','1960-09-08','Male',9321,' Travis Summit Suite 457Hernandezmouth\, IA 21854 ','Baksa','Faridabad','Lakshadweep',560567,398534,7,'Category Head','1981-09-08'),
(55,'William','Smith','827-758-8784','burtonricardo@hotmail.com','2013-02-26','Others',1298,' Kimberly Route Suite 396Lake Julieport\, OK 12176 ','Jind','Guwahati','Chandigarh',192779,347341,3,'Worker','2034-02-26'),
(56,'Michael','Bowen','469-463-1670','clarkpatrick@yahoo.com','2010-01-27','Male',4498,' David Mountains Apt. 996Kathleenside\, NV 16937 ','Jind','Lucknow','West Bengal',832780,759575,7,'Worker','2031-01-27'),
(57,'Carmen','Wilson','900-149-7158','leslie21@yahoo.com','1929-06-19','Others',5256,' Mary Spring Suite 467Vazquezchester\, MI 75350 ','Ukhrul','Gopalpur','Maharashtra',983710,198283,7,'Worker','1950-06-19'),
(58,'Curtis','Kidd','745-028-4833','catherineday@hotmail.com','1945-08-04','Male',9478,' Hannah MeadowsCampbellside\, MT 13976 ','Dharwad','Delhi','Daman and Diu',486634,610706,9,'Worker','1966-08-04'),
(59,'Monica','Johnson','502-790-1056','dillonbryce@hotmail.com','1987-06-06','Others',2112,' Mendoza KnollErikfort\, OH 32399 ','Ri Bhoi','Rajpur','Kerala',491708,826201,4,'Worker','2008-06-06'),
(60,'Brett','Blevins','584-622-8024','victor58@yahoo.com','1993-01-09','Male',3046,' Garcia Forge Suite 448East Jason\, CA 34360 ','Korea','Ranchi','Orissa',469919,559952,6,'Worker','2014-01-09'),
(61,'Jessica','Jones','539-824-3005','tjohnson@gmail.com','1979-11-18','Others',4070,' Christina PortBeckermouth\, WA 74212 ','Amreli','Nagpur','Andaman and Nicobar',443514,898929,2,'Delivery Person','2000-11-18'),
(62,'Abigail','Campos','937-163-5320','jonesstefanie@yahoo.com','1930-09-11','Female',3069,' Samuel Harbors Apt. 824Christopherland\, WA 52327 ','Balangir','Loni','Mizoram',463342,389670,3,'Category Head','1951-09-11'),
(63,'Jennifer','Tapia','832-771-6203','garciajasmine@yahoo.com','1942-07-29','Male',1441,' Collins SquareLake Kyle\, AR 84372 ','North Goa','Delhi','Madhya Pradesh',304006,810210,3,'Category Head','1963-07-29'),
(64,'Andrea','Hamilton','981-385-9718','erica84@yahoo.com','1998-11-03','Female',7204,' Gonzalez Plains Suite 333Port Justinshire\, TN 71134 ','Dibrugarh','Panipat','Goa',846051,848146,7,'Category Head','2019-11-03'),
(65,'Leah','Anderson','781-422-3064','nicholasmartin@yahoo.com','1958-04-04','Others',6754,' Kennedy Roads Apt. 649East Pamela\, SD 87543 ','Visakhapatnam','Arrah','Delhi',692484,995235,9,'Worker','1979-04-04'),
(66,'Justin','Owen','271-144-3062','esmith@gmail.com','2013-03-22','Male',1236,' Bailey InletNew Jennifer\, OR 63931 ','Kishanganj','Dehradun','Karnataka',838118,448312,6,'Worker','2034-03-22'),
(67,'Olivia','Patterson','749-788-2835','kmunoz@gmail.com','1912-07-29','Others',5447,' Marissa Glens Suite 204Mooreberg\, OR 80070 ','North Goa','Erode','Nagaland',730682,209270,7,'Worker','1933-07-29'),
(68,'Kenneth','Patel','986-125-2353','barbarapineda@hotmail.com','1957-09-23','Female',5733,' Preston CenterSouth Loganbury\, NV 48461 ','Idukki','Kolhapur','Haryana',389490,653507,6,'Worker','1978-09-23'),
(69,'Shaun','Mendoza','892-300-6582','ashleyanderson@hotmail.com','1909-01-25','Female',8716,' Franklin CenterClementsville\, AK 27812 ','Aravalli','Meerut','Haryana',329992,915788,6,'Worker','1930-01-25'),
(70,'Richard','Mcdaniel','360-658-8548','asmith@gmail.com','1984-11-26','Others',7690,' Harrison Trail Apt. 393Lake Kristieview\, NJ 02663 ','Idukki','Jaipur','Telangana',272003,704779,2,'Worker','2005-11-26'),
(71,'Alex','Warner','984-878-1810','garciajay@gmail.com','1972-08-27','Male',4005,' 8394 Box 5662DPO AP 65703 ','Dhubri','Jammu','Nagaland',463907,514779,4,'Delivery Person','1993-08-27'),
(72,'Matthew','Evans','202-303-8345','manuel33@yahoo.com','1980-06-25','Male',5477,' Evans GardensWhitneytown\, PA 06647 ','East Garo Hills','Imphal','Assam',313469,453854,4,'Category Head','2001-06-25'),
(73,'Larry','Moon','532-521-6893','danielle01@yahoo.com','2000-07-17','Female',5299,' Gordon IsleWest Stephen\, DE 81968 ','Sangrur','Dhule','Lakshadweep',172483,978259,5,'Category Head','2021-07-17'),
(74,'Christine','Caldwell','671-666-9703','henry44@hotmail.com','1909-10-08','Male',9679,' Ayala PrairieRavenbury\, AR 19448 ','Gaya','Howrah','Puducherry',479698,433893,1,'Category Head','1930-10-08'),
(75,'Jennifer','Morgan','206-529-8954','michellenunez@yahoo.com','1908-08-19','Female',5406,' Davis IslandRogerland\, ND 23115 ','Kinnaur','Meerut','Karnataka',948536,351286,1,'Worker','1929-08-19'),
(76,'Carol','West','911-791-2201','jesserodriguez@hotmail.com','2012-07-03','Female',8803,' 2235\, Box 5210APO AP 14151 ','Chamba','Solapur','Rajasthan',574736,691989,2,'Worker','2033-07-03'),
(77,'Dale','Delgado','229-716-0578','maryholden@hotmail.com','2014-01-10','Male',9640,' Candice Mill Apt. 731Russellmouth\, MT 78482 ','Gaya','Pune','Goa',674723,646180,9,'Worker','2035-01-10'),
(78,'Ruben','Campbell','493-116-6238','bairdcynthia@yahoo.com','1950-12-25','Female',4306,' Christopher UnionEast Patriciaborough\, NE 71441 ','Solan','Ludhiana','Karnataka',042105,459015,9,'Worker','1971-12-25'),
(79,'Timothy','Reeves','258-740-4947','kimmcfarland@yahoo.com','1910-10-30','Others',2477,' Sheila Lakes Suite 455Riggsmouth\, WV 93474 ','Mandi','Arrah','Gujarat',820947,406862,3,'Worker','1931-10-30'),
(80,'Luis','Clark','560-091-9865','tmunoz@gmail.com','2002-12-29','Male',6157,' Shawn Via Suite 299Morganberg\, NH 58060 ','Ahmedabad','Jabalpur','Madhya Pradesh',484037,884895,3,'Worker','2023-12-29'),
(81,'Jessica','Patterson','696-631-8722','rogermontoya@gmail.com','2020-01-28','Male',9584,' 7863 Box 5432DPO AE 82017 ','Ri Bhoi','Pune','Dadra and Nagar Haveli',400598,873565,6,'Delivery Person','2041-01-28'),
(82,'James','Brewer','155-368-1708','murraytimothy@yahoo.com','1989-06-25','Others',8617,' Smith Stream Apt. 102New Ericchester\, AL 25138 ','Ranchi','Durgapur','Puducherry',883431,804331,10,'Category Head','2010-06-25'),
(83,'Tammy','Wilson','439-216-4760','pamelahernandez@yahoo.com','1963-05-09','Others',9000,' Michael KeyKimberlyfort\, OH 97454 ','Dausa','Avadi','Delhi',627730,292346,7,'Category Head','1984-05-09'),
(84,'Debbie','James','980-443-2617','ericksoncourtney@hotmail.com','2014-11-19','Female',6592,' Morgan Flats Apt. 212New Timothy\, ID 34537 ','Balod','Gorakhpur','Mizoram',934324,710396,9,'Category Head','2035-11-19'),
(85,'Troy','Zimmerman','286-419-8540','judith53@hotmail.com','1958-08-29','Female',9497,' Moore Green Suite 959West Mark\, CT 36203 ','Kiphire','Delhi','Bihar',695877,661997,4,'Worker','1979-08-29'),
(86,'Michael','Mayo','628-594-6777','aweeks@gmail.com','1942-05-10','Male',9496,' Combs Neck Apt. 831Stephenstad\, HI 29950 ','Firozpur','Sagar','Rajasthan',313206,482160,7,'Worker','1963-05-10'),
(87,'Scott','Thomas','178-538-8639','monica27@yahoo.com','1957-04-13','Others',3274,' Peter View Suite 816West Crystalstad\, MA 40021 ','Tirap','Kutti','Arunachal Pradesh',900240,682465,9,'Worker','1978-04-13'),
(88,'Elizabeth','Davis','804-716-9274','lauraperry@hotmail.com','1935-03-31','Male',1093,' Susan Views Suite 270Ashleyburgh\, MN 06375 ','Manyam','Guwahati','Meghalaya',200190,722596,2,'Worker','1956-03-31'),
(89,'Colleen','Johnson','481-090-6090','mgood@yahoo.com','1943-01-08','Male',2816,' Petty GatewayTerrytown\, NJ 72350 ','Ahmedabad','Amritsar','Karnataka',856156,510223,4,'Worker','1964-01-08'),
(90,'Crystal','Luna','925-185-7174','christopher05@gmail.com','1997-09-24','Male',4575,' 5761\, Box 8145APO AP 58752 ','Wayanad','Solapur','Goa',309242,173028,1,'Worker','2018-09-24'),
(91,'Justin','Ward','397-626-9128','boyledenise@yahoo.com','1907-02-26','Male',9814,' Powell Port Suite 490Davidmouth\, UT 76119 ','Sangrur','Solapur','Kerala',088899,545288,5,'Delivery Person','1928-02-26'),
(92,'Matthew','Munoz','898-146-7933','contrerasshawn@hotmail.com','1953-11-23','Female',5071,' Catherine Parks Suite 613West Patriciaburgh\, KY 58643 ','Aurangabad','Patiala','Haryana',480802,193048,9,'Category Head','1974-11-23'),
(93,'Luis','Knapp','711-274-3600','colleen27@hotmail.com','1981-09-28','Female',4217,' 1038\, Box 8144APO AP 94827 ','Noklak','Agra','Tamil Nadu',452697,532008,1,'Category Head','2002-09-28'),
(94,'Lisa','Alvarez','186-638-7656','mccoyjennifer@yahoo.com','1982-05-30','Female',7059,' Munoz MallPort John\, CT 30566 ','Chamba','Avadi','Tamil Nadu',355165,348962,8,'Category Head','2003-05-30'),
(95,'Holly','Mccarty','485-066-1865','dthomas@gmail.com','1993-09-13','Male',6236,' 9792 Box 4969DPO AE 15698 ','South Goa','kota','Delhi',686304,999096,3,'Worker','2014-09-13'),
(96,'Tiffany','Ross','150-551-4867','rdiaz@gmail.com','1978-11-15','Others',9563,' Hunt RunEast Aprilberg\, WI 82697 ','Ranchi','Gurgaon','Manipur',322154,123997,9,'Worker','1999-11-15'),
(97,'Joseph','Jacobson','417-560-5618','qkramer@yahoo.com','1929-03-19','Others',9756,' Day Burgs Suite 262Jasmineburgh\, AZ 38331 ','Balod','Imphal','Haryana',170509,797883,5,'Worker','1950-03-19'),
(98,'Blake','Lewis','984-185-7091','barbara32@gmail.com','2014-11-13','Others',6580,' Michele Route Apt. 061West Jeffreyland\, OK 07563 ','Wayanad','Meerut','Maharashtra',044842,131812,9,'Worker','2035-11-13'),
(99,'Dalton','Elliott','335-411-3647','daniel66@gmail.com','1912-06-26','Male',7003,' Ryan Manor Apt. 682Burtonchester\, NY 70243 ','Bharuch','Erode','Tamil Nadu',301563,589756,5,'Worker','1933-06-26'),
(100,'Andrew','Miller','337-308-3575','kathrynmiller@gmail.com','1980-07-28','Female',9910,' Ward Path Suite 033Davidtown\, AR 05995 ','Goalpara','Agartala','Karnataka',107539,283250,8,'Worker','2001-07-28'),
(101,'David','Ortiz','485-217-6840','thomaskimberly@yahoo.com','1938-06-06','Male',7607,' 0334 Box 1817DPO AA 55295 ','Mansa','Navi Mumbai','Maharashtra',012040,557381,4,'Delivery Person','1959-06-06'),
(102,'Julie','Salazar','800-855-8972','martinezethan@hotmail.com','1907-01-29','Male',5177,' CarterFPO AA 54639 ','Kurukshetra','Ajmer','Uttar Pradesh',380061,827232,7,'Category Head','1928-01-29'),
(103,'Mrs.','Lori','566-273-3589','katrina28@yahoo.com','1948-04-28','Male',8197,' Rebecca Freeway Apt. 209South Tim\, FL 72265 ','Ri Bhoi','Kolhapur','Mizoram',898368,464924,8,'Category Head','1969-04-28'),
(104,'Brian','Thomas','988-130-3666','corey32@yahoo.com','1942-09-12','Male',1369,' Peter Junction Apt. 583West Jason\, NJ 13732 ','Bhagalpur','Dehradun','Rajasthan',000868,484983,1,'Category Head','1963-09-12'),
(105,'Justin','Jackson','229-252-1113','lesliemay@hotmail.com','1924-12-16','Male',5105,' Deanna MountainsAdamborough\, OR 96751 ','Banka','Chennai','Telangana',306855,886058,8,'Worker','1945-12-16'),
(106,'Ryan','Dean','306-368-3596','nicholaspaul@gmail.com','1917-07-27','Female',2940,' Kristie SummitWest Jeremiah\, NY 35241 ','Sangrur','Jabalpur','Uttar Pradesh',797917,265249,8,'Worker','1938-07-27'),
(107,'Christina','Day','537-558-9062','bradleyproctor@gmail.com','1958-12-12','Others',6261,' Brandon FreewaySouth Kyleberg\, WI 08903 ','Jhabua','Allahabad','Manipur',733584,587371,9,'Worker','1979-12-12'),
(108,'Heather','Gibson','412-887-7058','barry68@hotmail.com','1980-03-28','Female',3502,' Cordova MotorwayJosephchester\, ND 45284 ','Chitradurga','Gopalpur','Uttarakhand',870367,279004,8,'Worker','2001-03-28'),
(109,'Gloria','Olson','353-324-5420','morrislaura@gmail.com','2014-08-01','Others',3176,' Oliver Mountains Apt. 761New Wendy\, ND 20974 ','Dharwad','Ajmer','Gujarat',451340,504849,8,'Worker','2035-08-01'),
(110,'Heather','Villanueva','707-200-3861','edwardwood@gmail.com','2005-05-13','Others',7360,' Calderon RoadGallowayview\, CA 24995 ','Balod','Amritsar','Dadra and Nagar Haveli',837199,979848,8,'Worker','2026-05-13'),
(111,'Ashley','Clay','919-863-8558','hsawyer@hotmail.com','1910-12-30','Male',4214,' Donna Corner Apt. 396West Yvonnefort\, AR 82469 ','Alwar','Ludhiana','Chandigarh',942311,631263,10,'Delivery Person','1931-12-30'),
(112,'Patricia','Martinez','770-108-3447','justin96@hotmail.com','1910-12-02','Female',2225,' Atkins HollowPattonfort\, CT 43452 ','Pune','Pune','Meghalaya',327304,623385,10,'Category Head','1931-12-02'),
(113,'Ellen','Walker','406-613-6311','ncabrera@yahoo.com','1966-11-05','Female',8640,' Johnny RidgesWest Shirleyberg\, IN 05256 ','North Goa','kota','Lakshadweep',040152,737363,3,'Category Head','1987-11-05'),
(114,'Andrew','Cochran','217-041-6014','gsmith@gmail.com','1909-08-17','Others',5254,' Chambers MeadowsSouth Donaldside\, AZ 77400 ','Aurangabad','Jabalpur','Chhattisgarh',676193,855920,6,'Category Head','1930-08-17'),
(115,'Mr.','Ronald','193-283-8326','delliott@hotmail.com','1909-09-20','Others',3878,' Jackson Keys Suite 872North Anastad\, AZ 83007 ','Udupi','Mumbai','Assam',292542,488125,6,'Worker','1930-09-20'),
(116,'Richard','Carlson','199-491-3841','alexandra44@hotmail.com','1906-06-22','Others',3139,' Dominguez Drives Suite 421South Leahborough\, DC 12791 ','Nalbari','kota','Andhra Pradesh',040236,591830,1,'Worker','1927-06-22'),
(117,'David','Huynh','417-506-4936','christopher71@yahoo.com','1911-11-24','Others',4499,' Parrish Estate Apt. 078West Andrewstad\, ND 95879 ','Korba','Navi Mumbai','Telangana',902420,362177,9,'Worker','1932-11-24'),
(118,'Christine','Bell','580-312-1001','kathrynmedina@gmail.com','1976-11-21','Male',9331,' Michael TrackWest Cynthiaburgh\, NJ 78082 ','Ajmer','Indore','Rajasthan',931036,856940,2,'Worker','1997-11-21'),
(119,'Jared','Espinoza','778-200-6714','susanbailey@hotmail.com','1961-12-19','Male',4293,' King Fields Suite 501North Jesseborough\, HI 91565 ','Anjaw','kota','Goa',911593,748300,9,'Worker','1982-12-19'),
(120,'Anthony','Lopez','401-012-6578','ashleyjones@yahoo.com','1982-12-24','Male',5215,' Alvarez Circles Apt. 634North Loriport\, OR 32160 ','Hingoli','Karur','Chhattisgarh',100041,754840,2,'Worker','2003-12-24'),
(121,'Taylor','Smith','275-716-6766','vgarner@yahoo.com','1911-09-05','Male',6028,' Michael Ridges Apt. 986Cortezview\, IL 45023 ','Serchhip','Nashik','Lakshadweep',866605,287302,2,'Delivery Person','1932-09-05'),
(122,'Christine','Thompson','578-518-3702','kathryn30@yahoo.com','1999-12-16','Others',2529,' Hannah Field Apt. 607Marychester\, IA 66873 ','Ranchi','Firozabad','Kerala',085160,318847,5,'Category Head','2020-12-16'),
(123,'Jacqueline','Mcdonald','657-069-0246','suzannesanchez@hotmail.com','1930-05-26','Male',6858,' Amanda GlenLake Anitahaven\, AL 11287 ','Pakyong','Ranchi','Bihar',134171,344814,7,'Category Head','1951-05-26'),
(124,'Dr.','Jenny','422-019-7781','sean54@yahoo.com','1915-11-20','Male',9205,' Cox Causeway Apt. 039Grayhaven\, CT 86449 ','Anakapalli','Indore','Telangana',148196,675547,8,'Category Head','1936-11-20'),
(125,'Mario','Thomas','354-348-9858','jeffrey81@gmail.com','1919-04-24','Others',5887,' Gregory ShoalsBeckyfort\, NM 91174 ','Ranchi','Cuttack','Kerala',259998,141562,5,'Worker','1940-04-24'),
(126,'Adrian','Brooks','453-703-0963','ncollins@gmail.com','1935-08-06','Male',2237,' Smith UnderpassNew Leonardshire\, MO 93777 ','Udupi','Avadi','Arunachal Pradesh',361135,659000,7,'Worker','1956-08-06'),
(127,'John','Collins','270-737-0148','amytaylor@gmail.com','1912-12-16','Female',1727,' Lewis IsleJonathantown\, ID 60068 ','Ri Bhoi','Arrah','Madhya Pradesh',924068,379045,3,'Worker','1933-12-16'),
(128,'Rebecca','Jordan','811-337-4513','deanbrennan@yahoo.com','2015-05-25','Female',4062,' Hart ViewsTiffanyland\, WV 59924 ','Senapati','Gurgaon','Gujarat',115752,672038,9,'Worker','2036-05-25'),
(129,'Taylor','Jones','221-601-8264','nicolebrown@gmail.com','1907-11-17','Female',8322,' Poole Freeway Apt. 625New Kathy\, RI 74615 ','Gaya','Chennai','Punjab',277950,672304,8,'Worker','1928-11-17'),
(130,'Brian','Harrison','672-416-1329','jennifer73@gmail.com','1982-09-15','Female',7259,' Michelle Track Apt. 039Rodriguezbury\, TX 12781 ','Bokaro','Amritsar','Kerala',691846,739018,9,'Worker','2003-09-15'),
(131,'Alexis','Carter','688-443-4406','cruzjerry@yahoo.com','2007-07-14','Male',8660,' Joyce AlleyEast Patriciaberg\, NV 61287 ','Alwar','Bangalore','Madhya Pradesh',752862,473920,6,'Delivery Person','2028-07-14'),
(132,'Dale','Robinson','453-808-7913','wwu@yahoo.com','1935-07-25','Female',9235,' Rhonda Skyway Suite 423South Stacie\, AK 59428 ','Ajmer','Meerut','Tamil Nadu',712424,851059,6,'Category Head','1956-07-25'),
(133,'Christopher','Walter','416-215-3621','dawn09@gmail.com','1940-06-13','Male',2054,' Allen Locks Suite 441Comptonstad\, CO 64011 ','Kiphire','Mysore','Dadra and Nagar Haveli',908720,346700,2,'Category Head','1961-06-13'),
(134,'Ashley','Brown','669-424-9689','patrickparker@yahoo.com','2006-05-27','Female',7947,' Rojas ParkwaysNorth Justin\, DE 77612 ','Raipur','Kollam','Andaman and Nicobar',740947,975422,1,'Category Head','2027-05-27'),
(135,'Cheryl','Garza','140-677-4186','alexandrarichardson@hotmail.com','2015-09-11','Female',2136,' Jacqueline Terrace Suite 786Alexandermouth\, WA 16364 ','Jhabua','Hyderabad','Chandigarh',299225,428022,2,'Worker','2036-09-11'),
(136,'Kari','Davis','742-852-5938','ttapia@gmail.com','1980-12-14','Others',4426,' Ellis GreenNew David\, MN 84589 ','Korea','Akola','Assam',116088,384450,3,'Worker','2001-12-14'),
(137,'Amanda','White','567-419-7078','pennygeorge@yahoo.com','1975-02-11','Male',8074,' Grace Shores Apt. 497Phelpsside\, WY 11683 ','Datia','Solapur','Telangana',458443,661927,5,'Worker','1996-02-11'),
(138,'David','Wilson','181-673-7719','allison77@gmail.com','1971-04-03','Others',7968,' Mcgee UnionRonaldstad\, NJ 36731 ','Firozpur','Meerut','Tamil Nadu',089940,469725,7,'Worker','1992-04-03'),
(139,'Vanessa','Keith','942-249-9863','rnunez@yahoo.com','1995-08-05','Male',4143,' Melanie StreetsPetersonmouth\, OR 55127 ','Aurangabad','Jaipur','Daman and Diu',459802,285802,10,'Worker','2016-08-05'),
(140,'Felicia','Serrano','210-656-3385','ronaldfranco@gmail.com','1934-08-31','Female',3978,' Grace Turnpike Suite 265West Daniel\, NM 17530 ','Hingoli','kolkata','Daman and Diu',778767,120752,6,'Worker','1955-08-31'),
(141,'Jeffrey','Juarez','779-848-2237','diazkyle@hotmail.com','1963-02-26','Female',1429,' Palmer OverpassDodsonbury\, NC 76678 ','Bellary','Jaipur','Tripura',401592,756090,5,'Delivery Person','1984-02-26'),
(142,'Amy','Hodge','151-396-5811','smithvalerie@hotmail.com','1972-05-18','Female',4596,' Rodriguez Fords Apt. 971Sandersshire\, MT 35098 ','Bellary','Indore','Madhya Pradesh',193737,388349,3,'Category Head','1993-05-18'),
(143,'Joel','Ray','802-381-5336','ashleymccoy@yahoo.com','1994-06-04','Male',1219,' Thomas Center Suite 942East Steven\, HI 03760 ','Botad','Erode','Jharkhand',973717,279008,1,'Category Head','2015-06-04'),
(144,'Heather','Barber','384-372-2150','whiteandrea@hotmail.com','1967-07-17','Male',3048,' Tina BridgeLeachport\, AZ 87620 ','Ri Bhoi','Jaipur','Dadra and Nagar Haveli',502458,274433,4,'Category Head','1988-07-17'),
(145,'Justin','Singh','704-736-6006','zbarrett@yahoo.com','2009-06-29','Male',9280,' Edward FreewayJacobland\, KS 53190 ','Baksa','Firozabad','Haryana',463592,406878,9,'Worker','2030-06-29'),
(146,'Lee','Fowler','417-370-4747','julie46@yahoo.com','2016-05-16','Female',2555,' Rios HeightsWest Raymond\, IL 72929 ','Korea','Ahmedabad','Telangana',933846,873187,8,'Worker','2037-05-16'),
(147,'Gary','Johnson','230-162-4819','nthompson@hotmail.com','2014-12-07','Female',3894,' 3425 Box 1680DPO AE 14088 ','Palghar','Bikaner','Nagaland',955581,743780,8,'Worker','2035-12-07'),
(148,'Carlos','Rojas','639-119-6863','kevin24@yahoo.com','1932-04-14','Female',4923,' Turner CausewayWest Josephshire\, ID 03238 ','Manyam','Ranchi','Manipur',860293,645216,4,'Worker','1953-04-14'),
(149,'David','Kaufman','641-046-3027','caitlyn22@gmail.com','1957-08-08','Others',4740,' Evelyn Shoal Apt. 700Murrayborough\, PA 40332 ','Bokaro','Nashik','Lakshadweep',185783,318289,2,'Worker','1978-08-08'),
(150,'Jennifer','Johnson','632-277-4784','tsmith@yahoo.com','2013-08-10','Female',3975,' Mayer Summit Apt. 316Port Patricia\, MO 82390 ','Ranchi','Agra','Orissa',408395,998237,3,'Worker','2034-08-10'),
(151,'Kristina','Smith','334-762-3271','woodhunter@hotmail.com','1927-06-09','Male',5726,' Samantha Rue Apt. 240Mayerside\, WV 50344 ','Belgaum','Lucknow','Nagaland',497471,443881,6,'Delivery Person','1948-06-09'),
(152,'Martin','Lee','508-531-1507','amanda18@yahoo.com','1993-05-23','Others',7491,' Velez ValleyNorth Susanstad\, MO 41169 ','Guna','Avadi','Bihar',519197,731243,8,'Category Head','2014-05-23'),
(153,'Michelle','Garcia','582-563-4350','zhoffman@gmail.com','1985-04-15','Male',6509,' Moore RadialScottside\, CO 39807 ','Ambala','Aizwal','Gujarat',274295,417600,10,'Category Head','2006-04-15'),
(154,'Mary','Hatfield','669-494-1431','brian52@gmail.com','1917-02-18','Others',3967,' Ashley BranchBrendamouth\, NY 95338 ','Vaishali','Erode','Assam',626617,713345,2,'Category Head','1938-02-18'),
(155,'Luke','Smith','445-706-5440','cranedaniel@hotmail.com','1990-07-12','Female',3008,' Hines CrossroadCaldwellview\, KY 49937 ','Baksa','Hyderabad','Maharashtra',788856,416811,5,'Worker','2011-07-12'),
(156,'Matthew','Martin','335-446-9366','vanessarowe@yahoo.com','1955-04-14','Others',5106,' Brown GardensRoweshire\, WI 92855 ','Kiphire','Delhi','Bihar',038023,667678,2,'Worker','1976-04-14'),
(157,'Lisa','Wilson','677-583-7989','moorebrianna@hotmail.com','1990-11-09','Female',7034,' Beth Gateway Suite 487Port Jessicafort\, KY 63596 ','East Garo Hills','Firozabad','Chandigarh',990799,996151,4,'Worker','2011-11-09'),
(158,'Kristen','Leblanc','194-687-1022','jenniferhuffman@yahoo.com','1945-06-22','Female',7269,' Christopher Springs Apt. 236West Christine\, ID 15508 ','Bokaro','Howrah','Lakshadweep',935403,558717,9,'Worker','1966-06-22'),
(159,'Derrick','Tate','478-231-3585','quinnjacqueline@gmail.com','1945-09-07','Male',8682,' 4456\, Box 7278APO AP 88568 ','Patan','Agra','Karnataka',619416,440845,7,'Worker','1966-09-07'),
(160,'Casey','Glass','419-864-9010','jason06@hotmail.com','1999-04-15','Female',4181,' 0688 Box 0652DPO AE 43816 ','Bellary','Nagpur','Kerala',714113,828183,5,'Worker','2020-04-15'),
(161,'Rachel','Perez','613-735-1870','burnsamber@yahoo.com','1985-06-05','Female',9836,' Brian OverpassSouth Adam\, VA 06567 ','Aizawl','Vadodara','Uttarakhand',576134,541787,5,'Delivery Person','2006-06-05'),
(162,'Mrs.','Amy','337-625-2406','iking@yahoo.com','1991-03-11','Female',3675,' Erin Plaza Apt. 325East Christinaland\, MN 21418 ','Ajmer','Hyderabad','Madhya Pradesh',861265,813330,10,'Category Head','2012-03-11'),
(163,'Mr.','Seth','894-475-1972','jfoster@hotmail.com','1944-01-18','Others',8709,' Yvonne Lodge Suite 225Shannonfort\, GA 76205 ','Kurukshetra','Gurgaon','West Bengal',090596,305863,3,'Category Head','1965-01-18'),
(164,'Angela','Mcdonald','158-642-2782','jasonburnett@gmail.com','1998-09-11','Others',2059,' Smith Prairie Apt. 150Lake Sharonport\, RI 29150 ','Gaya','kolkata','Puducherry',369545,638198,1,'Category Head','2019-09-11'),
(165,'Ms.','Jeanne','142-363-0841','cassandragrant@gmail.com','2001-01-25','Others',1139,' Elizabeth MountainsDonnaberg\, NJ 06018 ','Bokaro','Kollam','Arunachal Pradesh',651172,769552,9,'Worker','2022-01-25'),
(166,'Hayley','Zavala','183-730-5777','schaeferhannah@hotmail.com','1919-01-14','Others',6848,' Peter Ranch Apt. 943North William\, FL 59054 ','Kapurthala','Ludhiana','Jharkhand',058474,978919,8,'Worker','1940-01-14'),
(167,'Robert','Brewer','231-727-5431','fowlercandace@gmail.com','1969-03-04','Female',7635,' Nelson Cove Suite 906Heatherport\, TX 14399 ','Kapurthala','Loni','Punjab',563997,813062,2,'Worker','1990-03-04'),
(168,'Spencer','Perry','394-665-4162','haleymurray@gmail.com','2019-07-14','Female',7782,' Barnett HarborsThomastown\, NE 94094 ','Anjaw','Imphal','Uttarakhand',842611,555300,2,'Worker','2040-07-14'),
(169,'Rachel','Schmidt','728-752-1315','cody77@yahoo.com','1966-01-06','Female',1772,' WilliamsonFPO AA 78868 ','Udupi','Cuttack','Goa',666293,299691,3,'Worker','1987-01-06'),
(170,'Scott','Harris','918-782-1960','jason54@gmail.com','1930-05-06','Others',4828,' Mitchell IsleEast Donna\, OR 85554 ','Belgaum','Chennai','Rajasthan',793125,382680,9,'Worker','1951-05-06'),
(171,'William','Alvarado','999-424-7229','josephbarnett@yahoo.com','1974-01-06','Female',1423,' Lopez Divide Suite 806Lake James\, RI 57811 ','Guna','Agra','Madhya Pradesh',613198,828972,9,'Delivery Person','1995-01-06'),
(172,'Margaret','White','684-119-3237','paulmoore@gmail.com','1962-10-11','Male',6340,' Amanda Underpass Suite 316Ayalaview\, NH 63528 ','Hingoli','Firozabad','Dadra and Nagar Haveli',267999,621453,9,'Category Head','1983-10-11'),
(173,'Sean','Sanchez','157-335-2515','alexanderpam@hotmail.com','1923-12-20','Others',1580,' Solis Plaza Suite 493Lydiaberg\, NV 50684 ','Kiphire','Alwar','Himachal Pradesh',965638,103805,1,'Category Head','1944-12-20'),
(174,'Malik','Roberson','957-559-8043','morganamanda@gmail.com','2013-02-01','Others',2389,' Hernandez ParkwaysEricview\, MI 84338 ','Aurangabad','Bhopal','Delhi',715631,414217,5,'Category Head','2034-02-01'),
(175,'Gary','Allen','447-836-3000','sandovaldouglas@gmail.com','2014-05-28','Others',5562,' 4129\, Box 0048APO AP 29917 ','Palwal','Dhule','Kerala',127674,533951,9,'Worker','2035-05-28'),
(176,'Tammy','Grant','920-819-3251','taylorcindy@yahoo.com','1978-08-20','Female',1809,' Cynthia HillsNew Andrewbury\, NY 13217 ','Solan','Gurgaon','Punjab',632369,534943,5,'Worker','1999-08-20'),
(177,'Elijah','Caldwell','482-003-8802','whitegeorge@yahoo.com','1914-10-26','Female',2690,' Smith Lights Apt. 329South Kevin\, DE 92652 ','Nuapada','Bellary','Puducherry',992329,335725,5,'Worker','1935-10-26'),
(178,'Michael','Campbell','141-803-0762','erosario@yahoo.com','2002-04-01','Female',1878,' Christopher Inlet Apt. 240North Christopherside\, KS 95950 ','Firozpur','Amritsar','Dadra and Nagar Haveli',137452,762193,2,'Worker','2023-04-01'),
(179,'Aaron','Adams','173-270-8320','jordanjeffrey@gmail.com','1979-01-05','Male',3484,' Taylor Villages Apt. 094Burgessmouth\, FL 59065 ','Erode','Faridabad','Goa',737516,176447,9,'Worker','2000-01-05'),
(180,'Teresa','Freeman','216-598-3009','wendy87@gmail.com','1974-08-09','Female',4892,' Wilson Isle Apt. 090Lake Larry\, AR 85264 ','Durg','Alwar','Daman and Diu',269163,416487,9,'Worker','1995-08-09'),
(181,'Sabrina','Sullivan','350-668-6347','susan13@gmail.com','1968-05-20','Female',6088,' Jodi ExtensionsBesthaven\, CT 60242 ','Botad','Howrah','Uttar Pradesh',866710,724736,1,'Delivery Person','1989-05-20'),
(182,'Jacob','Hess','408-866-2835','bellkenneth@yahoo.com','1951-01-17','Female',8230,' Shane CurveHarrellborough\, AK 64293 ','Ajmer','Gopalpur','Kerala',119371,452609,10,'Category Head','1972-01-17'),
(183,'Todd','Jones','487-634-3772','christina09@hotmail.com','2017-05-13','Others',7230,' Pearson Cliff Apt. 593West Kelly\, ME 95851 ','Sangrur','Avadi','Tamil Nadu',069115,525257,9,'Category Head','2038-05-13'),
(184,'David','Patterson','654-556-5074','elizabeth77@yahoo.com','1969-05-03','Female',4822,' Kayla Loop Suite 150Paulville\, AZ 39729 ','South Goa','Kolhapur','Daman and Diu',290393,335244,10,'Category Head','1990-05-03'),
(185,'Stephanie','Mcdaniel','389-784-1464','freemandiana@hotmail.com','1926-07-25','Female',5305,' Robert Route Apt. 210Ericside\, NE 13997 ','Gaya','Vadodara','Madhya Pradesh',662580,823680,1,'Worker','1947-07-25'),
(186,'Heather','Coleman','755-713-2939','smithkelsey@hotmail.com','1973-07-24','Female',6224,' Parsons Drive Apt. 322Robertburgh\, NY 24875 ','Botad','Jaipur','Assam',943007,516324,9,'Worker','1994-07-24'),
(187,'Eric','Kelly','535-167-3169','ryanlambert@yahoo.com','2001-11-16','Male',7947,' Phyllis Green Suite 869New Allison\, NE 74674 ','Eluru','kolkata','Tripura',498831,191345,5,'Worker','2022-11-16'),
(188,'Stephen','Robinson','403-797-9124','nathan41@hotmail.com','1958-05-23','Female',8765,' Henry CapeNorth Bradleyburgh\, ND 14629 ','Pakyong','Howrah','Puducherry',649537,711690,8,'Worker','1979-05-23'),
(189,'Amanda','Klein','291-214-3087','hudsonjamie@gmail.com','1981-05-04','Others',1184,' John Route Apt. 686Nguyenfort\, CT 51136 ','Bokaro','Loni','Puducherry',173863,965725,4,'Worker','2002-05-04'),
(190,'Colleen','Brown','824-154-3651','emilyjenkins@yahoo.com','1975-10-09','Others',1762,' Margaret ForkRaymouth\, TX 30001 ','Baksa','Pune','Arunachal Pradesh',916847,117494,6,'Worker','1996-10-09'),
(191,'Sheena','Martin','486-683-7219','mathisnicolas@yahoo.com','2020-05-09','Female',6794,' Avila WalksFisherstad\, OH 37476 ','Pune','Ajmer','Orissa',435671,276567,5,'Delivery Person','2041-05-09'),
(192,'Jessica','Williams','500-863-8201','washingtoncheyenne@hotmail.com','1908-05-17','Others',3628,' Odonnell Islands Suite 655North Brent\, ND 47605 ','South Goa','Thane','Meghalaya',386886,760033,10,'Category Head','1929-05-17'),
(193,'Mrs.','Alexis','310-601-2976','william00@yahoo.com','1932-06-26','Male',3715,' Jones BypassLaurastad\, MI 78866 ','Akola','Surat','Chandigarh',780770,910340,7,'Category Head','1953-06-26'),
(194,'John','White','717-479-2803','farmersarah@gmail.com','1940-07-17','Female',8969,' Wagner CenterAnthonyborough\, FL 42427 ','Nuapada','Loni','Delhi',090400,627603,5,'Category Head','1961-07-17'),
(195,'Kylie','Kim','896-412-4747','ddavis@yahoo.com','2013-12-30','Female',6812,' Linda Point Apt. 798New Luisshire\, LA 12093 ','Ranchi','Kollam','Daman and Diu',491682,517743,8,'Worker','2034-12-30'),
(196,'Matthew','Turner','549-680-9327','hernandezjacob@hotmail.com','1985-11-03','Others',4534,' Dixon Falls Apt. 550West Emily\, WI 77989 ','Imphal East','Firozabad','Gujarat',948650,704744,10,'Worker','2006-11-03'),
(197,'Adam','Hodges','172-201-5416','fbooth@gmail.com','1989-05-04','Others',9804,' Crosby Mountains Suite 985Olsenbury\, VA 17748 ','Bokaro','Meerut','Gujarat',662262,696249,3,'Worker','2010-05-04'),
(198,'William','Johnson','217-824-3185','jessica32@hotmail.com','1958-08-08','Male',7669,' Taylor Gateway Suite 731Diazshire\, CA 90534 ','East Garo Hills','Durgapur','Delhi',027320,618231,10,'Worker','1979-08-08'),
(199,'Eric','Diaz','715-320-6958','paynedawn@yahoo.com','1962-03-24','Others',3238,' Matthew Forge Apt. 740Whiteton\, NC 39000 ','Bhopal','Durgapur','Madhya Pradesh',698365,218532,6,'Worker','1983-03-24'),
(200,'David','Hayes','874-460-2554','james52@yahoo.com','1985-01-20','Female',5290,' Miller Lake Apt. 641North Rebeccaside\, IL 89992 ','Kurukshetra','Akola','Arunachal Pradesh',493244,359731,2,'Worker','2006-01-20'),
(201,'Lawrence','Craig','760-860-6489','sheilareed@hotmail.com','1932-04-08','Female',4315,' Ashley Mountains Suite 314Lake Stevenchester\, OH 61228 ','Dharwad','Imphal','Puducherry',846752,478717,2,'Delivery Person','1953-04-08'),
(202,'Justin','Brown','485-130-2426','pereztoni@hotmail.com','2017-08-11','Male',7542,' Ronnie PlazaFieldsside\, VT 25199 ','Bhopal','Rajpur','Jammu and Kashmir',295942,794649,4,'Category Head','2038-08-11'),
(203,'Michael','Hale','579-172-4776','chelseaross@yahoo.com','1947-10-29','Others',5774,' Burton BridgeCamposhaven\, HI 79901 ','Nuapada','Lucknow','Madhya Pradesh',828071,934413,7,'Category Head','1968-10-29'),
(204,'Joyce','Stewart','899-233-6326','james82@gmail.com','2005-06-16','Others',6149,' Julie Canyon Apt. 568Davidview\, RI 17177 ','Firozpur','Srinagar','Uttar Pradesh',688695,871589,1,'Category Head','2026-06-16'),
(205,'Traci','Hurley','422-854-2227','jessicarogers@yahoo.com','1938-09-18','Male',4106,' Jesse Lodge Suite 342Austinhaven\, NE 84019 ','Ranchi','Panipat','Goa',088187,704837,2,'Worker','1959-09-18'),
(206,'Benjamin','Schwartz','261-165-0204','perezkimberly@yahoo.com','1952-12-19','Others',5192,' Mary FallsEast Annport\, HI 58424 ','Botad','Ujjain','Chandigarh',544300,721547,7,'Worker','1973-12-19'),
(207,'Joshua','Willis','530-182-3003','markwilkinson@yahoo.com','2002-03-03','Male',7097,' Tony Center Suite 614Vargasmouth\, NY 56860 ','Bharuch','Meerut','Rajasthan',209596,160439,8,'Worker','2023-03-03'),
(208,'Gina','Patterson','320-369-0047','hornmichael@gmail.com','1993-11-06','Male',9467,' Karen Islands Suite 313West Mercedeshaven\, OR 81244 ','Pune','Amritsar','Andaman and Nicobar',820533,455038,7,'Worker','2014-11-06'),
(209,'Patricia','Parker','195-231-9769','longrobert@yahoo.com','2003-01-01','Others',8807,' Wilcox SquareNew Charles\, TX 43278 ','Korba','Jammu','Jammu and Kashmir',053779,717043,5,'Worker','2024-01-01'),
(210,'Traci','Craig','962-493-1703','mejialawrence@yahoo.com','1932-10-26','Female',4821,' Valerie Square Apt. 288Smithville\, KS 90617 ','Udupi','Ludhiana','Nagaland',723566,429655,5,'Worker','1953-10-26'),
(211,'Jimmy','Morris','580-011-8078','dawn57@gmail.com','1949-06-22','Others',8940,' Ana Skyway Apt. 626Meganton\, MN 13010 ','Anand','Bangalore','Karnataka',711379,111589,5,'Delivery Person','1970-06-22'),
(212,'Deborah','Mueller','534-771-5749','gibbslisa@gmail.com','1913-08-19','Female',7017,' 0504\, Box 7027APO AA 64317 ','Solan','Delhi','Punjab',261806,945280,3,'Category Head','1934-08-19'),
(213,'Melissa','Doyle','713-278-2471','robertsalexander@yahoo.com','1956-05-27','Female',9920,' Jessica StreetLake Catherineshire\, NE 03385 ','Nuapada','Kollam','Maharashtra',932811,673903,5,'Category Head','1977-05-27'),
(214,'Michael','Cabrera','807-868-2784','cwilliams@hotmail.com','1996-07-19','Others',1505,' Miller CliffsPort Robertbury\, AK 17833 ','Ranchi','Erode','West Bengal',943956,273199,4,'Category Head','2017-07-19'),
(215,'Victoria','Evans','997-746-7063','gjackson@gmail.com','2010-05-02','Others',2943,' Cox TrailLake Laurie\, TX 62420 ','Korba','Udaipur','Assam',270553,640225,1,'Worker','2031-05-02'),
(216,'Larry','Whitney','152-018-3392','tross@gmail.com','1969-02-02','Others',3157,' Derek Cape Apt. 839Port Jessica\, TX 15924 ','Ranchi','Guwahati','Uttarakhand',413910,815734,9,'Worker','1990-02-02'),
(217,'Katherine','Koch','573-095-2140','bhall@gmail.com','1908-07-29','Others',7949,' Lisa PinesWest Taylor\, LA 52767 ','Jind','Imphal','Bihar',419261,598495,8,'Worker','1929-07-29'),
(218,'Bobby','Jones','608-281-2721','todd76@yahoo.com','2014-04-08','Male',3814,' Zimmerman TrackNorth Jennifer\, FL 09367 ','Gaya','kota','Puducherry',777284,296678,4,'Worker','2035-04-08'),
(219,'Jacob','Mitchell','670-324-1441','lawrence81@yahoo.com','1998-11-12','Male',9317,' Adam Summit Apt. 992Lake Kaylaport\, DE 09806 ','South Goa','Udaipur','Orissa',289825,493688,4,'Worker','2019-11-12'),
(220,'Nathan','Torres','122-865-3974','rparker@hotmail.com','1987-05-13','Male',9781,' 1644\, Box 8353APO AA 78661 ','Manyam','Udaipur','Himachal Pradesh',930374,566803,1,'Worker','2008-05-13'),
(221,'Joseph','Payne','195-742-8276','daniel04@gmail.com','1983-05-01','Others',9056,' Miller Valley Suite 725Bradyton\, OK 03453 ','Datia','Dehradun','Punjab',922668,572840,10,'Delivery Person','2004-05-01'),
(222,'Jason','Alvarado','199-119-8838','tperez@hotmail.com','1943-10-13','Others',3128,' Hess ShoalSarahfurt\, CO 59059 ','Dhubri','Karur','Sikkim',704916,278395,10,'Category Head','1964-10-13'),
(223,'Brian','Valdez','817-124-9415','maryfisher@gmail.com','1919-03-06','Male',3499,' Jones Springs Apt. 213Gillside\, NH 23393 ','Nalbari','Cuttack','Delhi',565142,107966,2,'Category Head','1940-03-06'),
(224,'Melissa','Dunn','926-844-1643','zjoseph@gmail.com','2010-04-21','Female',6496,' WillisFPO AA 86586 ','Nuapada','Indore','Orissa',697156,691687,5,'Category Head','2031-04-21'),
(225,'Jennifer','Jordan','895-686-9623','krodriguez@hotmail.com','2019-07-31','Male',9763,' Mark TrackSamuelside\, LA 36979 ','North Goa','Patna','Goa',441557,847932,4,'Worker','2040-07-31'),
(226,'Candace','Mitchell','948-331-2075','jamie33@yahoo.com','1919-08-10','Others',2084,' Shirley Oval Apt. 609East Adam\, TX 93214 ','Jhabua','Agartala','Assam',427424,782137,8,'Worker','1940-08-10'),
(227,'Cameron','White','152-834-4339','smithjeff@gmail.com','1910-11-25','Others',9066,' Lee Spur Apt. 699Joneschester\, LA 78311 ','Kinnaur','Agartala','Daman and Diu',575506,987269,6,'Worker','1931-11-25'),
(228,'Megan','Hopkins','213-855-5074','jeffreynewton@hotmail.com','1919-01-23','Male',1751,' Jesse ClubWilliamton\, AL 65258 ','Bhind','Howrah','Andhra Pradesh',296621,810273,3,'Worker','1940-01-23'),
(229,'Tony','Morrow','720-870-6162','amber53@hotmail.com','2003-11-04','Male',7113,' 6326 Box 0017DPO AA 88058 ','Noklak','Allahabad','Arunachal Pradesh',390382,590095,9,'Worker','2024-11-04'),
(230,'Kim','Bailey','736-160-4455','taylorwilson@yahoo.com','1943-04-02','Female',1680,' Olson LakeMichaelmouth\, OR 10460 ','Pune','Arrah','Jharkhand',544311,857174,10,'Worker','1964-04-02'),
(231,'Whitney','Harris','368-165-7104','courtneyjacobs@hotmail.com','1908-08-04','Male',2388,' Buck MewsLake Michael\, WI 72249 ','Akola','Vadodara','Kerala',282350,956448,5,'Delivery Person','1929-08-04'),
(232,'Russell','Smith','173-466-3441','jharper@hotmail.com','1945-02-10','Female',7473,' Sarah Greens Suite 856Williamston\, NC 34225 ','Chitradurga','Pune','Assam',064517,715037,5,'Category Head','1966-02-10'),
(233,'Leah','Rojas','891-799-0783','kayla66@hotmail.com','2014-07-15','Female',6381,' Roberts Station Apt. 939Port Alyssaport\, OK 87787 ','Palwal','Solapur','Andaman and Nicobar',536646,203097,3,'Category Head','2035-07-15'),
(234,'Phillip','Ramos','758-220-7571','justinmitchell@yahoo.com','2017-06-04','Male',3378,' Watts Isle Suite 393Port Melanieburgh\, OK 27633 ','Anakapalli','Solapur','Assam',330027,622382,3,'Category Head','2038-06-04'),
(235,'Jennifer','Rodriguez','118-266-0567','jamesstafford@yahoo.com','1927-05-01','Male',9838,' Simmons MountainsNorth Jennifer\, MD 07761 ','Vaishali','Meerut','Goa',693770,766663,4,'Worker','1948-05-01'),
(236,'Alexander','Thompson','585-552-3162','ale@hotmail.com','1935-05-07','Male',8418,' Gomez Route Suite 336East Hannah\, NJ 19899 ','Aurangabad','Gopalpur','Chhattisgarh',600121,117551,8,'Worker','1956-05-07'),
(237,'Shawn','Rodriguez','593-369-2258','smyers@gmail.com','1956-02-28','Male',5145,' 5429 Box 6432DPO AA 50515 ','Kapurthala','Firozabad','Dadra and Nagar Haveli',589297,696458,2,'Worker','1977-02-28'),
(238,'Gerald','Morgan','465-257-9936','connerscott@hotmail.com','2012-02-06','Others',9349,' Mcclure Street Suite 531Aliceborough\, WI 90326 ','Nuapada','Avadi','Bihar',421605,201011,5,'Worker','2033-02-06'),
(239,'Sabrina','Young','870-614-2820','robyn49@hotmail.com','1963-01-09','Others',9777,' Mccormick VistaNew Katieberg\, AR 40903 ','North Goa','Panipat','Delhi',237120,350465,9,'Worker','1984-01-09'),
(240,'Jennifer','Payne','215-115-1030','ehurst@yahoo.com','1960-04-26','Others',7969,' Oscar Place Apt. 193Charlottemouth\, OK 38438 ','Palwal','Alwar','Gujarat',800195,425903,2,'Worker','1981-04-26'),
(241,'Kelly','Booth','737-702-2022','dwilkins@hotmail.com','1916-05-29','Female',1926,' Rodriguez Spurs Suite 031West Kellyton\, WY 45385 ','Namsai','Sagar','Gujarat',615882,135089,1,'Delivery Person','1937-05-29'),
(242,'Paul','Ali','308-205-9268','jameswoods@gmail.com','1959-05-17','Others',5332,' David TraceStaceyburgh\, TN 92905 ','Mandi','Patna','West Bengal',298318,923069,3,'Category Head','1980-05-17'),
(243,'Kimberly','King','158-661-1680','daniel69@gmail.com','1941-04-27','Male',9008,' Amber Fields Apt. 368Carolinestad\, WA 32221 ','Mansa','Thane','Haryana',667529,373272,4,'Category Head','1962-04-27'),
(244,'Jack','Burton','195-459-8231','wallacetom@hotmail.com','1958-07-01','Others',3284,' Campbell Causeway Apt. 669Nelsonhaven\, KY 14394 ','Visakhapatnam','Howrah','Bihar',592394,719446,1,'Category Head','1979-07-01'),
(245,'Valerie','Price','598-552-8377','larakyle@gmail.com','1907-10-17','Male',2386,' Clark ParkEast Cynthiatown\, MA 76436 ','Botad','Jammu','Delhi',208335,133692,2,'Worker','1928-10-17'),
(246,'Derek','Reed','650-664-8364','dblackwell@gmail.com','1967-08-31','Male',4687,' Edward Curve Apt. 160Jenniferfort\, OK 45338 ','Balod','Thane','Karnataka',467777,523132,4,'Worker','1988-08-31'),
(247,'James','Ortiz','100-212-9348','tscott@hotmail.com','1966-03-17','Male',9856,' Anderson Light Suite 733North Ashley\, IL 33537 ','South Goa','kolkata','Haryana',221962,643653,1,'Worker','1987-03-17'),
(248,'Caitlin','Peterson','257-061-8719','hannah28@hotmail.com','1950-02-09','Others',4445,' Courtney Isle Apt. 222Matthewfurt\, IA 61391 ','Kurukshetra','Kanpur','Kerala',105294,443950,2,'Worker','1971-02-09'),
(249,'Chelsea','Cooke','806-639-3508','debrarhodes@yahoo.com','1931-05-11','Others',1672,' 0585 Box 0570DPO AE 38708 ','Noklak','Nagpur','Chhattisgarh',641316,639293,9,'Worker','1952-05-11'),
(250,'Sean','Alvarez','726-849-3850','andrea82@gmail.com','1930-04-11','Female',2886,' James PassLake Nicholestad\, IN 20588 ','Lohit','Patna','Andaman and Nicobar',874810,400357,2,'Worker','1951-04-11'),
(251,'Justin','Smith','405-479-5231','zbarrett@gmail.com','1947-05-18','Male',9385,' Brianna Ports Suite 090Jesseborough\, ID 17541 ','Anand','kochi','Nagaland',271044,621081,1,'Delivery Person','1968-05-18'),
(252,'Sharon','Brown','576-279-1980','james54@yahoo.com','2000-11-09','Others',7324,' Hall LodgePort Andrewton\, WA 55697 ','Korba','Kutti','Goa',239471,641414,5,'Category Head','2021-11-09'),
(253,'Kelli','Perry','601-253-8741','jessicagraham@gmail.com','1955-03-10','Male',5275,' Fields RapidNew Gloria\, SC 23537 ','Nalbari','Kutti','Jharkhand',431203,954037,4,'Category Head','1976-03-10'),
(254,'Becky','Anderson','695-765-4930','ortizjill@gmail.com','1942-06-06','Female',6529,' Wilson Drive Suite 333Sweeneyborough\, MS 56029 ','Noney','Gurgaon','Tamil Nadu',154942,889080,2,'Category Head','1963-06-06'),
(255,'Margaret','Fritz','978-086-9839','harry94@yahoo.com','1970-11-21','Male',7193,' Key InletNortonton\, MI 72622 ','Kinnaur','Kolhapur','Manipur',797895,525503,8,'Worker','1991-11-21'),
(256,'Tammy','Fisher','226-405-2493','michael84@yahoo.com','1996-03-25','Female',1125,' Douglas Place Apt. 089Jimmyshire\, CT 46304 ','Palghar','Agra','Arunachal Pradesh',831538,794196,7,'Worker','2017-03-25'),
(257,'Kelly','Barton','655-196-7946','cortezroy@yahoo.com','1948-11-25','Female',4085,' JimenezFPO AA 91065 ','Ukhrul','Latur','Andhra Pradesh',138844,249584,1,'Worker','1969-11-25'),
(258,'Thomas','Gray','649-349-0256','jeffreydixon@hotmail.com','1955-03-28','Female',1300,' Lisa Divide Suite 924Port Carolburgh\, CA 66936 ','Pakyong','Hyderabad','Sikkim',575736,114319,2,'Worker','1976-03-28'),
(259,'Julie','Aguilar','104-306-3116','jaguilar@gmail.com','1956-12-18','Male',8904,' Melinda JunctionsLake Steven\, MN 38701 ','Nalbari','Erode','Kerala',176907,214171,5,'Worker','1977-12-18'),
(260,'Mark','Henderson','323-811-4182','jacob81@yahoo.com','1914-05-31','Others',8571,' Sarah Canyon Suite 622Peterhaven\, TX 83207 ','East Garo Hills','Lucknow','Sikkim',481575,283481,3,'Worker','1935-05-31'),
(261,'Kevin','Vaughn','367-102-4820','sheltonjennifer@yahoo.com','2008-12-23','Female',7277,' John Inlet Apt. 673Rosschester\, VA 06125 ','Sangrur','Hyderabad','Sikkim',262438,153627,4,'Delivery Person','2029-12-23'),
(262,'Allison','Trujillo','161-286-3964','qmitchell@gmail.com','1925-08-05','Others',6929,' Sherri ExpresswayEast Ericstad\, NE 00503 ','Udupi','Bangalore','Kerala',065212,786346,5,'Category Head','1946-08-05'),
(263,'Bradley','Nelson','770-849-8998','bryan07@gmail.com','1915-11-20','Male',2515,' Gibson RoadsWest Philip\, PA 41140 ','Kaithal','Bangalore','Chhattisgarh',075664,316486,9,'Category Head','1936-11-20'),
(264,'Michael','Pierce','775-462-7215','kturner@hotmail.com','1919-01-10','Female',2579,' James OrchardEast Christine\, CA 82033 ','Kurukshetra','Lucknow','Uttarakhand',951528,761057,2,'Category Head','1940-01-10'),
(265,'Austin','Roberson','936-480-2135','kennethwarren@hotmail.com','1977-06-17','Others',8889,' Harris CentersWattsburgh\, VA 96198 ','Goalpara','Bikaner','Bihar',490355,891085,4,'Worker','1998-06-17'),
(266,'Jacob','Taylor','398-386-3240','ysilva@yahoo.com','1934-11-21','Others',9670,' Nancy Ford Apt. 447Leeside\, CT 92388 ','Jind','Udaipur','Punjab',670772,709312,4,'Worker','1955-11-21'),
(267,'Lauren','Chambers','404-016-1197','ohernandez@gmail.com','2008-05-27','Male',4123,' Thomas ClubLake Edwin\, DE 44999 ','Dharwad','Ranchi','Jharkhand',523429,498176,7,'Worker','2029-05-27'),
(268,'Ashley','Delgado','413-474-4674','suarezdan@hotmail.com','1949-04-29','Male',4544,' Brady SquareAngelaport\, DC 45162 ','Hingoli','kolkata','Goa',419147,223841,1,'Worker','1970-04-29'),
(269,'Matthew','Nelson','254-683-7097','briannadixon@gmail.com','1918-06-23','Female',2740,' Bryant FieldsLake John\, OK 63238 ','Mandi','Agartala','Manipur',537908,712715,8,'Worker','1939-06-23'),
(270,'Susan','Acosta','285-314-6752','hardyjohn@gmail.com','1934-10-16','Female',1714,' Foster Square Apt. 402New Jeffrey\, AZ 03475 ','Baksa','Ajmer','Uttarakhand',637766,165445,8,'Worker','1955-10-16'),
(271,'Angelica','Rodriguez','939-267-0402','lance61@gmail.com','1924-08-07','Female',4894,' Candice Row Suite 737Port Brandontown\, NY 74461 ','Noney','Udaipur','Sikkim',763588,601866,7,'Delivery Person','1945-08-07'),
(272,'Timothy','Torres','442-878-9578','zgray@hotmail.com','1909-12-30','Female',3904,' DeanFPO AA 10712 ','Namsai','Jaipur','Jammu and Kashmir',472901,284556,10,'Category Head','1930-12-30'),
(273,'Mr.','Christopher','701-207-0213','middletonlorraine@gmail.com','2016-05-29','Male',7836,' Angela HeightsNicolemouth\, VA 12903 ','Ahmedabad','Jammu','Telangana',327399,208937,6,'Category Head','2037-05-29'),
(274,'Alexander','Owens','637-083-1821','crodriguez@yahoo.com','2017-08-27','Female',1117,' Roach CapeTinaton\, NJ 94218 ','South Goa','Akola','Jammu and Kashmir',203066,651507,10,'Category Head','2038-08-27'),
(275,'Scott','Jones','594-614-0726','ylopez@gmail.com','1997-12-13','Female',6647,' Colin Land Suite 662Lisamouth\, NY 78262 ','Kapurthala','Akola','Himachal Pradesh',615255,443092,10,'Worker','2018-12-13'),
(276,'Anthony','Graham','610-212-9872','danielwilson@yahoo.com','1969-03-25','Others',8678,' Lopez CoursePort Stevenport\, WY 20156 ','Banka','Rajpur','Karnataka',084936,872620,6,'Worker','1990-03-25'),
(277,'Johnathan','Welch','510-673-1691','reginaldmcdaniel@yahoo.com','1944-10-04','Male',8282,' Nancy Trafficway Suite 545Douglasbury\, AR 65304 ','Thrissur','Faridabad','Goa',659258,149111,3,'Worker','1965-10-04'),
(278,'Craig','Reed','148-528-1041','bakereric@gmail.com','1914-12-06','Female',2150,' Shawn Lock Suite 373Daniellehaven\, WA 26954 ','Goalpara','Ahmedabad','Tamil Nadu',555364,845751,4,'Worker','1935-12-06'),
(279,'Megan','Hall','509-356-3967','shawnjohnson@gmail.com','1984-09-13','Others',8253,' Clark TraceAllentown\, ME 21825 ','East Garo Hills','Bikaner','Delhi',117596,418163,10,'Worker','2005-09-13'),
(280,'David','Snyder','587-857-7340','tfields@gmail.com','2021-02-06','Male',8475,' John MissionLake John\, KS 52839 ','Ajmer','Aligarh','Tripura',321378,399040,10,'Worker','2042-02-06'),
(281,'Reginald','Kelly','423-080-8244','reneewatson@hotmail.com','1920-08-02','Male',7129,' Donna Skyway Suite 540North Sarahbury\, ME 52188 ','Kiphire','Vadodara','Dadra and Nagar Haveli',155552,790928,1,'Delivery Person','1941-08-02'),
(282,'Colleen','Campbell','313-246-6506','vanessagood@yahoo.com','2016-09-05','Female',6305,' Green Grove Apt. 937New Deborahchester\, IN 29624 ','Idukki','Loni','Andhra Pradesh',452271,297772,3,'Category Head','2037-09-05'),
(283,'Kim','Allen','636-029-3208','coryriley@gmail.com','1989-05-26','Male',9706,' Romero CornersNorth Cynthia\, UT 11751 ','Udupi','Chandigarh','Karnataka',242188,516085,7,'Category Head','2010-05-26'),
(284,'Jacqueline','Cox','906-799-3619','joseph87@hotmail.com','1940-11-19','Female',6828,' Martinez CliffBeckton\, MO 51429 ','Alwar','Ajmer','Goa',860877,834605,7,'Category Head','1961-11-19'),
(285,'Michael','Perez','414-827-0101','thenson@yahoo.com','2015-02-02','Others',1974,' Reginald PlainsNorth Stephanie\, OK 00564 ','Balod','Ghaziabad','Bihar',620930,565094,2,'Worker','2036-02-02'),
(286,'Cindy','Chaney','676-496-8578','nwolf@gmail.com','1964-02-15','Others',4244,' Smith RapidsNew Nataliemouth\, IA 11259 ','Ukhrul','Firozabad','Haryana',317353,856238,5,'Worker','1985-02-15'),
(287,'Donald','Fowler','701-365-5459','michael62@yahoo.com','1925-02-17','Male',8361,' Evans Pines Apt. 058Melissaberg\, NE 09644 ','Vaishali','Hyderabad','Punjab',054206,140839,9,'Worker','1946-02-17'),
(288,'Scott','Joseph','339-811-5920','bmartin@gmail.com','1962-10-17','Male',7107,' Ethan GrovesNorth Marcus\, SD 08220 ','Imphal East','Agartala','Andaman and Nicobar',070335,239583,4,'Worker','1983-10-17'),
(289,'April','Miller','859-165-6390','ashley25@gmail.com','2008-09-03','Male',9113,' Erika Trafficway Apt. 744Michealmouth\, MD 61648 ','Vaishali','Meerut','Arunachal Pradesh',792024,877909,10,'Worker','2029-09-03'),
(290,'Danielle','Nguyen','209-664-5231','areed@yahoo.com','1930-03-20','Others',9547,' Tim VistaNorth Jennifer\, UT 59971 ','Jangaon','Bhilai','Haryana',317957,646749,6,'Worker','1951-03-20'),
(291,'Daniel','Haley','826-164-7142','carolyn48@gmail.com','1917-09-04','Others',7832,' West Vista Suite 420Kellyfurt\, ND 32694 ','Nalbari','Hyderabad','Jammu and Kashmir',834437,226702,2,'Delivery Person','1938-09-04'),
(292,'Jamie','Evans','310-239-8713','johnsonmichael@hotmail.com','1984-06-28','Female',9072,' Jennifer Canyon Suite 493East Robert\, NY 60478 ','Wayanad','Bikaner','Meghalaya',235797,837668,6,'Category Head','2005-06-28'),
(293,'Diana','Reid','615-880-2968','kathryn13@yahoo.com','1948-10-09','Others',7680,' 7217\, Box 7607APO AA 46354 ','Akola','Bellary','Puducherry',266774,890194,7,'Category Head','1969-10-09'),
(294,'Christopher','Elliott','690-160-7330','slucas@gmail.com','1980-03-26','Male',5294,' 8755\, Box 4921APO AE 65658 ','Banka','Alwar','Telangana',932194,816449,5,'Category Head','2001-03-26'),
(295,'Carlos','Daniel','849-035-9546','sarahmoss@hotmail.com','1926-06-09','Female',9215,' Bender TerraceHopkinsborough\, WV 34829 ','Bellary','Dhanbad','Meghalaya',151572,462628,2,'Worker','1947-06-09'),
(296,'Laura','Mckinney','921-365-9466','daniellenorman@yahoo.com','1931-06-19','Others',4601,' Dustin SummitPort Steven\, WI 12361 ','Hingoli','Karur','Lakshadweep',178535,231431,6,'Worker','1952-06-19'),
(297,'Jacqueline','Reynolds','569-535-6376','jeremybaker@hotmail.com','2017-12-15','Others',5375,' Bowman DriveColtonchester\, LA 52362 ','Dibrugarh','Hyderabad','Maharashtra',140139,734185,1,'Worker','2038-12-15'),
(298,'David','Kirk','758-018-1906','baileystephen@yahoo.com','1930-06-10','Female',1380,' Pearson Village Suite 389Sawyerfort\, AZ 42427 ','Jhabua','Firozabad','Assam',121527,941496,10,'Worker','1951-06-10'),
(299,'David','Garcia','637-208-4280','tgonzalez@yahoo.com','2014-09-30','Female',6816,' Dana Court Apt. 690Andrademouth\, OH 36458 ','Aravalli','Udaipur','Dadra and Nagar Haveli',735672,995912,4,'Worker','2035-09-30'),
(300,'Jacqueline','Smith','233-526-9786','leejames@gmail.com','1966-03-16','Others',2774,' 1670\, Box 1354APO AA 79660 ','Chatra','Kollam','Nagaland',523717,376129,2,'Worker','1987-03-16'),
(301,'Benjamin','Romero','499-035-7017','nhancock@hotmail.com','1956-06-18','Others',6550,' Michael LocksEast Austin\, TX 57280 ','Ukhrul','Ajmer','Orissa',994497,233744,7,'Delivery Person','1977-06-18'),
(302,'Cynthia','Kennedy','732-311-5248','egonzales@gmail.com','1944-03-10','Others',7528,' John LightElizabethmouth\, HI 97818 ','Bhopal','Bhopal','Tripura',071503,380649,3,'Category Head','1965-03-10'),
(303,'Paul','White','467-330-5279','basskayla@yahoo.com','1982-07-28','Female',7240,' Cruz Center Suite 083Juliaville\, MA 85329 ','Ukhrul','Ranchi','Nagaland',341164,832161,9,'Category Head','2003-07-28'),
(304,'Matthew','Roberts','213-696-7940','ewilliams@gmail.com','1953-03-28','Male',9412,' Black Underpass Apt. 751East Stephen\, VT 25842 ','Kishanganj','Amritsar','Uttarakhand',574073,216285,9,'Category Head','1974-03-28'),
(305,'Kathleen','Jackson','351-434-8701','williamstimothy@yahoo.com','1986-04-17','Female',8011,' Brennan Pines Apt. 229Tinaside\, AK 30391 ','Ranchi','Kollam','Karnataka',627046,939470,8,'Worker','2007-04-17'),
(306,'Ernest','Sanders','180-387-4387','charlesnichols@gmail.com','1998-10-19','Male',8974,' Catherine PlainSouth Donald\, RI 46872 ','Kinnaur','Guwahati','Haryana',337330,777859,2,'Worker','2019-10-19'),
(307,'Karen','Tran','107-201-9669','wrightbrooke@yahoo.com','1994-10-14','Male',5899,' 1490\, Box 8757APO AE 57679 ','Pune','kochi','Chhattisgarh',969058,363947,9,'Worker','2015-10-14'),
(308,'Jennifer','Thompson','767-792-6098','tiffanyanderson@yahoo.com','1930-09-25','Female',2927,' Huang Mission Suite 869West Jillianborough\, MT 95384 ','Noklak','Srinagar','Gujarat',042825,213211,7,'Worker','1951-09-25'),
(309,'James','Davis','156-734-5560','brianna29@yahoo.com','2006-02-28','Others',8047,' Myers Stream Suite 780West Patricia\, ID 11420 ','Pune','Ranchi','Tamil Nadu',811209,505528,7,'Worker','2027-02-28'),
(310,'David','Turner','461-667-0023','staylor@hotmail.com','2001-05-10','Male',5705,' Alvarez BranchStephenport\, AZ 37284 ','Ri Bhoi','Kutti','Lakshadweep',311403,180680,6,'Worker','2022-05-10'),
(311,'Anna','Dalton','154-439-8556','renee20@yahoo.com','2003-05-22','Male',1085,' Daniels CurveSouth Yvonneton\, VA 05772 ','Chatra','Allahabad','Arunachal Pradesh',281886,662200,4,'Delivery Person','2024-05-22'),
(312,'Robert','Lynn','442-281-9544','zreilly@yahoo.com','1965-03-25','Others',4686,' Stone NeckPort Karen\, AL 26168 ','Mandi','Alwar','Daman and Diu',778525,284231,8,'Category Head','1986-03-25'),
(313,'Robin','Campbell','875-464-4147','hopkinssydney@hotmail.com','1906-11-19','Others',1608,' 2774\, Box 0650APO AP 81947 ','Ri Bhoi','Lucknow','Andhra Pradesh',014063,138986,4,'Category Head','1927-11-19'),
(314,'David','Reyes','533-870-5818','scottwilliams@yahoo.com','1975-09-13','Others',1115,' Perez HarborsAndrewburgh\, ND 24004 ','Araria','Panipat','Nagaland',406443,835564,5,'Category Head','1996-09-13'),
(315,'Steven','Wilson','815-886-0455','jeffrey28@yahoo.com','2019-03-13','Female',8293,' Alisha StravenueNorth Lisaville\, WI 67819 ','Kurukshetra','Udaipur','Jammu and Kashmir',698713,253462,6,'Worker','2040-03-13'),
(316,'William','Davis','813-790-4299','michaeltorres@yahoo.com','2012-11-02','Male',1514,' Danny MallMarkchester\, MI 31217 ','Visakhapatnam','Gurgaon','Bihar',031936,657028,2,'Worker','2033-11-02'),
(317,'Pamela','Key','983-852-4095','fpruitt@hotmail.com','1969-03-31','Others',4529,' Smith BurgNorth Jasonview\, MI 41005 ','Bokaro','Kollam','Dadra and Nagar Haveli',548014,290662,9,'Worker','1990-03-31'),
(318,'Alicia','Tucker','636-090-2997','katherinemcgee@hotmail.com','2009-03-23','Female',7729,' Oliver Harbors Suite 583Port Joshua\, IN 69364 ','Ri Bhoi','Alwar','Himachal Pradesh',338464,931146,8,'Worker','2030-03-23'),
(319,'Thomas','Humphrey','785-815-8886','perezjeffery@gmail.com','1982-10-20','Male',9434,' Steven PortKatherineshire\, PA 64818 ','Korea','Chennai','Assam',336988,575419,4,'Worker','2003-10-20'),
(320,'Michael','Murray','945-458-9734','bgordon@gmail.com','1921-09-24','Others',5721,' Wood Isle Suite 229North Donald\, NC 83873 ','Palghar','Ajmer','West Bengal',276803,285518,5,'Worker','1942-09-24'),
(321,'Tammy','Norris','104-831-2214','dpowell@hotmail.com','1930-04-08','Male',9947,' 5827\, Box 8201APO AA 52874 ','Mandi','Allahabad','Goa',116348,779829,8,'Delivery Person','1951-04-08'),
(322,'Sara','Vasquez','399-378-8873','hunterbrian@gmail.com','1918-08-02','Female',7882,' Atkins OverpassSouth Bradybury\, FL 70260 ','Amreli','Bellary','Puducherry',111152,884022,1,'Category Head','1939-08-02'),
(323,'Brenda','Bright','684-657-9561','jefferysmith@yahoo.com','2016-12-21','Male',9234,' Amy Cliffs Apt. 137Crosbyfurt\, NE 65558 ','Udupi','Lucknow','Jammu and Kashmir',832624,190898,4,'Category Head','2037-12-21'),
(324,'Jerry','Hopkins','856-591-3995','tmercado@hotmail.com','2006-04-18','Others',9316,' Micheal Field Apt. 423Daviston\, SD 83502 ','Hingoli','Ajmer','Assam',871659,596632,2,'Category Head','2027-04-18'),
(325,'Amy','Cooper','876-887-4178','williamsjackson@gmail.com','1995-12-22','Female',1427,' Lambert BridgeLeonardshire\, UT 54349 ','Firozpur','kochi','Punjab',613204,635766,4,'Worker','2016-12-22'),
(326,'John','Gonzalez','951-603-4888','jenningschad@hotmail.com','1944-03-13','Others',9174,' Anderson Greens Apt. 767Russoshire\, WY 30298 ','Baksa','Dhule','Tripura',065914,411894,7,'Worker','1965-03-13'),
(327,'Ashley','Jones','664-243-9293','megan31@yahoo.com','1931-09-09','Others',2780,' Johnson Mountains Apt. 026South Lori\, KY 66570 ','Jhabua','Gurgaon','Delhi',928084,793255,6,'Worker','1952-09-09'),
(328,'Alejandra','Morris','317-637-0080','lebrian@yahoo.com','1988-11-29','Male',9832,' Anderson Light Apt. 887New Jeffreyberg\, MD 49466 ','Bhagalpur','Akola','Manipur',208456,435951,5,'Worker','2009-11-29'),
(329,'Andrew','Allen','784-105-7726','andreapotter@yahoo.com','1928-08-20','Others',3711,' Ramirez LandGrayville\, CA 63409 ','Anand','Erode','Madhya Pradesh',536392,279259,6,'Worker','1949-08-20'),
(330,'Matthew','Phillips','607-357-9977','lyu@gmail.com','2013-12-19','Others',8104,' James Place Apt. 123Brownburgh\, SC 92806 ','Anand','Durgapur','Delhi',705194,108005,9,'Worker','2034-12-19'),
(331,'James','Perez','609-614-9227','charles09@gmail.com','1986-11-14','Female',7591,' Brian RueWheelerland\, OH 14708 ','Ranchi','Dehradun','Nagaland',121936,123330,6,'Delivery Person','2007-11-14'),
(332,'Megan','Griffith','475-504-4687','kmclaughlin@gmail.com','1984-06-29','Male',2806,' Sandra GardenEast Ashley\, PA 16401 ','Ajmer','Gaya','Meghalaya',692083,176976,8,'Category Head','2005-06-29'),
(333,'Cindy','Lucero','337-652-6407','gabriellehernandez@gmail.com','1998-12-05','Female',5591,' 5994\, Box 1290APO AA 67512 ','Pakyong','Nagpur','Assam',549154,267146,7,'Category Head','2019-12-05'),
(334,'Lindsay','Williams','116-857-5713','jennifermayo@gmail.com','1976-09-28','Female',3997,' David Rapids Apt. 180Owensberg\, LA 36447 ','Jhabua','Amritsar','West Bengal',317718,175605,3,'Category Head','1997-09-28'),
(335,'Aaron','Trevino','979-206-5811','rschmitt@yahoo.com','1938-12-31','Others',1063,' 3871\, Box 1701APO AA 84615 ','Anjaw','Mysore','Bihar',873987,704065,10,'Worker','1959-12-31'),
(336,'Susan','Bradley','391-596-3464','jmaxwell@yahoo.com','1958-02-04','Male',1395,' Melissa Hollow Apt. 124New Thomas\, NY 36041 ','Tirap','Karur','Tamil Nadu',907904,107823,8,'Worker','1979-02-04'),
(337,'Evelyn','Martin','785-570-9422','swest@yahoo.com','1910-12-29','Female',7346,' Jones BridgeMarshallville\, AK 87430 ','Bhopal','Erode','Meghalaya',082556,193487,9,'Worker','1931-12-29'),
(338,'Eric','Gardner','826-884-5213','thompsonian@yahoo.com','1943-05-27','Male',4395,' Alison Square Apt. 283West Brianton\, VA 80009 ','Balod','Gurgaon','Tripura',327055,791263,8,'Worker','1964-05-27'),
(339,'Christopher','Jones','802-844-2056','sharon23@gmail.com','1947-05-06','Female',3819,' Brooks Points Apt. 780Ashleyfurt\, NJ 38418 ','Thrissur','Bhopal','Uttar Pradesh',676970,830730,2,'Worker','1968-05-06'),
(340,'Stephanie','Chang','771-231-0895','brenda95@gmail.com','1911-11-30','Female',9614,' Tate PineNoahville\, OR 26472 ','Firozpur','Surat','Haryana',217237,364682,6,'Worker','1932-11-30'),
(341,'Stacy','Williams','491-589-7496','mcdowellerin@gmail.com','1970-05-09','Female',1654,' Pineda Rapid Suite 330Loriland\, MT 99806 ','Botad','Korba','Himachal Pradesh',971112,250548,2,'Delivery Person','1991-05-09'),
(342,'Craig','Estrada','944-713-5897','markjohnson@hotmail.com','1921-06-27','Male',1906,' Travis Lights Apt. 503Luisfort\, WA 91310 ','Imphal East','Erode','Bihar',135263,784901,10,'Category Head','1942-06-27'),
(343,'Brenda','Anderson','276-485-6473','mcleankelly@gmail.com','1969-01-28','Others',3745,' Short FlatLake Aaron\, NY 06611 ','Belgaum','Ludhiana','Uttar Pradesh',358011,121920,4,'Category Head','1990-01-28'),
(344,'Kelly','Anderson','957-505-3175','justin35@gmail.com','1933-11-18','Female',5600,' Daniel LakesSouth Tommychester\, HI 47955 ','Ambala','Ajmer','Andhra Pradesh',829632,790502,6,'Category Head','1954-11-18'),
(345,'Shawn','Crawford','701-498-0777','leblancjose@gmail.com','1952-05-13','Others',5204,' Boone Way Suite 474Hannahchester\, DE 50106 ','Ajmer','Allahabad','Uttar Pradesh',900235,209669,1,'Worker','1973-05-13'),
(346,'Bradley','Leach','190-166-3575','johnsonsara@yahoo.com','1981-04-13','Others',2913,' Marcus EstateThomasshire\, MO 84277 ','Araria','Bhopal','Nagaland',626434,582944,3,'Worker','2002-04-13'),
(347,'Danny','Rodriguez','628-786-4615','dthomas@yahoo.com','1951-02-14','Female',6395,' Lisa Unions Suite 327Montoyaview\, TX 71580 ','Bhagalpur','Agartala','Bihar',357014,961570,2,'Worker','1972-02-14'),
(348,'Jillian','Aguirre','836-276-1911','zpeterson@hotmail.com','1974-04-21','Female',2661,' Oconnor IslandsEast Kevin\, MT 43528 ','Aizawl','Chandigarh','Haryana',293955,430191,8,'Worker','1995-04-21'),
(349,'Tina','Martin','732-265-3592','nicoleacosta@yahoo.com','1989-05-26','Others',4964,' Fischer IslePort Lisa\, MD 54060 ','Bhagalpur','Allahabad','Orissa',366601,610679,4,'Worker','2010-05-26'),
(350,'Matthew','Moore','557-104-1605','jamesgutierrez@yahoo.com','1935-01-07','Female',7273,' Jason Summit Suite 177Kevinside\, AR 03185 ','Manyam','Chandigarh','Uttarakhand',395973,334538,6,'Worker','1956-01-07'),
(351,'Terry','Silva','395-458-9402','jonathan32@gmail.com','1935-11-06','Female',6738,' Jennifer LaneNew Thomasside\, AZ 30469 ','Serchhip','Srinagar','Nagaland',352555,592634,6,'Delivery Person','1956-11-06'),
(352,'Susan','Donaldson','642-143-4688','reyestamara@gmail.com','1935-12-30','Male',7315,' Hannah LightFernandezberg\, AL 72183 ','Idukki','Amritsar','Mizoram',618615,972957,4,'Category Head','1956-12-30'),
(353,'Amy','Garcia','882-483-5379','msimpson@gmail.com','1988-11-28','Female',4285,' Brian PrairieLouisport\, CA 65845 ','Wayanad','Bilaspur','Telangana',079115,117067,8,'Category Head','2009-11-28'),
(354,'Lisa','Smith','400-042-0897','bradfordian@gmail.com','1998-09-22','Others',3262,' 0835 Box 6995DPO AP 06658 ','Korea','Rajkot','Haryana',035057,810543,5,'Category Head','2019-09-22'),
(355,'Ethan','Harris','172-158-2979','kmiller@gmail.com','2010-05-11','Others',8800,' Thomas RanchMelissamouth\, TN 23946 ','Idukki','Faridabad','Bihar',115685,827468,7,'Worker','2031-05-11'),
(356,'Kaitlyn','Booker','870-365-2256','andrewfisher@yahoo.com','1940-02-10','Female',7170,' Oliver IsleSouth Donnashire\, VA 29585 ','Araria','Pune','Haryana',300412,540217,3,'Worker','1961-02-10'),
(357,'Timothy','Campbell','389-404-1128','pamelablair@yahoo.com','1965-04-19','Female',1615,' William PortsNew Victoriamouth\, AZ 07234 ','Tirap','Alwar','Tripura',630728,820815,7,'Worker','1986-04-19'),
(358,'Alvin','Jimenez','615-497-0343','johnsonmichelle@gmail.com','1941-04-09','Others',4735,' Ricky Streets Suite 588Gardnerton\, NY 73332 ','Kurukshetra','Korba','Kerala',907626,723386,4,'Worker','1962-04-09'),
(359,'Brenda','Wilson','657-326-5965','njohnson@yahoo.com','2017-12-21','Others',5654,' Torres FortWest Michaelshire\, MD 08612 ','Aizawl','Kutti','Tripura',440681,428611,4,'Worker','2038-12-21'),
(360,'Dean','Meadows','109-133-6410','brittany61@gmail.com','1918-02-28','Female',7815,' Laura Overpass Suite 923New Dawn\, KY 19182 ','Noney','Akola','Jammu and Kashmir',810174,476258,10,'Worker','1939-02-28'),
(361,'Kimberly','Hampton','976-557-7818','pcampbell@yahoo.com','1910-08-20','Male',1882,' Moore Island Apt. 465Kimberlybury\, MO 85022 ','Kurukshetra','Ghaziabad','Arunachal Pradesh',805203,513020,6,'Delivery Person','1931-08-20'),
(362,'Edwin','Walker','480-729-3731','michaelperry@yahoo.com','1961-02-06','Female',4012,' Brianna UnderpassEast Ashleybury\, AL 03684 ','Kapurthala','Agra','Jammu and Kashmir',734845,398267,5,'Category Head','1982-02-06'),
(363,'Jorge','Lucas','437-702-0638','michaeljohnson@gmail.com','1916-06-15','Male',7155,' Kevin Lake Suite 015North Dannymouth\, VA 92981 ','Firozpur','Kutti','Arunachal Pradesh',443560,766321,6,'Category Head','1937-06-15'),
(364,'Traci','Hinton','543-075-0576','alexanderclark@yahoo.com','1998-03-13','Female',1436,' Kelsey HeightsShirleyview\, NH 89661 ','Kurukshetra','Srinagar','Lakshadweep',841989,723943,10,'Category Head','2019-03-13'),
(365,'Joshua','Bennett','833-264-6120','marytucker@yahoo.com','2018-12-04','Male',9765,' Richardson LandSouth Brandi\, HI 74559 ','Kurukshetra','Indore','Uttar Pradesh',855188,816007,8,'Worker','2039-12-04'),
(366,'Nancy','Rice','137-186-2616','danieloliver@hotmail.com','1929-11-07','Male',5370,' Hurst Stream Apt. 099North Lisaton\, VA 64136 ','Garhwa','Dhule','Arunachal Pradesh',583176,652142,3,'Worker','1950-11-07'),
(367,'Amy','Cohen','665-694-7147','angel99@gmail.com','1925-05-13','Others',9536,' Carlos Unions Apt. 986Leechester\, NH 39714 ','Namsai','Bhilai','Puducherry',486177,620007,4,'Worker','1946-05-13'),
(368,'Tanya','Le','193-067-0390','vmiller@hotmail.com','1935-04-15','Female',5782,' Gomez Station Apt. 923Johnshire\, WA 59806 ','Bellary','Akola','Telangana',998072,203408,2,'Worker','1956-04-15'),
(369,'Tiffany','Barnett','169-220-3574','kendra80@yahoo.com','1953-03-26','Female',3555,' Melanie Dale Suite 307North Jacksonfort\, AL 26572 ','Imphal East','Kolhapur','Gujarat',532011,584736,6,'Worker','1974-03-26'),
(370,'Jeremy','Nelson','998-646-5665','mark07@gmail.com','1929-06-29','Others',2197,' Bailey Locks Apt. 876Port Jenniferbury\, NE 02975 ','Belgaum','Delhi','Rajasthan',396978,482337,2,'Worker','1950-06-29'),
(371,'Michael','White','632-339-3480','twilliams@gmail.com','2005-04-24','Male',9984,' 3099 Box 4366DPO AA 18348 ','Balod','Mysore','Arunachal Pradesh',357567,984361,9,'Delivery Person','2026-04-24'),
(372,'Dawn','Gonzalez','638-346-4952','weaverjessica@gmail.com','1959-05-24','Female',4824,' Cathy RoadsChristophershire\, ID 51619 ','Bokaro','Dehradun','Himachal Pradesh',885850,626959,6,'Category Head','1980-05-24'),
(373,'Joanne','Perez','374-172-6351','kimsmith@yahoo.com','1988-08-03','Others',1497,' Turner Corner Apt. 121Melissaport\, MO 01740 ','Dibrugarh','Arrah','Delhi',616135,621590,2,'Category Head','2009-08-03'),
(374,'Richard','Rogers','754-035-4887','phillipspaige@yahoo.com','1973-04-21','Female',5647,' Perkins RouteNorth Charles\, CT 21958 ','Palghar','Chandigarh','Rajasthan',459858,535631,6,'Category Head','1994-04-21'),
(375,'Gary','Savage','572-785-5950','mirandacooper@hotmail.com','1922-02-15','Male',2898,' Monique Key Suite 558New Julia\, SC 76024 ','Jangaon','Panipat','Karnataka',718096,379905,8,'Worker','1943-02-15'),
(376,'Kara','Hensley','236-804-9868','michael34@yahoo.com','1930-05-15','Male',3341,' Bishop Pines Suite 575Lake Carrie\, NC 32855 ','Kapurthala','Ludhiana','Dadra and Nagar Haveli',092338,703756,1,'Worker','1951-05-15'),
(377,'Lisa','Owens','659-533-7972','guypotts@hotmail.com','2016-08-06','Female',4479,' James UnderpassSouth Angela\, WI 69949 ','Eluru','Bikaner','Nagaland',131385,814343,5,'Worker','2037-08-06'),
(378,'Kristin','Robinson','585-626-9302','courtney68@gmail.com','1976-01-18','Male',6826,' Emily VillageJaredstad\, MI 20804 ','Aizawl','Imphal','Manipur',324223,585272,10,'Worker','1997-01-18'),
(379,'Philip','Stone','762-090-7727','taylordeborah@yahoo.com','1963-09-02','Male',9896,' Cox PlazaNew Timothy\, CO 75480 ','Erode','Cuttack','Bihar',475597,394701,4,'Worker','1984-09-02'),
(380,'Andrew','Gonzalez','240-503-2243','molly21@yahoo.com','1989-02-24','Female',7781,' 4414\, Box 5689APO AP 27029 ','Bellary','Faridabad','Tamil Nadu',262854,148556,7,'Worker','2010-02-24'),
(381,'Megan','Walsh','989-827-9202','yholmes@hotmail.com','1974-08-07','Others',7332,' Russell WellHillberg\, AZ 04960 ','Pakyong','Gaya','Andaman and Nicobar',561411,979850,10,'Delivery Person','1995-08-07'),
(382,'Robert','Gray','311-072-1803','urobinson@gmail.com','1995-03-03','Others',1812,' MillerFPO AA 80878 ','Noklak','Imphal','Chhattisgarh',411177,239151,4,'Category Head','2016-03-03'),
(383,'Mrs.','Renee','732-304-6594','hilljulia@hotmail.com','1919-11-07','Female',1831,' Robert Bridge Apt. 439Chambersstad\, IN 91544 ','Dharwad','Agra','Nagaland',214658,722020,9,'Category Head','1940-11-07'),
(384,'Karen','Wilson','176-687-0323','melissa17@gmail.com','1943-02-05','Male',6654,' William Motorway Suite 664Jessicafurt\, HI 58981 ','Erode','Ajmer','Karnataka',063215,885740,3,'Category Head','1964-02-05'),
(385,'Ann','Bennett','703-440-8695','jshort@hotmail.com','2010-10-22','Male',6686,' 2110 Box 6445DPO AP 20357 ','Serchhip','Jammu','Sikkim',054840,180022,3,'Worker','2031-10-22'),
(386,'Samantha','Gaines','867-759-4368','greenjoe@hotmail.com','1966-04-19','Others',4447,' Dylan Mission Apt. 539Williamsbury\, NC 73386 ','Solan','Ranchi','Mizoram',964169,327859,5,'Worker','1987-04-19'),
(387,'Steve','Washington','147-381-0700','rita31@yahoo.com','1927-09-25','Female',8573,' Baker Prairie Suite 077Carolineborough\, GA 59360 ','Araria','kochi','Tripura',663924,232885,10,'Worker','1948-09-25'),
(388,'April','Bush','744-464-9052','nataliecortez@yahoo.com','1977-09-05','Others',6325,' Laura SquaresNealside\, MI 08551 ','Kishanganj','Bhopal','Mizoram',569693,957029,10,'Worker','1998-09-05'),
(389,'Ian','Chase','975-848-8236','shenderson@yahoo.com','1979-02-01','Others',8443,' Jones PlazaPort Heather\, AZ 43815 ','Aizawl','Kanpur','Andaman and Nicobar',455051,922327,7,'Worker','2000-02-01'),
(390,'Elizabeth','Frost','501-176-1490','zjohnson@gmail.com','2006-03-27','Female',2127,' Johnson CourseSouth Tara\, ME 18829 ','Bharuch','Thane','Himachal Pradesh',828762,363226,6,'Worker','2027-03-27'),
(391,'Bobby','Burke','849-104-5574','johnhoover@hotmail.com','1960-05-08','Others',8181,' 1878\, Box 0547APO AP 34639 ','Kaithal','Bikaner','Lakshadweep',195242,675741,10,'Delivery Person','1981-05-08'),
(392,'Jaime','Perez','160-076-2964','jeffrey15@gmail.com','1986-06-24','Female',7279,' Susan Knolls Suite 118Saraside\, ND 55111 ','Nagpur','Vadodara','Jharkhand',163972,748063,3,'Category Head','2007-06-24'),
(393,'Brittney','Griffith','349-398-1864','lisa97@gmail.com','1936-03-02','Others',6823,' Mark CirclesChristinefurt\, NE 80829 ','Korba','Kolhapur','Delhi',780173,120757,3,'Category Head','1957-03-02'),
(394,'Nicholas','Walter','601-663-1172','halejonathan@yahoo.com','1970-02-06','Others',1384,' Brewer StravenueRussellfort\, AZ 22442 ','Anand','Chennai','Andaman and Nicobar',654224,748657,8,'Category Head','1991-02-06'),
(395,'Joshua','Travis','408-125-3804','ryanmcgrath@gmail.com','1999-11-20','Female',9652,' Moore ParkwaysMichellefurt\, MI 10709 ','Goalpara','Nashik','Karnataka',777326,237434,2,'Worker','2020-11-20'),
(396,'William','Huff','970-597-1024','torrescarla@hotmail.com','1955-04-26','Others',7165,' PerezFPO AP 22346 ','Goalpara','Patna','Delhi',041936,465281,2,'Worker','1976-04-26'),
(397,'Kelly','Todd','685-241-1094','warmstrong@yahoo.com','2001-01-19','Others',9968,' Miller Corners Apt. 146Port Courtneyport\, OH 53257 ','Amreli','Rajpur','Goa',792355,678894,4,'Worker','2022-01-19'),
(398,'Leslie','Evans','276-744-3581','gail56@yahoo.com','1955-08-26','Male',3247,' Bentley PortsKarenshire\, VA 89811 ','Goalpara','Kolhapur','Kerala',239574,466390,6,'Worker','1976-08-26'),
(399,'Lynn','Perez','199-399-1496','millerjerry@hotmail.com','1956-05-22','Female',1729,' Johns SquareNorth Angela\, IA 19778 ','Dibrugarh','Surat','Andhra Pradesh',368160,318039,10,'Worker','1977-05-22'),
(400,'Nancy','Smith','460-355-3921','alejandroroberts@yahoo.com','1948-06-14','Male',5285,' Spencer UnderpassSouth Tinatown\, TN 89866 ','Tirap','Vadodara','Uttarakhand',336736,634912,5,'Worker','1969-06-14'),
(401,'Cesar','Henry','645-574-9806','jonathanclayton@gmail.com','1998-08-28','Female',3857,' Leslie Mountain Suite 723New Elizabeth\, NE 87384 ','Kaithal','Dhule','Uttar Pradesh',799044,532324,4,'Delivery Person','2019-08-28'),
(402,'Leonard','Soto','355-539-1379','ashlee00@yahoo.com','2000-11-29','Male',8317,' Erin Course Suite 230Patriciaberg\, NH 09774 ','North Goa','Udaipur','Haryana',550017,228267,5,'Category Head','2021-11-29'),
(403,'James','Beck','620-322-0801','lawrencejennifer@gmail.com','1955-03-18','Female',5991,' Brown StreetNorth Juliehaven\, DC 46621 ','Ukhrul','Bhopal','Jammu and Kashmir',106360,890472,1,'Category Head','1976-03-18'),
(404,'Frank','Ellis','289-053-7229','popestacey@hotmail.com','2006-05-24','Others',6212,' Reese Avenue Suite 184Jonesfurt\, FL 03304 ','Dausa','Kollam','Mizoram',126935,893182,2,'Category Head','2027-05-24'),
(405,'Briana','Snyder','893-431-1293','peter60@yahoo.com','1937-11-15','Male',5963,' Jacqueline Tunnel Apt. 862North Matthewfort\, DE 16750 ','Kaithal','kota','Sikkim',877841,599457,2,'Worker','1958-11-15'),
(406,'Joseph','Vazquez','565-090-8384','jessica14@gmail.com','1949-06-07','Male',1391,' Gross SquareLamside\, DE 26191 ','Datia','Durgapur','Karnataka',561900,458052,9,'Worker','1970-06-07'),
(407,'Jaime','Cantu','697-031-2795','susan29@gmail.com','1983-02-27','Female',1481,' Smith Radial Apt. 753Port Bonnie\, WV 76266 ','Thrissur','Allahabad','Gujarat',265447,640130,10,'Worker','2004-02-27'),
(408,'Andrea','Wallace','451-689-9124','scottvance@gmail.com','1964-12-21','Female',3295,' Mike ViewRowlandmouth\, IN 11868 ','Bhagalpur','Allahabad','Rajasthan',106900,743163,9,'Worker','1985-12-21'),
(409,'Gabriel','Ortiz','116-559-0569','escobaramanda@yahoo.com','1951-09-02','Others',4852,' Smith Alley Suite 727Holmesport\, HI 06555 ','Kishanganj','Agra','Uttar Pradesh',760061,479583,6,'Worker','1972-09-02'),
(410,'Larry','Freeman','955-850-3291','ugallegos@hotmail.com','1953-10-05','Male',3629,' Edward Land Apt. 674Lake Eric\, MT 13302 ','Tirap','Udaipur','Jammu and Kashmir',611386,367689,1,'Worker','1974-10-05'),
(411,'James','Henry','642-151-4971','jasmine07@yahoo.com','2004-03-16','Others',4606,' Brittney Fort Apt. 748Gonzalezton\, OR 19568 ','Senapati','Ghaziabad','Uttar Pradesh',982135,972845,6,'Delivery Person','2025-03-16'),
(412,'Troy','Miller','190-879-6215','sturner@gmail.com','1936-12-30','Female',7984,' Brian KeysEast Jennifer\, KY 49867 ','Nalbari','kolkata','Himachal Pradesh',490584,912689,6,'Category Head','1957-12-30'),
(413,'Linda','Wade','660-646-1342','johnsonvictoria@yahoo.com','1953-02-07','Female',6114,' 4013 Box 8733DPO AP 53546 ','Hingoli','Agra','Maharashtra',801776,167061,9,'Category Head','1974-02-07'),
(414,'Linda','Greer','545-123-0194','jamieballard@yahoo.com','1969-11-28','Female',7913,' Gray Gardens Suite 859South Erica\, IL 81848 ','Eluru','Kollam','Orissa',869215,845529,6,'Category Head','1990-11-28'),
(415,'Robin','Jones','775-878-3426','kvance@hotmail.com','2020-01-21','Others',2355,' Ashley Isle Suite 655South Jennifer\, AK 80771 ','Solan','Imphal','Daman and Diu',257111,125782,4,'Worker','2041-01-21'),
(416,'Linda','Taylor','493-592-8946','brownlaura@yahoo.com','2018-04-25','Male',9491,' Jamie ManorsMargaretton\, SD 25990 ','Kinnaur','Korba','Tamil Nadu',180347,872963,10,'Worker','2039-04-25'),
(417,'Andrea','Arnold','598-500-2256','kathryn94@gmail.com','1998-05-05','Female',3270,' Michael Crescent Suite 887Reyesburgh\, NY 27516 ','Ahmedabad','Chennai','West Bengal',366605,807825,8,'Worker','2019-05-05'),
(418,'Sherry','Barrera','945-065-6737','yvasquez@yahoo.com','1926-12-20','Others',7737,' Travis CourseRobinsonshire\, OR 29502 ','Bharuch','Bhopal','Puducherry',452496,933717,5,'Worker','1947-12-20'),
(419,'Sheila','Abbott','735-438-6815','kirsten00@yahoo.com','2010-10-02','Others',5677,' 0402 Box 9651DPO AE 87916 ','Solan','Solapur','Assam',978622,180252,3,'Worker','2031-10-02'),
(420,'Adam','Lara','205-576-0006','gilmorecassandra@yahoo.com','1951-11-28','Others',2205,' Phillip Tunnel Suite 144Palmerburgh\, CA 34927 ','Balod','Avadi','Nagaland',078952,266932,3,'Worker','1972-11-28'),
(421,'Mr.','Melvin','326-033-5383','vhensley@yahoo.com','1977-12-10','Male',2500,' Brooks Ridge Apt. 487Garzafort\, IL 70504 ','Nuapada','Mumbai','Jharkhand',542242,859293,9,'Delivery Person','1998-12-10'),
(422,'Tammy','Becker','929-823-6667','ricky15@yahoo.com','1982-12-15','Male',7119,' Vaughan Point Apt. 798Myerstown\, NC 82182 ','Hingoli','Allahabad','Meghalaya',601972,882307,10,'Category Head','2003-12-15'),
(423,'Mrs.','Pamela','136-872-2821','ajones@gmail.com','1943-03-14','Male',5536,' Mcdaniel BridgeJennifertown\, AR 98660 ','Balod','Firozabad','Arunachal Pradesh',411623,506186,10,'Category Head','1964-03-14'),
(424,'John','Meadows','939-002-3709','jennifer20@hotmail.com','2001-06-24','Female',3913,' Rebecca Drive Suite 783Codyside\, NM 52525 ','Kurukshetra','Bikaner','Dadra and Nagar Haveli',344861,470308,10,'Category Head','2022-06-24'),
(425,'Jason','Phelps','155-381-0466','suzannehernandez@yahoo.com','2018-04-21','Others',3423,' Denise Wells Apt. 461Wilsonfurt\, SD 84991 ','Dausa','Ajmer','Lakshadweep',857171,129425,3,'Worker','2039-04-21'),
(426,'Colleen','Taylor','487-255-8170','james81@yahoo.com','1966-01-02','Female',8666,' Carter FordsTranport\, KS 43939 ','Namsai','kota','Arunachal Pradesh',947753,538227,8,'Worker','1987-01-02'),
(427,'Oscar','Perez','390-673-1789','tmoore@yahoo.com','1975-01-03','Male',1065,' Coleman Burg Suite 096Port Timothyton\, NH 20197 ','Senapati','kochi','West Bengal',922171,627714,8,'Worker','1996-01-03'),
(428,'Victoria','Morris','646-421-3258','rhardin@hotmail.com','1964-10-13','Female',4945,' Williams PortBrianview\, WI 17386 ','Anand','Howrah','Gujarat',916154,494699,3,'Worker','1985-10-13'),
(429,'Adam','Porter','314-547-6532','daniellewilliams@hotmail.com','1958-09-16','Female',7927,' Jenna SummitDanieltown\, CT 39120 ','Kurukshetra','Dhule','Puducherry',247581,952954,7,'Worker','1979-09-16'),
(430,'Christopher','Gutierrez','512-080-9966','nathangates@hotmail.com','2000-02-04','Others',7909,' Andrew Alley Suite 955South Brendahaven\, MO 72931 ','Noney','Aizwal','Andhra Pradesh',486873,995479,4,'Worker','2021-02-04'),
(431,'Kelly','Lowe','133-545-6230','amymurillo@yahoo.com','1955-05-19','Male',2415,' Charles Crest Apt. 168North Benjaminmouth\, OK 58672 ','North Goa','Ajmer','Meghalaya',900164,426863,1,'Delivery Person','1976-05-19'),
(432,'Robert','Jackson','690-476-5716','blackregina@gmail.com','1924-04-17','Male',9139,' NunezFPO AE 74020 ','Noney','Jammu','Gujarat',786881,176417,4,'Category Head','1945-04-17'),
(433,'Mary','Webb','681-788-9082','clarkmackenzie@hotmail.com','1915-07-29','Male',5595,' Rodriguez Mount Apt. 770West Jennifer\, WV 85580 ','Firozpur','Bangalore','Rajasthan',332862,120140,6,'Category Head','1936-07-29'),
(434,'Jason','Greene','766-149-2541','arthurblack@gmail.com','2022-03-04','Male',6974,' Janet Heights Suite 272South Codyton\, MS 08327 ','Bellary','kochi','Uttarakhand',094020,729861,5,'Category Head','2043-03-04'),
(435,'Caitlin','Ellison','176-540-6430','harrislucas@hotmail.com','1911-11-29','Male',7793,' Robert WalkEast Rhonda\, WV 26603 ','Serchhip','Howrah','Gujarat',750579,187927,7,'Worker','1932-11-29'),
(436,'Laura','Cline','839-111-1147','timothypatrick@hotmail.com','2020-07-29','Male',5625,' Hayden HollowMartinezview\, OK 09789 ','Serchhip','Jaipur','Goa',755989,991829,10,'Worker','2041-07-29'),
(437,'Melissa','Castillo','964-647-5483','brittanyolson@hotmail.com','2001-06-09','Male',4217,' 7024\, Box 3091APO AP 38181 ','Firozpur','Pune','Manipur',333308,640100,3,'Worker','2022-06-09'),
(438,'Jason','Nguyen','278-430-6815','timothysteele@yahoo.com','2014-01-13','Female',5933,' Kimberly PointsPaulville\, DE 04714 ','Noney','Rajpur','Kerala',129720,936134,8,'Worker','2035-01-13'),
(439,'Brittany','Peterson','449-321-6587','weeksmelissa@yahoo.com','2021-02-02','Others',9168,' Brenda TrackLongbury\, CT 93134 ','Lohit','Gaya','West Bengal',204858,699765,5,'Worker','2042-02-02'),
(440,'Bryan','Harrison','179-746-1372','flove@gmail.com','1907-12-20','Female',2742,' Flynn Avenue Suite 792New David\, IL 75216 ','Bhind','Jammu','Gujarat',620780,563885,8,'Worker','1928-12-20'),
(441,'Dennis','Weaver','937-512-2411','thomaswilliam@gmail.com','1999-04-18','Female',4382,' Lindsey Groves Suite 009New Eric\, AR 64455 ','Korba','Ujjain','Arunachal Pradesh',126588,745636,7,'Delivery Person','2020-04-18'),
(442,'Anthony','Mercado','370-459-5330','jill20@gmail.com','1927-09-10','Others',7959,' Lyons Route Apt. 348Amandaburgh\, MI 97927 ','Nuapada','Karur','Goa',408813,193029,4,'Category Head','1948-09-10'),
(443,'Aaron','Harris','376-478-0006','timothy87@yahoo.com','1920-05-11','Others',4831,' Amber Drive Suite 042Benjaminton\, MA 33599 ','North Goa','kota','Jharkhand',032286,493215,1,'Category Head','1941-05-11'),
(444,'Melanie','Hernandez','513-795-9399','johngonzales@hotmail.com','1951-02-19','Others',2692,' Matthew StravenueSimpsonbury\, OK 29151 ','Dhubri','Solapur','Himachal Pradesh',921456,274448,9,'Category Head','1972-02-19'),
(445,'Lori','Schultz','769-883-0869','karenroberson@hotmail.com','2002-05-07','Others',7228,' Ryan GrovesDavidton\, NH 82047 ','Ukhrul','Bokara','Andhra Pradesh',925610,810150,2,'Worker','2023-05-07'),
(446,'Tammy','Watkins','590-024-5344','snowkim@gmail.com','2007-01-06','Female',5434,' Christopher PassageRaymondchester\, CO 90048 ','Anjaw','Mysore','Manipur',318652,987023,9,'Worker','2028-01-06'),
(447,'Kayla','Freeman','857-007-3524','colinball@hotmail.com','1950-11-06','Female',6311,' Erika BurgsWest Matthew\, NC 17632 ','Kiphire','Surat','Mizoram',161029,724109,8,'Worker','1971-11-06'),
(448,'Jared','Smith','303-268-0563','annbarnett@gmail.com','1928-02-26','Others',8392,' Roach MeadowsSherylland\, SD 68569 ','Alwar','Pune','Arunachal Pradesh',667309,451336,3,'Worker','1949-02-26'),
(449,'Scott','Roberts','539-362-3571','wesley65@gmail.com','1991-10-01','Female',3302,' Robert Freeway Apt. 534Oliverbury\, IN 91074 ','Kapurthala','Vadodara','Tripura',550407,104117,3,'Worker','2012-10-01'),
(450,'Gregory','Williams','647-529-2523','kimberly88@gmail.com','1941-07-17','Female',8557,' Phillip Mission Suite 946Lake Mary\, KY 08239 ','Akola','kota','Madhya Pradesh',114734,697508,3,'Worker','1962-07-17'),
(451,'Dr.','Meghan','464-607-4208','fnguyen@yahoo.com','1921-06-07','Female',3049,' George BypassSouth Edwardshire\, SD 43029 ','Kiphire','Indore','Tripura',428080,197666,4,'Delivery Person','1942-06-07'),
(452,'Bethany','Mcmahon','610-270-1279','mwilliams@hotmail.com','1916-05-01','Male',8072,' Jeff JunctionsKelleyview\, MT 19120 ','Alwar','Kolhapur','Daman and Diu',018694,529223,2,'Category Head','1937-05-01'),
(453,'Mason','Barton','950-426-0570','robertyork@yahoo.com','1929-05-15','Male',8599,' Tammy WallSchultzborough\, GA 83572 ','Goalpara','Surat','West Bengal',177947,426061,2,'Category Head','1950-05-15'),
(454,'Kimberly','Powell','321-523-2941','tanderson@hotmail.com','2019-07-17','Female',1542,' Cook JunctionStewartberg\, NJ 95799 ','Dhubri','Meerut','Mizoram',452394,585809,10,'Category Head','2040-07-17'),
(455,'Amanda','Lee','606-628-4203','williamsnicole@yahoo.com','1950-08-22','Others',7088,' Linda KnollsFischerberg\, WA 96741 ','Namsai','Bellary','Tamil Nadu',669339,287157,2,'Worker','1971-08-22'),
(456,'Zachary','Hoffman','411-452-9375','etran@hotmail.com','1995-02-10','Others',5778,' Jay MissionPort Kellyview\, LA 01939 ','Dibrugarh','Bokara','Lakshadweep',922093,783162,1,'Worker','2016-02-10'),
(457,'Lisa','Adkins','924-524-2143','youngcolin@yahoo.com','1941-07-19','Others',6345,' Lori Manor Apt. 219West Michael\, MT 65375 ','Kurukshetra','Ujjain','Assam',082557,808233,3,'Worker','1962-07-19'),
(458,'Jordan','Blair','232-272-0158','bmorales@gmail.com','1909-04-18','Others',8741,' Elizabeth ForksDennisfort\, IN 90901 ','Palwal','Vadodara','West Bengal',588882,722199,4,'Worker','1930-04-18'),
(459,'Angel','Griffin','472-505-6182','john97@yahoo.com','1971-09-02','Female',6504,' Campbell CrescentLorimouth\, KY 12956 ','Goalpara','Bhopal','Arunachal Pradesh',943530,619401,5,'Worker','1992-09-02'),
(460,'Barbara','Johnson','724-196-8773','maldonadokyle@hotmail.com','2008-10-09','Female',5265,' Guerrero TurnpikeBallardfort\, MT 52551 ','Dausa','Dehradun','Himachal Pradesh',098107,428978,6,'Worker','2029-10-09'),
(461,'Casey','Richardson','772-587-4033','gcrawford@yahoo.com','1924-05-01','Male',2033,' Miller Drives Apt. 459North Michael\, NM 21568 ','Kaithal','Gopalpur','Andaman and Nicobar',558055,474428,9,'Delivery Person','1945-05-01'),
(462,'Mary','Clayton','837-349-6147','peggyrichardson@yahoo.com','1936-05-18','Female',3765,' Rodriguez Trafficway Apt. 812Meganton\, TX 74913 ','Visakhapatnam','Delhi','Punjab',956829,313443,6,'Category Head','1957-05-18'),
(463,'Rebecca','Anderson','518-088-4349','warrenlaurie@hotmail.com','1951-08-22','Others',3266,' Sheppard RapidsTracymouth\, NV 44175 ','Balod','kota','Chandigarh',268246,667244,5,'Category Head','1972-08-22'),
(464,'Kevin','Baker','108-820-7024','orrwilliam@yahoo.com','1999-12-06','Female',2627,' Jones Court Suite 777Lake Lauramouth\, FL 97375 ','Udupi','Gaya','Chandigarh',016423,602617,10,'Category Head','2020-12-06'),
(465,'Alexandria','Smith','806-240-9252','tyoung@gmail.com','1914-10-12','Male',1604,' Olivia EstatesJulieside\, PA 99458 ','Namsai','Gurgaon','Andaman and Nicobar',672382,136654,4,'Worker','1935-10-12'),
(466,'Tiffany','Kelley','496-424-4439','pamela81@gmail.com','1911-07-06','Male',1126,' 3803\, Box 3155APO AE 98252 ','Bhind','Ajmer','Chhattisgarh',163007,727655,10,'Worker','1932-07-06'),
(467,'Brendan','Harris','600-301-1856','tinazuniga@yahoo.com','1999-12-12','Female',7432,' Keith Rest Suite 272North Lindseyfurt\, SC 01816 ','Solan','Panipat','Assam',178246,243073,7,'Worker','2020-12-12'),
(468,'Sarah','Larson','551-862-4387','robert74@hotmail.com','1980-10-20','Others',3047,' Walsh MeadowsSchmidtstad\, IN 21537 ','Chatra','Ahmedabad','Dadra and Nagar Haveli',640923,762944,6,'Worker','2001-10-20'),
(469,'Donna','Gomez','979-579-9331','umitchell@gmail.com','1987-12-09','Male',2476,' Courtney OvalDanielstad\, MA 62286 ','Dharwad','Gurgaon','Dadra and Nagar Haveli',548100,347928,5,'Worker','2008-12-09'),
(470,'Lauren','Young','758-617-1407','michelemullen@hotmail.com','1938-05-28','Female',6893,' Sean ViaPattersonhaven\, NH 79031 ','Akola','Ludhiana','Maharashtra',366776,393593,5,'Worker','1959-05-28'),
(471,'John','Fox','599-299-8131','scottrodney@yahoo.com','2004-04-06','Female',4760,' Phillips Freeway Apt. 499Port Abigail\, IN 64390 ','Korba','Delhi','Haryana',115943,964619,3,'Delivery Person','2025-04-06'),
(472,'Mary','Lara','998-043-6924','andrew91@gmail.com','1983-01-22','Male',9359,' Jeff PinesShawtown\, VT 73014 ','Jind','Meerut','Lakshadweep',370153,597158,3,'Category Head','2004-01-22'),
(473,'David','Franco','356-518-4723','twilson@yahoo.com','1986-10-14','Others',6031,' Robinson ValleyPort Monica\, WA 74366 ','Dausa','Nagpur','Orissa',699569,440657,3,'Category Head','2007-10-14'),
(474,'Mrs.','Amy','504-170-1076','sean60@yahoo.com','1971-06-02','Male',3733,' 5603\, Box 7177APO AE 77154 ','Kishanganj','Ahmedabad','Mizoram',415097,355590,2,'Category Head','1992-06-02'),
(475,'Christopher','Tran','502-885-1966','catherineglenn@hotmail.com','2020-11-03','Female',7410,' Martin Loop Suite 884North Keith\, MT 70831 ','Dausa','Ajmer','Uttarakhand',507851,501740,5,'Worker','2041-11-03'),
(476,'Holly','Pham','819-079-1998','ryanbell@hotmail.com','1989-10-01','Others',9108,' Williams Canyon Suite 239Taraton\, WV 90566 ','Erode','Ujjain','Punjab',019969,652087,6,'Worker','2010-10-01'),
(477,'Nicholas','Baldwin','603-029-3859','collinsstacy@gmail.com','1960-02-12','Others',7835,' Courtney HollowEast Susan\, NJ 80197 ','Mansa','Bilaspur','Nagaland',043649,892889,9,'Worker','1981-02-12'),
(478,'Jennifer','Mendoza','398-359-3027','lbyrd@gmail.com','2001-05-30','Female',7593,' Herrera RowSalazarton\, MD 72977 ','Jind','Bellary','Lakshadweep',684081,986224,9,'Worker','2022-05-30'),
(479,'Troy','Malone','528-102-7415','joshua12@hotmail.com','1953-02-22','Others',5942,' Farrell Mountains Suite 472East Aprilfort\, UT 98078 ','Anand','Dhule','Tamil Nadu',449016,224197,1,'Worker','1974-02-22'),
(480,'Wayne','Smith','522-071-1505','johnflores@gmail.com','1923-03-09','Female',3897,' McknightFPO AP 14890 ','Visakhapatnam','Kanpur','West Bengal',542210,627583,7,'Worker','1944-03-09'),
(481,'Joanna','Stout','119-252-7278','connor63@yahoo.com','1913-02-24','Others',4830,' Mcclain VilleWest Andrew\, GA 36369 ','Ranchi','Kolhapur','Tripura',705463,858711,5,'Delivery Person','1934-02-24'),
(482,'Jared','Williamson','571-195-0464','owhite@hotmail.com','2000-09-27','Others',1719,' Angela Walk Apt. 243Evanschester\, NV 54665 ','Dausa','Alwar','Kerala',158415,893372,10,'Category Head','2021-09-27'),
(483,'Don','Hess','899-519-8893','vkim@hotmail.com','1945-02-09','Male',6737,' Richard Dale Suite 315West Troy\, NH 85848 ','Senapati','Jabalpur','Bihar',993455,675085,7,'Category Head','1966-02-09'),
(484,'Vernon','Santana','800-581-7137','brian35@hotmail.com','1929-06-01','Male',7110,' Lopez CornerSouth Mark\, TN 99123 ','Dibrugarh','Agartala','Telangana',180491,791743,9,'Category Head','1950-06-01'),
(485,'Susan','Miller','681-022-0232','gnelson@gmail.com','2013-09-08','Others',2688,' Vincent Hill Apt. 471Lake John\, MS 18249 ','Wayanad','Solapur','Gujarat',644456,313536,9,'Worker','2034-09-08'),
(486,'Robert','Harmon','958-212-5048','billy37@gmail.com','1986-06-23','Female',8929,' Thompson VillageNorth Lindsey\, WI 21642 ','Baksa','Thane','Maharashtra',311718,356203,2,'Worker','2007-06-23'),
(487,'Carly','Garcia','422-135-3582','younghector@hotmail.com','1978-06-05','Others',4568,' Brown Green Suite 731Lake Robertfort\, UT 15809 ','Serchhip','Gopalpur','Manipur',939024,906088,3,'Worker','1999-06-05'),
(488,'Marvin','Perkins','768-134-8989','brandi58@gmail.com','2002-01-12','Female',4663,' Thomas Flats Apt. 658Port Damonside\, WA 49356 ','Nagpur','kochi','Lakshadweep',641611,524332,2,'Worker','2023-01-12'),
(489,'Julie','King','927-704-0086','acarpenter@yahoo.com','2011-02-12','Female',3976,' Gonzalez Common Apt. 219New Tracey\, OR 51491 ','Palwal','Aligarh','Goa',621513,110020,6,'Worker','2032-02-12'),
(490,'Trevor','Weiss','591-046-2521','ethanfisher@hotmail.com','1930-06-22','Male',9745,' McdonaldFPO AE 89363 ','Dhubri','Kollam','Chandigarh',648598,586137,7,'Worker','1951-06-22'),
(491,'Monique','Miller','365-645-7332','eharvey@yahoo.com','2021-06-01','Male',4712,' Whitney ExpresswayNorth Alexandria\, ID 86943 ','Anand','Erode','Jammu and Kashmir',796673,141283,1,'Delivery Person','2042-06-01'),
(492,'Ashley','Rosales','392-542-4515','ocole@hotmail.com','1957-11-25','Female',9816,' Brown Islands Suite 569Brentview\, TX 05788 ','Kaithal','Erode','Mizoram',144982,686089,9,'Category Head','1978-11-25'),
(493,'Nicholas','Harris','723-704-6278','jonathan38@gmail.com','1929-05-31','Others',6853,' Karen Corner Apt. 840Lake Laura\, GA 78677 ','Noney','Bilaspur','Tamil Nadu',974627,212424,3,'Category Head','1950-05-31'),
(494,'William','Nguyen','105-104-9649','louis54@gmail.com','1995-02-06','Male',3894,' Garza River Apt. 025South Ryanview\, CO 66128 ','Aravalli','Solapur','Goa',977831,566817,1,'Category Head','2016-02-06'),
(495,'Gordon','Smith','182-785-5354','avilamichael@gmail.com','1964-01-27','Female',8682,' Miller Tunnel Apt. 064Brookeshire\, AR 95360 ','Noklak','Surat','Dadra and Nagar Haveli',276631,490779,3,'Worker','1985-01-27'),
(496,'Jose','Perez','916-427-3945','zamoraallison@gmail.com','1919-07-09','Male',1053,' Eaton GlenWrighttown\, VA 08497 ','Vaishali','Vadodara','Jammu and Kashmir',204097,333544,4,'Worker','1940-07-09'),
(497,'Juan','Walker','221-107-6550','smithjesse@gmail.com','1976-06-11','Male',6093,' Joseph Mall Suite 069South Philip\, TX 53220 ','Ahmedabad','Jammu','Daman and Diu',957750,855998,7,'Worker','1997-06-11'),
(498,'Johnathan','Meyers','373-408-3608','renee72@hotmail.com','1979-01-16','Female',7687,' 3807\, Box 9448APO AP 31896 ','Goalpara','kota','Chandigarh',749847,549620,10,'Worker','2000-01-16'),
(499,'Mrs.','Jody','942-622-5710','jacquelinehuerta@yahoo.com','2000-09-12','Male',8880,' White Tunnel Apt. 279Barkermouth\, SD 98140 ','Banka','Bilaspur','Goa',774835,949050,9,'Worker','2021-09-12'),
(500,'Crystal','Jenkins','267-018-1268','christine80@hotmail.com','1946-08-18','Female',3677,' Andrea BurgSouth Jennifer\, IN 44595 ','Thrissur','Durgapur','Gujarat',771132,712964,1,'Worker','1967-08-18');

INSERT INTO Supervision VALUES
(1,1),
(2,1),
(3,1),
(4,1),
(11,2),
(12,2),
(13,2),
(14,2),
(21,3),
(22,3),
(23,3),
(24,3),
(31,4),
(32,4),
(33,4),
(34,4),
(41,5),
(42,5),
(43,5),
(44,5),
(51,6),
(52,6),
(53,6),
(54,6),
(61,7),
(62,7),
(63,7),
(64,7),
(71,8),
(72,8),
(73,8),
(74,8),
(81,9),
(82,9),
(83,9),
(84,9),
(91,10),
(92,10),
(93,10),
(94,10),
(101,11),
(102,11),
(103,11),
(104,11),
(111,12),
(112,12),
(113,12),
(114,12),
(121,13),
(122,13),
(123,13),
(124,13),
(131,14),
(132,14),
(133,14),
(134,14),
(141,15),
(142,15),
(143,15),
(144,15),
(151,16),
(152,16),
(153,16),
(154,16),
(161,17),
(162,17),
(163,17),
(164,17),
(171,18),
(172,18),
(173,18),
(174,18),
(181,19),
(182,19),
(183,19),
(184,19),
(191,20),
(192,20),
(193,20),
(194,20),
(201,21),
(202,21),
(203,21),
(204,21),
(211,22),
(212,22),
(213,22),
(214,22),
(221,23),
(222,23),
(223,23),
(224,23),
(231,24),
(232,24),
(233,24),
(234,24),
(241,25),
(242,25),
(243,25),
(244,25),
(251,26),
(252,26),
(253,26),
(254,26),
(261,27),
(262,27),
(263,27),
(264,27),
(271,28),
(272,28),
(273,28),
(274,28),
(281,29),
(282,29),
(283,29),
(284,29),
(291,30),
(292,30),
(293,30),
(294,30),
(301,31),
(302,31),
(303,31),
(304,31),
(311,32),
(312,32),
(313,32),
(314,32),
(321,33),
(322,33),
(323,33),
(324,33),
(331,34),
(332,34),
(333,34),
(334,34),
(341,35),
(342,35),
(343,35),
(344,35),
(351,36),
(352,36),
(353,36),
(354,36),
(361,37),
(362,37),
(363,37),
(364,37),
(371,38),
(372,38),
(373,38),
(374,38),
(381,39),
(382,39),
(383,39),
(384,39),
(391,40),
(392,40),
(393,40),
(394,40),
(401,41),
(402,41),
(403,41),
(404,41),
(411,42),
(412,42),
(413,42),
(414,42),
(421,43),
(422,43),
(423,43),
(424,43),
(431,44),
(432,44),
(433,44),
(434,44),
(441,45),
(442,45),
(443,45),
(444,45),
(451,46),
(452,46),
(453,46),
(454,46),
(461,47),
(462,47),
(463,47),
(464,47),
(471,48),
(472,48),
(473,48),
(474,48),
(481,49),
(482,49),
(483,49),
(484,49),
(491,50),
(492,50),
(493,50),
(494,50);

INSERT INTO Supervisor VALUES
(2,5),
(2,6),
(3,7),
(3,8),
(4,9),
(4,10),
(12,15),
(12,16),
(13,17),
(13,18),
(14,19),
(14,20),
(22,25),
(22,26),
(23,27),
(23,28),
(24,29),
(24,30),
(32,35),
(32,36),
(33,37),
(33,38),
(34,39),
(34,40),
(42,45),
(42,46),
(43,47),
(43,48),
(44,49),
(44,50),
(52,55),
(52,56),
(53,57),
(53,58),
(54,59),
(54,60),
(62,65),
(62,66),
(63,67),
(63,68),
(64,69),
(64,70),
(72,75),
(72,76),
(73,77),
(73,78),
(74,79),
(74,80),
(82,85),
(82,86),
(83,87),
(83,88),
(84,89),
(84,90),
(92,95),
(92,96),
(93,97),
(93,98),
(94,99),
(94,100),
(102,105),
(102,106),
(103,107),
(103,108),
(104,109),
(104,110),
(112,115),
(112,116),
(113,117),
(113,118),
(114,119),
(114,120),
(122,125),
(122,126),
(123,127),
(123,128),
(124,129),
(124,130),
(132,135),
(132,136),
(133,137),
(133,138),
(134,139),
(134,140),
(142,145),
(142,146),
(143,147),
(143,148),
(144,149),
(144,150),
(152,155),
(152,156),
(153,157),
(153,158),
(154,159),
(154,160),
(162,165),
(162,166),
(163,167),
(163,168),
(164,169),
(164,170),
(172,175),
(172,176),
(173,177),
(173,178),
(174,179),
(174,180),
(182,185),
(182,186),
(183,187),
(183,188),
(184,189),
(184,190),
(192,195),
(192,196),
(193,197),
(193,198),
(194,199),
(194,200),
(202,205),
(202,206),
(203,207),
(203,208),
(204,209),
(204,210),
(212,215),
(212,216),
(213,217),
(213,218),
(214,219),
(214,220),
(222,225),
(222,226),
(223,227),
(223,228),
(224,229),
(224,230),
(232,235),
(232,236),
(233,237),
(233,238),
(234,239),
(234,240),
(242,245),
(242,246),
(243,247),
(243,248),
(244,249),
(244,250),
(252,255),
(252,256),
(253,257),
(253,258),
(254,259),
(254,260),
(262,265),
(262,266),
(263,267),
(263,268),
(264,269),
(264,270),
(272,275),
(272,276),
(273,277),
(273,278),
(274,279),
(274,280),
(282,285),
(282,286),
(283,287),
(283,288),
(284,289),
(284,290),
(292,295),
(292,296),
(293,297),
(293,298),
(294,299),
(294,300),
(302,305),
(302,306),
(303,307),
(303,308),
(304,309),
(304,310),
(312,315),
(312,316),
(313,317),
(313,318),
(314,319),
(314,320),
(322,325),
(322,326),
(323,327),
(323,328),
(324,329),
(324,330),
(332,335),
(332,336),
(333,337),
(333,338),
(334,339),
(334,340),
(342,345),
(342,346),
(343,347),
(343,348),
(344,349),
(344,350),
(352,355),
(352,356),
(353,357),
(353,358),
(354,359),
(354,360),
(362,365),
(362,366),
(363,367),
(363,368),
(364,369),
(364,370),
(372,375),
(372,376),
(373,377),
(373,378),
(374,379),
(374,380),
(382,385),
(382,386),
(383,387),
(383,388),
(384,389),
(384,390),
(392,395),
(392,396),
(393,397),
(393,398),
(394,399),
(394,400),
(402,405),
(402,406),
(403,407),
(403,408),
(404,409),
(404,410),
(412,415),
(412,416),
(413,417),
(413,418),
(414,419),
(414,420),
(422,425),
(422,426),
(423,427),
(423,428),
(424,429),
(424,430),
(432,435),
(432,436),
(433,437),
(433,438),
(434,439),
(434,440),
(442,445),
(442,446),
(443,447),
(443,448),
(444,449),
(444,450),
(452,455),
(452,456),
(453,457),
(453,458),
(454,459),
(454,460),
(462,465),
(462,466),
(463,467),
(463,468),
(464,469),
(464,470),
(472,475),
(472,476),
(473,477),
(473,478),
(474,479),
(474,480),
(482,485),
(482,486),
(483,487),
(483,488),
(484,489),
(484,490),
(492,495),
(492,496),
(493,497),
(493,498),
(494,499),
(494,500);

INSERT INTO CatHead VALUES
(2,1),
(3,2),
(4,3),
(12,1),
(13,2),
(14,3),
(22,1),
(23,2),
(24,3),
(32,1),
(33,2),
(34,3),
(42,1),
(43,2),
(44,3),
(52,1),
(53,2),
(54,3),
(62,1),
(63,2),
(64,3),
(72,1),
(73,2),
(74,3),
(82,1),
(83,2),
(84,3),
(92,1),
(93,2),
(94,3),
(102,1),
(103,2),
(104,3),
(112,1),
(113,2),
(114,3),
(122,1),
(123,2),
(124,3),
(132,1),
(133,2),
(134,3),
(142,1),
(143,2),
(144,3),
(152,1),
(153,2),
(154,3),
(162,1),
(163,2),
(164,3),
(172,1),
(173,2),
(174,3),
(182,1),
(183,2),
(184,3),
(192,1),
(193,2),
(194,3),
(202,1),
(203,2),
(204,3),
(212,1),
(213,2),
(214,3),
(222,1),
(223,2),
(224,3),
(232,1),
(233,2),
(234,3),
(242,1),
(243,2),
(244,3),
(252,1),
(253,2),
(254,3),
(262,1),
(263,2),
(264,3),
(272,1),
(273,2),
(274,3),
(282,1),
(283,2),
(284,3),
(292,1),
(293,2),
(294,3),
(302,1),
(303,2),
(304,3),
(312,1),
(313,2),
(314,3),
(322,1),
(323,2),
(324,3),
(332,1),
(333,2),
(334,3),
(342,1),
(343,2),
(344,3),
(352,1),
(353,2),
(354,3),
(362,1),
(363,2),
(364,3),
(372,1),
(373,2),
(374,3),
(382,1),
(383,2),
(384,3),
(392,1),
(393,2),
(394,3),
(402,1),
(403,2),
(404,3),
(412,1),
(413,2),
(414,3),
(422,1),
(423,2),
(424,3),
(432,1),
(433,2),
(434,3),
(442,1),
(443,2),
(444,3),
(452,1),
(453,2),
(454,3),
(462,1),
(463,2),
(464,3),
(472,1),
(473,2),
(474,3),
(482,1),
(483,2),
(484,3),
(492,1),
(493,2),
(494,3);

INSERT INTO Worker VALUES
(5,1),
(6,1),
(7,2),
(8,2),
(9,3),
(10,3),
(15,1),
(16,1),
(17,2),
(18,2),
(19,3),
(20,3),
(25,1),
(26,1),
(27,2),
(28,2),
(29,3),
(30,3),
(35,1),
(36,1),
(37,2),
(38,2),
(39,3),
(40,3),
(45,1),
(46,1),
(47,2),
(48,2),
(49,3),
(50,3),
(55,1),
(56,1),
(57,2),
(58,2),
(59,3),
(60,3),
(65,1),
(66,1),
(67,2),
(68,2),
(69,3),
(70,3),
(75,1),
(76,1),
(77,2),
(78,2),
(79,3),
(80,3),
(85,1),
(86,1),
(87,2),
(88,2),
(89,3),
(90,3),
(95,1),
(96,1),
(97,2),
(98,2),
(99,3),
(100,3),
(105,1),
(106,1),
(107,2),
(108,2),
(109,3),
(110,3),
(115,1),
(116,1),
(117,2),
(118,2),
(119,3),
(120,3),
(125,1),
(126,1),
(127,2),
(128,2),
(129,3),
(130,3),
(135,1),
(136,1),
(137,2),
(138,2),
(139,3),
(140,3),
(145,1),
(146,1),
(147,2),
(148,2),
(149,3),
(150,3),
(155,1),
(156,1),
(157,2),
(158,2),
(159,3),
(160,3),
(165,1),
(166,1),
(167,2),
(168,2),
(169,3),
(170,3),
(175,1),
(176,1),
(177,2),
(178,2),
(179,3),
(180,3),
(185,1),
(186,1),
(187,2),
(188,2),
(189,3),
(190,3),
(195,1),
(196,1),
(197,2),
(198,2),
(199,3),
(200,3),
(205,1),
(206,1),
(207,2),
(208,2),
(209,3),
(210,3),
(215,1),
(216,1),
(217,2),
(218,2),
(219,3),
(220,3),
(225,1),
(226,1),
(227,2),
(228,2),
(229,3),
(230,3),
(235,1),
(236,1),
(237,2),
(238,2),
(239,3),
(240,3),
(245,1),
(246,1),
(247,2),
(248,2),
(249,3),
(250,3),
(255,1),
(256,1),
(257,2),
(258,2),
(259,3),
(260,3),
(265,1),
(266,1),
(267,2),
(268,2),
(269,3),
(270,3),
(275,1),
(276,1),
(277,2),
(278,2),
(279,3),
(280,3),
(285,1),
(286,1),
(287,2),
(288,2),
(289,3),
(290,3),
(295,1),
(296,1),
(297,2),
(298,2),
(299,3),
(300,3),
(305,1),
(306,1),
(307,2),
(308,2),
(309,3),
(310,3),
(315,1),
(316,1),
(317,2),
(318,2),
(319,3),
(320,3),
(325,1),
(326,1),
(327,2),
(328,2),
(329,3),
(330,3),
(335,1),
(336,1),
(337,2),
(338,2),
(339,3),
(340,3),
(345,1),
(346,1),
(347,2),
(348,2),
(349,3),
(350,3),
(355,1),
(356,1),
(357,2),
(358,2),
(359,3),
(360,3),
(365,1),
(366,1),
(367,2),
(368,2),
(369,3),
(370,3),
(375,1),
(376,1),
(377,2),
(378,2),
(379,3),
(380,3),
(385,1),
(386,1),
(387,2),
(388,2),
(389,3),
(390,3),
(395,1),
(396,1),
(397,2),
(398,2),
(399,3),
(400,3),
(405,1),
(406,1),
(407,2),
(408,2),
(409,3),
(410,3),
(415,1),
(416,1),
(417,2),
(418,2),
(419,3),
(420,3),
(425,1),
(426,1),
(427,2),
(428,2),
(429,3),
(430,3),
(435,1),
(436,1),
(437,2),
(438,2),
(439,3),
(440,3),
(445,1),
(446,1),
(447,2),
(448,2),
(449,3),
(450,3),
(455,1),
(456,1),
(457,2),
(458,2),
(459,3),
(460,3),
(465,1),
(466,1),
(467,2),
(468,2),
(469,3),
(470,3),
(475,1),
(476,1),
(477,2),
(478,2),
(479,3),
(480,3),
(485,1),
(486,1),
(487,2),
(488,2),
(489,3),
(490,3),
(495,1),
(496,1),
(497,2),
(498,2),
(499,3),
(500,3);

insert into Corders values
(1,1, '1000-01-01', '1000-01-01', false, 0),
(2,2, '1000-01-01', '1000-01-01', false, 0),
(3,3, '1000-01-01', '1000-01-01', false, 0),
(4,4, '1000-01-01', '1000-01-01', false, 0),
(5,5, '1000-01-01', '1000-01-01', false, 0),
(6,6, '1000-01-01', '1000-01-01', false, 0),
(7,7, '1000-01-01', '1000-01-01', false, 0),
(8,8, '1000-01-01', '1000-01-01', false, 0),
(9,9, '1000-01-01', '1000-01-01', false, 0),
(10,10 , '1000-01-01', '1000-01-01', false, 0),
(11,11 , '1000-01-01', '1000-01-01', false, 0),
(12,12 , '1000-01-01', '1000-01-01', false, 0),
(13,13 , '1000-01-01', '1000-01-01', false, 0),
(14,14 , '1000-01-01', '1000-01-01', false, 0),
(15,15 , '1000-01-01', '1000-01-01', false, 0),
(16,16 , '1000-01-01', '1000-01-01', false, 0),
(17,17 , '1000-01-01', '1000-01-01', false, 0),
(18,18 , '1000-01-01', '1000-01-01', false, 0),
(19,19 , '1000-01-01', '1000-01-01', false, 0),
(20,20 , '1000-01-01', '1000-01-01', false, 0),
(21,21 , '1000-01-01', '1000-01-01', false, 0),
(22,22 , '1000-01-01', '1000-01-01', false, 0),
(23,23 , '1000-01-01', '1000-01-01', false, 0),
(24,24 , '1000-01-01', '1000-01-01', false, 0),
(25,25 , '1000-01-01', '1000-01-01', false, 0),
(26,26 , '1000-01-01', '1000-01-01', false, 0),
(27,27 , '1000-01-01', '1000-01-01', false, 0),
(28,28 , '1000-01-01', '1000-01-01', false, 0),
(29,29 , '1000-01-01', '1000-01-01', false, 0),
(30,30 , '1000-01-01', '1000-01-01', false, 0),
(31,31 , '1000-01-01', '1000-01-01', false, 0),
(32,32 , '1000-01-01', '1000-01-01', false, 0),
(33,33 , '1000-01-01', '1000-01-01', false, 0),
(34,34 , '1000-01-01', '1000-01-01', false, 0),
(35,35 , '1000-01-01', '1000-01-01', false, 0),
(36,36 , '1000-01-01', '1000-01-01', false, 0),
(37,37 , '1000-01-01', '1000-01-01', false, 0),
(38,38 , '1000-01-01', '1000-01-01', false, 0),
(39,39 , '1000-01-01', '1000-01-01', false, 0),
(40,40 , '1000-01-01', '1000-01-01', false, 0),
(41,41 , '1000-01-01', '1000-01-01', false, 0),
(42,42 , '1000-01-01', '1000-01-01', false, 0),
(43,43 , '1000-01-01', '1000-01-01', false, 0),
(44,44 , '1000-01-01', '1000-01-01', false, 0),
(45,45 , '1000-01-01', '1000-01-01', false, 0),
(46,46 , '1000-01-01', '1000-01-01', false, 0),
(47,47 , '1000-01-01', '1000-01-01', false, 0),
(48,48 , '1000-01-01', '1000-01-01', false, 0),
(49,49 , '1000-01-01', '1000-01-01', false, 0),
(50,50 , '1000-01-01', '1000-01-01', false, 0),
(51,51 , '1000-01-01', '1000-01-01', false, 0),
(52,52 , '1000-01-01', '1000-01-01', false, 0),
(53,53 , '1000-01-01', '1000-01-01', false, 0),
(54,54 , '1000-01-01', '1000-01-01', false, 0),
(55,55 , '1000-01-01', '1000-01-01', false, 0),
(56,56 , '1000-01-01', '1000-01-01', false, 0),
(57,57 , '1000-01-01', '1000-01-01', false, 0),
(58,58 , '1000-01-01', '1000-01-01', false, 0),
(59,59 , '1000-01-01', '1000-01-01', false, 0),
(60,60 , '1000-01-01', '1000-01-01', false, 0),
(61,61 , '1000-01-01', '1000-01-01', false, 0),
(62,62 , '1000-01-01', '1000-01-01', false, 0),
(63,63 , '1000-01-01', '1000-01-01', false, 0),
(67,67 , '1000-01-01', '1000-01-01', false, 0),
(64,64 , '1000-01-01', '1000-01-01', false, 0),
(69,69 , '1000-01-01', '1000-01-01', false, 0),
(65,65 , '1000-01-01', '1000-01-01', false, 0),
(71,71 , '1000-01-01', '1000-01-01', false, 0),
(66,66 , '1000-01-01', '1000-01-01', false, 0),
(73,73 , '1000-01-01', '1000-01-01', false, 0),
(68,68 , '1000-01-01', '1000-01-01', false, 0),
(75,75 , '1000-01-01', '1000-01-01', false, 0),
(70,70 , '1000-01-01', '1000-01-01', false, 0),
(77,77 , '1000-01-01', '1000-01-01', false, 0),
(72,72 , '1000-01-01', '1000-01-01', false, 0),
(79,79 , '1000-01-01', '1000-01-01', false, 0),
(74,74 , '1000-01-01', '1000-01-01', false, 0),
(81,81 , '1000-01-01', '1000-01-01', false, 0),
(76,76 , '1000-01-01', '1000-01-01', false, 0),
(83,83 , '1000-01-01', '1000-01-01', false, 0),
(78,78 , '1000-01-01', '1000-01-01', false, 0),
(85,85 , '1000-01-01', '1000-01-01', false, 0),
(80,80 , '1000-01-01', '1000-01-01', false, 0),
(87,87 , '1000-01-01', '1000-01-01', false, 0),
(82,82 , '1000-01-01', '1000-01-01', false, 0),
(89,89 , '1000-01-01', '1000-01-01', false, 0),
(84,84 , '1000-01-01', '1000-01-01', false, 0),
(91,91 , '1000-01-01', '1000-01-01', false, 0),
(86,86 , '1000-01-01', '1000-01-01', false, 0),
(93,93 , '1000-01-01', '1000-01-01', false, 0),
(88,88 , '1000-01-01', '1000-01-01', false, 0),
(95,95 , '1000-01-01', '1000-01-01', false, 0),
(90,90 , '1000-01-01', '1000-01-01', false, 0),
(97,97 , '1000-01-01', '1000-01-01', false, 0),
(92,92 , '1000-01-01', '1000-01-01', false, 0),
(99,99 , '1000-01-01', '1000-01-01', false, 0),
(94,94 , '1000-01-01', '1000-01-01', false, 0),
(96,96 , '1000-01-01', '1000-01-01', false, 0),
(98,98 , '1000-01-01', '1000-01-01', false, 0),
(100,100, '1000-01-01', '1000-01-01', false, 0),
(101,101, '1000-01-01', '1000-01-01', false, 0),
(102,102, '1000-01-01', '1000-01-01', false, 0),
(103,103, '1000-01-01', '1000-01-01', false, 0),
(104,104, '1000-01-01', '1000-01-01', false, 0),
(105,105, '1000-01-01', '1000-01-01', false, 0),
(106,106, '1000-01-01', '1000-01-01', false, 0),
(107,107, '1000-01-01', '1000-01-01', false, 0),
(108,108, '1000-01-01', '1000-01-01', false, 0),
(109,109, '1000-01-01', '1000-01-01', false, 0),
(110,110, '1000-01-01', '1000-01-01', false, 0),
(111,111, '1000-01-01', '1000-01-01', false, 0),
(112,112, '1000-01-01', '1000-01-01', false, 0),
(113,113, '1000-01-01', '1000-01-01', false, 0),
(114,114, '1000-01-01', '1000-01-01', false, 0),
(115,115, '1000-01-01', '1000-01-01', false, 0),
(116,116, '1000-01-01', '1000-01-01', false, 0),
(117,117, '1000-01-01', '1000-01-01', false, 0),
(118,118, '1000-01-01', '1000-01-01', false, 0),
(119,119, '1000-01-01', '1000-01-01', false, 0),
(120,120, '1000-01-01', '1000-01-01', false, 0),
(121,121, '1000-01-01', '1000-01-01', false, 0),
(122,122, '1000-01-01', '1000-01-01', false, 0),
(123,123, '1000-01-01', '1000-01-01', false, 0),
(124,124, '1000-01-01', '1000-01-01', false, 0),
(125,125, '1000-01-01', '1000-01-01', false, 0),
(126,126, '1000-01-01', '1000-01-01', false, 0),
(127,127, '1000-01-01', '1000-01-01', false, 0),
(128,128, '1000-01-01', '1000-01-01', false, 0),
(129,129, '1000-01-01', '1000-01-01', false, 0),
(130,130, '1000-01-01', '1000-01-01', false, 0),
(131,131, '1000-01-01', '1000-01-01', false, 0),
(132,132, '1000-01-01', '1000-01-01', false, 0),
(133,133, '1000-01-01', '1000-01-01', false, 0),
(134,134, '1000-01-01', '1000-01-01', false, 0),
(135,135, '1000-01-01', '1000-01-01', false, 0),
(136,136, '1000-01-01', '1000-01-01', false, 0),
(137,137, '1000-01-01', '1000-01-01', false, 0),
(138,138, '1000-01-01', '1000-01-01', false, 0),
(139,139, '1000-01-01', '1000-01-01', false, 0),
(140,140, '1000-01-01', '1000-01-01', false, 0),
(141,141, '1000-01-01', '1000-01-01', false, 0),
(142,142, '1000-01-01', '1000-01-01', false, 0),
(143,143, '1000-01-01', '1000-01-01', false, 0),
(144,144, '1000-01-01', '1000-01-01', false, 0),
(145,145, '1000-01-01', '1000-01-01', false, 0),
(146,146, '1000-01-01', '1000-01-01', false, 0),
(147,147, '1000-01-01', '1000-01-01', false, 0),
(148,148, '1000-01-01', '1000-01-01', false, 0),
(149,149, '1000-01-01', '1000-01-01', false, 0),
(150,150, '1000-01-01', '1000-01-01', false, 0),
(151,151, '1000-01-01', '1000-01-01', false, 0),
(152,152, '1000-01-01', '1000-01-01', false, 0),
(153,153, '1000-01-01', '1000-01-01', false, 0),
(154,154, '1000-01-01', '1000-01-01', false, 0),
(155,155, '1000-01-01', '1000-01-01', false, 0),
(156,156, '1000-01-01', '1000-01-01', false, 0),
(157,157, '1000-01-01', '1000-01-01', false, 0),
(158,158, '1000-01-01', '1000-01-01', false, 0),
(159,159, '1000-01-01', '1000-01-01', false, 0),
(160,160, '1000-01-01', '1000-01-01', false, 0),
(161,161, '1000-01-01', '1000-01-01', false, 0),
(162,162, '1000-01-01', '1000-01-01', false, 0),
(163,163, '1000-01-01', '1000-01-01', false, 0),
(164,164, '1000-01-01', '1000-01-01', false, 0),
(165,165, '1000-01-01', '1000-01-01', false, 0),
(166,166, '1000-01-01', '1000-01-01', false, 0),
(167,167, '1000-01-01', '1000-01-01', false, 0),
(168,168, '1000-01-01', '1000-01-01', false, 0),
(169,169, '1000-01-01', '1000-01-01', false, 0),
(170,170, '1000-01-01', '1000-01-01', false, 0),
(171,171, '1000-01-01', '1000-01-01', false, 0),
(172,172, '1000-01-01', '1000-01-01', false, 0),
(173,173, '1000-01-01', '1000-01-01', false, 0),
(174,174, '1000-01-01', '1000-01-01', false, 0),
(175,175, '1000-01-01', '1000-01-01', false, 0),
(176,176, '1000-01-01', '1000-01-01', false, 0),
(177,177, '1000-01-01', '1000-01-01', false, 0),
(178,178, '1000-01-01', '1000-01-01', false, 0),
(179,179, '1000-01-01', '1000-01-01', false, 0),
(180,180, '1000-01-01', '1000-01-01', false, 0),
(181,181, '1000-01-01', '1000-01-01', false, 0),
(182,182, '1000-01-01', '1000-01-01', false, 0),
(183,183, '1000-01-01', '1000-01-01', false, 0),
(184,184, '1000-01-01', '1000-01-01', false, 0),
(185,185, '1000-01-01', '1000-01-01', false, 0),
(186,186, '1000-01-01', '1000-01-01', false, 0),
(187,187, '1000-01-01', '1000-01-01', false, 0),
(188,188, '1000-01-01', '1000-01-01', false, 0),
(189,189, '1000-01-01', '1000-01-01', false, 0),
(190,190, '1000-01-01', '1000-01-01', false, 0),
(191,191, '1000-01-01', '1000-01-01', false, 0),
(192,192, '1000-01-01', '1000-01-01', false, 0),
(193,193, '1000-01-01', '1000-01-01', false, 0),
(194,194, '1000-01-01', '1000-01-01', false, 0),
(195,195, '1000-01-01', '1000-01-01', false, 0),
(196,196, '1000-01-01', '1000-01-01', false, 0),
(197,197, '1000-01-01', '1000-01-01', false, 0),
(198,198, '1000-01-01', '1000-01-01', false, 0),
(199,199, '1000-01-01', '1000-01-01', false, 0),
(200,200, '1000-01-01', '1000-01-01', false, 0),
(201,201, '1000-01-01', '1000-01-01', false, 0),
(202,202, '1000-01-01', '1000-01-01', false, 0),
(203,203, '1000-01-01', '1000-01-01', false, 0),
(204,204, '1000-01-01', '1000-01-01', false, 0),
(205,205, '1000-01-01', '1000-01-01', false, 0),
(206,206, '1000-01-01', '1000-01-01', false, 0),
(207,207, '1000-01-01', '1000-01-01', false, 0),
(208,208, '1000-01-01', '1000-01-01', false, 0),
(209,209, '1000-01-01', '1000-01-01', false, 0),
(210,210, '1000-01-01', '1000-01-01', false, 0),
(211,211, '1000-01-01', '1000-01-01', false, 0),
(212,212, '1000-01-01', '1000-01-01', false, 0),
(213,213, '1000-01-01', '1000-01-01', false, 0),
(214,214, '1000-01-01', '1000-01-01', false, 0),
(215,215, '1000-01-01', '1000-01-01', false, 0),
(216,216, '1000-01-01', '1000-01-01', false, 0),
(217,217, '1000-01-01', '1000-01-01', false, 0),
(218,218, '1000-01-01', '1000-01-01', false, 0),
(219,219, '1000-01-01', '1000-01-01', false, 0),
(220,220, '1000-01-01', '1000-01-01', false, 0),
(221,221, '1000-01-01', '1000-01-01', false, 0),
(222,222, '1000-01-01', '1000-01-01', false, 0),
(223,223, '1000-01-01', '1000-01-01', false, 0),
(224,224, '1000-01-01', '1000-01-01', false, 0),
(225,225, '1000-01-01', '1000-01-01', false, 0),
(226,226, '1000-01-01', '1000-01-01', false, 0),
(227,227, '1000-01-01', '1000-01-01', false, 0),
(228,228, '1000-01-01', '1000-01-01', false, 0),
(229,229, '1000-01-01', '1000-01-01', false, 0),
(230,230, '1000-01-01', '1000-01-01', false, 0),
(231,231, '1000-01-01', '1000-01-01', false, 0),
(232,232, '1000-01-01', '1000-01-01', false, 0),
(233,233, '1000-01-01', '1000-01-01', false, 0),
(234,234, '1000-01-01', '1000-01-01', false, 0),
(235,235, '1000-01-01', '1000-01-01', false, 0),
(236,236, '1000-01-01', '1000-01-01', false, 0),
(237,237, '1000-01-01', '1000-01-01', false, 0),
(238,238, '1000-01-01', '1000-01-01', false, 0),
(239,239, '1000-01-01', '1000-01-01', false, 0),
(240,240, '1000-01-01', '1000-01-01', false, 0),
(241,241, '1000-01-01', '1000-01-01', false, 0),
(242,242, '1000-01-01', '1000-01-01', false, 0),
(243,243, '1000-01-01', '1000-01-01', false, 0),
(244,244, '1000-01-01', '1000-01-01', false, 0),
(245,245, '1000-01-01', '1000-01-01', false, 0),
(246,246, '1000-01-01', '1000-01-01', false, 0),
(247,247, '1000-01-01', '1000-01-01', false, 0),
(248,248, '1000-01-01', '1000-01-01', false, 0),
(249,249, '1000-01-01', '1000-01-01', false, 0),
(250,250, '1000-01-01', '1000-01-01', false, 0),
(251,251, '1000-01-01', '1000-01-01', false, 0),
(252,252, '1000-01-01', '1000-01-01', false, 0),
(253,253, '1000-01-01', '1000-01-01', false, 0),
(254,254, '1000-01-01', '1000-01-01', false, 0),
(255,255, '1000-01-01', '1000-01-01', false, 0),
(256,256, '1000-01-01', '1000-01-01', false, 0),
(257,257, '1000-01-01', '1000-01-01', false, 0),
(258,258, '1000-01-01', '1000-01-01', false, 0),
(259,259, '1000-01-01', '1000-01-01', false, 0),
(260,260, '1000-01-01', '1000-01-01', false, 0),
(261,261, '1000-01-01', '1000-01-01', false, 0),
(262,262, '1000-01-01', '1000-01-01', false, 0),
(263,263, '1000-01-01', '1000-01-01', false, 0),
(264,264, '1000-01-01', '1000-01-01', false, 0),
(265,265, '1000-01-01', '1000-01-01', false, 0),
(266,266, '1000-01-01', '1000-01-01', false, 0),
(267,267, '1000-01-01', '1000-01-01', false, 0),
(268,268, '1000-01-01', '1000-01-01', false, 0),
(269,269, '1000-01-01', '1000-01-01', false, 0),
(270,270, '1000-01-01', '1000-01-01', false, 0),
(271,271, '1000-01-01', '1000-01-01', false, 0),
(272,272, '1000-01-01', '1000-01-01', false, 0),
(273,273, '1000-01-01', '1000-01-01', false, 0),
(274,274, '1000-01-01', '1000-01-01', false, 0),
(275,275, '1000-01-01', '1000-01-01', false, 0),
(276,276, '1000-01-01', '1000-01-01', false, 0),
(277,277, '1000-01-01', '1000-01-01', false, 0),
(278,278, '1000-01-01', '1000-01-01', false, 0),
(279,279, '1000-01-01', '1000-01-01', false, 0),
(280,280, '1000-01-01', '1000-01-01', false, 0),
(281,281, '1000-01-01', '1000-01-01', false, 0),
(282,282, '1000-01-01', '1000-01-01', false, 0),
(283,283, '1000-01-01', '1000-01-01', false, 0),
(284,284, '1000-01-01', '1000-01-01', false, 0),
(285,285, '1000-01-01', '1000-01-01', false, 0),
(286,286, '1000-01-01', '1000-01-01', false, 0),
(287,287, '1000-01-01', '1000-01-01', false, 0),
(288,288, '1000-01-01', '1000-01-01', false, 0),
(289,289, '1000-01-01', '1000-01-01', false, 0),
(290,290, '1000-01-01', '1000-01-01', false, 0),
(291,291, '1000-01-01', '1000-01-01', false, 0),
(292,292, '1000-01-01', '1000-01-01', false, 0),
(293,293, '1000-01-01', '1000-01-01', false, 0),
(294,294, '1000-01-01', '1000-01-01', false, 0),
(295,295, '1000-01-01', '1000-01-01', false, 0),
(296,296, '1000-01-01', '1000-01-01', false, 0),
(297,297, '1000-01-01', '1000-01-01', false, 0),
(298,298, '1000-01-01', '1000-01-01', false, 0),
(299,299, '1000-01-01', '1000-01-01', false, 0),
(300,300, '1000-01-01', '1000-01-01', false, 0),
(301,301, '1000-01-01', '1000-01-01', false, 0),
(302,302, '1000-01-01', '1000-01-01', false, 0),
(303,303, '1000-01-01', '1000-01-01', false, 0),
(304,304, '1000-01-01', '1000-01-01', false, 0),
(305,305, '1000-01-01', '1000-01-01', false, 0),
(306,306, '1000-01-01', '1000-01-01', false, 0),
(307,307, '1000-01-01', '1000-01-01', false, 0),
(308,308, '1000-01-01', '1000-01-01', false, 0),
(309,309, '1000-01-01', '1000-01-01', false, 0),
(310,310, '1000-01-01', '1000-01-01', false, 0),
(311,311, '1000-01-01', '1000-01-01', false, 0),
(312,312, '1000-01-01', '1000-01-01', false, 0),
(313,313, '1000-01-01', '1000-01-01', false, 0),
(314,314, '1000-01-01', '1000-01-01', false, 0),
(315,315, '1000-01-01', '1000-01-01', false, 0),
(316,316, '1000-01-01', '1000-01-01', false, 0),
(317,317, '1000-01-01', '1000-01-01', false, 0),
(318,318, '1000-01-01', '1000-01-01', false, 0),
(319,319, '1000-01-01', '1000-01-01', false, 0),
(320,320, '1000-01-01', '1000-01-01', false, 0),
(321,321, '1000-01-01', '1000-01-01', false, 0),
(322,322, '1000-01-01', '1000-01-01', false, 0),
(323,323, '1000-01-01', '1000-01-01', false, 0),
(324,324, '1000-01-01', '1000-01-01', false, 0),
(325,325, '1000-01-01', '1000-01-01', false, 0),
(326,326, '1000-01-01', '1000-01-01', false, 0),
(327,327, '1000-01-01', '1000-01-01', false, 0),
(328,328, '1000-01-01', '1000-01-01', false, 0),
(329,329, '1000-01-01', '1000-01-01', false, 0),
(330,330, '1000-01-01', '1000-01-01', false, 0),
(331,331, '1000-01-01', '1000-01-01', false, 0),
(332,332, '1000-01-01', '1000-01-01', false, 0),
(333,333, '1000-01-01', '1000-01-01', false, 0),
(334,334, '1000-01-01', '1000-01-01', false, 0),
(335,335, '1000-01-01', '1000-01-01', false, 0),
(336,336, '1000-01-01', '1000-01-01', false, 0),
(337,337, '1000-01-01', '1000-01-01', false, 0),
(338,338, '1000-01-01', '1000-01-01', false, 0),
(339,339, '1000-01-01', '1000-01-01', false, 0),
(340,340, '1000-01-01', '1000-01-01', false, 0),
(341,341, '1000-01-01', '1000-01-01', false, 0),
(342,342, '1000-01-01', '1000-01-01', false, 0),
(343,343, '1000-01-01', '1000-01-01', false, 0),
(344,344, '1000-01-01', '1000-01-01', false, 0),
(345,345, '1000-01-01', '1000-01-01', false, 0),
(346,346, '1000-01-01', '1000-01-01', false, 0),
(347,347, '1000-01-01', '1000-01-01', false, 0),
(348,348, '1000-01-01', '1000-01-01', false, 0),
(349,349, '1000-01-01', '1000-01-01', false, 0),
(350,350, '1000-01-01', '1000-01-01', false, 0),
(351,351, '1000-01-01', '1000-01-01', false, 0),
(352,352, '1000-01-01', '1000-01-01', false, 0),
(353,353, '1000-01-01', '1000-01-01', false, 0),
(354,354, '1000-01-01', '1000-01-01', false, 0),
(355,355, '1000-01-01', '1000-01-01', false, 0),
(356,356, '1000-01-01', '1000-01-01', false, 0),
(357,357, '1000-01-01', '1000-01-01', false, 0),
(358,358, '1000-01-01', '1000-01-01', false, 0),
(359,359, '1000-01-01', '1000-01-01', false, 0),
(360,360, '1000-01-01', '1000-01-01', false, 0),
(361,361, '1000-01-01', '1000-01-01', false, 0),
(362,362, '1000-01-01', '1000-01-01', false, 0),
(363,363, '1000-01-01', '1000-01-01', false, 0),
(364,364, '1000-01-01', '1000-01-01', false, 0),
(365,365, '1000-01-01', '1000-01-01', false, 0),
(366,366, '1000-01-01', '1000-01-01', false, 0),
(367,367, '1000-01-01', '1000-01-01', false, 0),
(368,368, '1000-01-01', '1000-01-01', false, 0),
(369,369, '1000-01-01', '1000-01-01', false, 0),
(370,370, '1000-01-01', '1000-01-01', false, 0),
(371,371, '1000-01-01', '1000-01-01', false, 0),
(372,372, '1000-01-01', '1000-01-01', false, 0),
(373,373, '1000-01-01', '1000-01-01', false, 0),
(374,374, '1000-01-01', '1000-01-01', false, 0),
(375,375, '1000-01-01', '1000-01-01', false, 0),
(376,376, '1000-01-01', '1000-01-01', false, 0),
(377,377, '1000-01-01', '1000-01-01', false, 0),
(378,378, '1000-01-01', '1000-01-01', false, 0),
(379,379, '1000-01-01', '1000-01-01', false, 0),
(380,380, '1000-01-01', '1000-01-01', false, 0),
(381,381, '1000-01-01', '1000-01-01', false, 0),
(382,382, '1000-01-01', '1000-01-01', false, 0),
(383,383, '1000-01-01', '1000-01-01', false, 0),
(384,384, '1000-01-01', '1000-01-01', false, 0),
(385,385, '1000-01-01', '1000-01-01', false, 0),
(386,386, '1000-01-01', '1000-01-01', false, 0),
(387,387, '1000-01-01', '1000-01-01', false, 0),
(388,388, '1000-01-01', '1000-01-01', false, 0),
(389,389, '1000-01-01', '1000-01-01', false, 0),
(390,390, '1000-01-01', '1000-01-01', false, 0),
(391,391, '1000-01-01', '1000-01-01', false, 0),
(392,392, '1000-01-01', '1000-01-01', false, 0),
(393,393, '1000-01-01', '1000-01-01', false, 0),
(394,394, '1000-01-01', '1000-01-01', false, 0),
(395,395, '1000-01-01', '1000-01-01', false, 0),
(396,396, '1000-01-01', '1000-01-01', false, 0),
(397,397, '1000-01-01', '1000-01-01', false, 0),
(398,398, '1000-01-01', '1000-01-01', false, 0),
(399,399, '1000-01-01', '1000-01-01', false, 0),
(400,400, '1000-01-01', '1000-01-01', false, 0),
(401,401, '1000-01-01', '1000-01-01', false, 0),
(402,402, '1000-01-01', '1000-01-01', false, 0),
(403,403, '1000-01-01', '1000-01-01', false, 0),
(404,404, '1000-01-01', '1000-01-01', false, 0),
(405,405, '1000-01-01', '1000-01-01', false, 0),
(406,406, '1000-01-01', '1000-01-01', false, 0),
(407,407, '1000-01-01', '1000-01-01', false, 0),
(408,408, '1000-01-01', '1000-01-01', false, 0),
(409,409, '1000-01-01', '1000-01-01', false, 0),
(410,410, '1000-01-01', '1000-01-01', false, 0),
(411,411, '1000-01-01', '1000-01-01', false, 0),
(412,412, '1000-01-01', '1000-01-01', false, 0),
(413,413, '1000-01-01', '1000-01-01', false, 0),
(414,414, '1000-01-01', '1000-01-01', false, 0),
(415,415, '1000-01-01', '1000-01-01', false, 0),
(416,416, '1000-01-01', '1000-01-01', false, 0),
(417,417, '1000-01-01', '1000-01-01', false, 0),
(418,418, '1000-01-01', '1000-01-01', false, 0),
(419,419, '1000-01-01', '1000-01-01', false, 0),
(420,420, '1000-01-01', '1000-01-01', false, 0),
(421,421, '1000-01-01', '1000-01-01', false, 0),
(422,422, '1000-01-01', '1000-01-01', false, 0),
(423,423, '1000-01-01', '1000-01-01', false, 0),
(424,424, '1000-01-01', '1000-01-01', false, 0),
(425,425, '1000-01-01', '1000-01-01', false, 0),
(426,426, '1000-01-01', '1000-01-01', false, 0),
(427,427, '1000-01-01', '1000-01-01', false, 0),
(428,428, '1000-01-01', '1000-01-01', false, 0),
(429,429, '1000-01-01', '1000-01-01', false, 0),
(430,430, '1000-01-01', '1000-01-01', false, 0),
(431,431, '1000-01-01', '1000-01-01', false, 0),
(432,432, '1000-01-01', '1000-01-01', false, 0),
(433,433, '1000-01-01', '1000-01-01', false, 0),
(434,434, '1000-01-01', '1000-01-01', false, 0),
(435,435, '1000-01-01', '1000-01-01', false, 0),
(436,436, '1000-01-01', '1000-01-01', false, 0),
(437,437, '1000-01-01', '1000-01-01', false, 0),
(438,438, '1000-01-01', '1000-01-01', false, 0),
(439,439, '1000-01-01', '1000-01-01', false, 0),
(440,440, '1000-01-01', '1000-01-01', false, 0),
(441,441, '1000-01-01', '1000-01-01', false, 0),
(442,442, '1000-01-01', '1000-01-01', false, 0),
(443,443, '1000-01-01', '1000-01-01', false, 0),
(444,444, '1000-01-01', '1000-01-01', false, 0),
(445,445, '1000-01-01', '1000-01-01', false, 0),
(446,446, '1000-01-01', '1000-01-01', false, 0),
(447,447, '1000-01-01', '1000-01-01', false, 0),
(448,448, '1000-01-01', '1000-01-01', false, 0),
(449,449, '1000-01-01', '1000-01-01', false, 0),
(450,450, '1000-01-01', '1000-01-01', false, 0),
(451,451, '1000-01-01', '1000-01-01', false, 0),
(452,452, '1000-01-01', '1000-01-01', false, 0),
(453,453, '1000-01-01', '1000-01-01', false, 0),
(454,454, '1000-01-01', '1000-01-01', false, 0),
(455,455, '1000-01-01', '1000-01-01', false, 0),
(456,456, '1000-01-01', '1000-01-01', false, 0),
(457,457, '1000-01-01', '1000-01-01', false, 0),
(458,458, '1000-01-01', '1000-01-01', false, 0),
(459,459, '1000-01-01', '1000-01-01', false, 0),
(460,460, '1000-01-01', '1000-01-01', false, 0),
(461,461, '1000-01-01', '1000-01-01', false, 0),
(462,462, '1000-01-01', '1000-01-01', false, 0),
(463,463, '1000-01-01', '1000-01-01', false, 0),
(464,464, '1000-01-01', '1000-01-01', false, 0),
(465,465, '1000-01-01', '1000-01-01', false, 0),
(466,466, '1000-01-01', '1000-01-01', false, 0),
(467,467, '1000-01-01', '1000-01-01', false, 0),
(468,468, '1000-01-01', '1000-01-01', false, 0),
(469,469, '1000-01-01', '1000-01-01', false, 0),
(470,470, '1000-01-01', '1000-01-01', false, 0),
(471,471, '1000-01-01', '1000-01-01', false, 0),
(472,472, '1000-01-01', '1000-01-01', false, 0),
(473,473, '1000-01-01', '1000-01-01', false, 0),
(474,474, '1000-01-01', '1000-01-01', false, 0),
(475,475, '1000-01-01', '1000-01-01', false, 0),
(476,476, '1000-01-01', '1000-01-01', false, 0),
(477,477, '1000-01-01', '1000-01-01', false, 0),
(478,478, '1000-01-01', '1000-01-01', false, 0),
(479,479, '1000-01-01', '1000-01-01', false, 0),
(480,480, '1000-01-01', '1000-01-01', false, 0),
(481,481, '1000-01-01', '1000-01-01', false, 0),
(482,482, '1000-01-01', '1000-01-01', false, 0),
(483,483, '1000-01-01', '1000-01-01', false, 0),
(484,484, '1000-01-01', '1000-01-01', false, 0),
(485,485, '1000-01-01', '1000-01-01', false, 0),
(486,486, '1000-01-01', '1000-01-01', false, 0),
(487,487, '1000-01-01', '1000-01-01', false, 0),
(488,488, '1000-01-01', '1000-01-01', false, 0),
(489,489, '1000-01-01', '1000-01-01', false, 0),
(490,490, '1000-01-01', '1000-01-01', false, 0),
(491,491, '1000-01-01', '1000-01-01', false, 0),
(492,492, '1000-01-01', '1000-01-01', false, 0),
(493,493, '1000-01-01', '1000-01-01', false, 0),
(494,494, '1000-01-01', '1000-01-01', false, 0),
(495,495, '1000-01-01', '1000-01-01', false, 0),
(496,496, '1000-01-01', '1000-01-01', false, 0),
(497,497, '1000-01-01', '1000-01-01', false, 0),
(498,498, '1000-01-01', '1000-01-01', false, 0),
(499,499, '1000-01-01', '1000-01-01', false, 0),
(500,500, '1000-01-01', '1000-01-01', false, 0),
(1001,5,'2012-01-19','2012-01-24',false,7304),
(1002,5,'2021-04-30','2021-05-05',false,2332),
(1003,10,'2010-04-26','2010-05-01',false,10026),
(1004,10,'2015-05-12','2015-05-17',false,1594),
(1005,10,'2018-12-22','2018-12-27',false,8676),
(1006,15,'2009-01-25','2009-01-30',false,3254),
(1007,15,'2019-09-01','2019-09-06',false,13612),
(1008,20,'2019-06-21','2019-06-26',false,2254),
(1009,20,'2011-07-08','2011-07-13',false,10382),
(1010,20,'2021-11-09','2021-11-14',false,1076),
(1011,25,'2021-04-12','2021-04-17',false,12838),
(1012,25,'2018-07-20','2018-07-25',false,3684),
(1013,30,'2013-12-30','2014-01-04',false,6006),
(1014,30,'2015-02-09','2015-02-14',false,3684),
(1015,30,'2014-11-12','2014-11-17',false,20212),
(1016,35,'2018-09-12','2018-09-17',false,6656),
(1017,35,'2016-09-30','2016-10-05',false,19236),
(1018,40,'2017-12-05','2017-12-10',false,4620),
(1019,40,'2011-06-26','2011-07-01',false,13914),
(1020,40,'2012-01-25','2012-01-30',false,2046),
(1021,45,'2012-02-13','2012-02-18',false,10170),
(1022,45,'2022-02-07','2022-02-12',false,1162),
(1023,50,'2009-07-08','2009-07-13',false,8562),
(1024,50,'2016-07-15','2016-07-20',false,4722),
(1025,50,'2016-03-27','2016-04-01',false,18004),
(1026,55,'2013-12-11','2013-12-16',false,1862),
(1027,55,'2016-05-19','2016-05-24',false,16860),
(1028,60,'2010-07-02','2010-07-07',false,806),
(1029,60,'2022-02-17','2022-02-22',false,11176),
(1030,60,'2010-01-05','2010-01-10',false,10368),
(1031,65,'2019-09-28','2019-10-03',false,17060),
(1032,65,'2017-09-24','2017-09-29',false,4224),
(1033,70,'2013-02-21','2013-02-26',false,6408),
(1034,70,'2009-02-14','2009-02-19',false,8688),
(1035,70,'2011-08-16','2011-08-21',false,4538),
(1036,75,'2019-06-07','2019-06-12',false,6732),
(1037,75,'2009-07-31','2009-08-05',false,11868),
(1038,80,'2014-10-31','2014-11-05',false,1884),
(1039,80,'2010-07-19','2010-07-24',false,3642),
(1040,80,'2021-08-28','2021-09-02',false,2054),
(1041,85,'2021-03-22','2021-03-27',false,6668),
(1042,85,'2012-06-26','2012-07-01',false,2196),
(1043,90,'2020-07-07','2020-07-12',false,11616),
(1044,90,'2014-09-13','2014-09-18',false,10344),
(1045,90,'2011-11-12','2011-11-17',false,12624),
(1046,95,'2015-11-19','2015-11-24',false,1960),
(1047,95,'2009-08-23','2009-08-28',false,20310),
(1048,100,'2011-10-24','2011-10-29',false,8592),
(1049,100,'2018-01-11','2018-01-16',false,7446),
(1050,100,'2022-04-01','2022-04-06',false,6588),
(1051,105,'2010-06-02','2010-06-07',false,12630),
(1052,105,'2021-01-13','2021-01-18',false,8490),
(1053,110,'2018-12-04','2018-12-09',false,14248),
(1054,110,'2021-12-25','2021-12-30',false,704),
(1055,110,'2012-06-18','2012-06-23',false,9824),
(1056,115,'2017-12-03','2017-12-08',false,9768),
(1057,115,'2019-08-27','2019-09-01',false,7142),
(1058,120,'2015-02-24','2015-03-01',false,6162),
(1059,120,'2020-07-19','2020-07-24',false,7896),
(1060,120,'2009-04-18','2009-04-23',false,2448),
(1061,125,'2019-10-15','2019-10-20',false,14858),
(1062,125,'2009-07-30','2009-08-04',false,2744),
(1063,130,'2016-08-12','2016-08-17',false,8052),
(1064,130,'2009-01-06','2009-01-11',false,946),
(1065,130,'2012-01-23','2012-01-28',false,6276),
(1066,135,'2017-03-20','2017-03-25',false,6942),
(1067,135,'2011-08-22','2011-08-27',false,6852),
(1068,140,'2014-05-29','2014-06-03',false,3624),
(1069,140,'2012-11-21','2012-11-26',false,17840),
(1070,140,'2018-07-11','2018-07-16',false,4254),
(1071,145,'2016-03-20','2016-03-25',false,7838),
(1072,145,'2016-04-18','2016-04-23',false,4218),
(1073,150,'2012-04-23','2012-04-28',false,7124),
(1074,150,'2014-07-31','2014-08-05',false,10170),
(1075,150,'2014-04-17','2014-04-22',false,3738),
(1076,155,'2018-10-13','2018-10-18',false,3142),
(1077,155,'2016-12-27','2017-01-01',false,23056),
(1078,160,'2011-04-19','2011-04-24',false,5658),
(1079,160,'2013-10-30','2013-11-04',false,11586),
(1080,160,'2014-10-31','2014-11-05',false,1418),
(1081,165,'2017-05-23','2017-05-28',false,8498),
(1082,165,'2020-08-10','2020-08-15',false,664),
(1083,170,'2014-08-20','2014-08-25',false,14932),
(1084,170,'2020-10-04','2020-10-09',false,6138),
(1085,170,'2018-04-01','2018-04-06',false,10218),
(1086,175,'2018-01-19','2018-01-24',false,9768),
(1087,175,'2013-03-25','2013-03-30',false,2506),
(1088,180,'2017-04-12','2017-04-17',false,2190),
(1089,180,'2015-12-01','2015-12-06',false,7650),
(1090,180,'2021-07-20','2021-07-25',false,7110),
(1091,185,'2015-07-06','2015-07-11',false,5116),
(1092,185,'2021-09-03','2021-09-08',false,2442),
(1093,190,'2010-03-29','2010-04-03',false,5256),
(1094,190,'2013-12-01','2013-12-06',false,5572),
(1095,190,'2020-10-03','2020-10-08',false,11484),
(1096,195,'2011-08-21','2011-08-26',false,2724),
(1097,195,'2015-10-08','2015-10-13',false,8086),
(1098,200,'2013-01-07','2013-01-12',false,4092),
(1099,200,'2011-07-22','2011-07-27',false,11388),
(1100,200,'2016-07-24','2016-07-29',false,4640),
(1101,205,'2020-03-19','2020-03-24',false,10748),
(1102,205,'2009-06-03','2009-06-08',false,2744),
(1103,210,'2009-01-31','2009-02-05',false,5756),
(1104,210,'2015-05-26','2015-05-31',false,3124),
(1105,210,'2014-09-06','2014-09-11',false,12558),
(1106,215,'2017-08-13','2017-08-18',false,6656),
(1107,215,'2015-10-02','2015-10-07',false,6002),
(1108,220,'2018-10-25','2018-10-30',false,7068),
(1109,220,'2019-09-25','2019-09-30',false,7902),
(1110,220,'2020-07-06','2020-07-11',false,3188),
(1111,225,'2020-02-13','2020-02-18',false,11788),
(1112,225,'2016-01-18','2016-01-23',false,4314),
(1113,230,'2011-05-04','2011-05-09',false,12926),
(1114,230,'2021-12-01','2021-12-06',false,4560),
(1115,230,'2013-08-11','2013-08-16',false,12176),
(1116,235,'2016-11-12','2016-11-17',false,2448),
(1117,235,'2015-01-08','2015-01-13',false,16988),
(1118,240,'2010-10-27','2010-11-01',false,8640),
(1119,240,'2013-03-11','2013-03-16',false,10484),
(1120,240,'2017-12-28','2018-01-02',false,682),
(1121,245,'2019-02-10','2019-02-15',false,15864),
(1122,245,'2018-12-06','2018-12-11',false,4208),
(1123,250,'2018-07-18','2018-07-23',false,12372),
(1124,250,'2015-11-20','2015-11-25',false,5880),
(1125,250,'2010-03-30','2010-04-04',false,7654),
(1126,255,'2014-04-07','2014-04-12',false,1594),
(1127,255,'2014-12-13','2014-12-18',false,9312),
(1128,260,'2013-03-12','2013-03-17',false,6138),
(1129,260,'2015-10-27','2015-11-01',false,14086),
(1130,260,'2011-08-14','2011-08-19',false,4804),
(1131,265,'2009-06-04','2009-06-09',false,10638),
(1132,265,'2016-07-22','2016-07-27',false,3888),
(1133,270,'2011-03-12','2011-03-17',false,11282),
(1134,270,'2012-09-17','2012-09-22',false,6896),
(1135,270,'2019-09-11','2019-09-16',false,5944),
(1136,275,'2015-12-06','2015-12-11',false,3060),
(1137,275,'2014-12-18','2014-12-23',false,13060),
(1138,280,'2012-02-28','2012-03-04',false,4452),
(1139,280,'2011-09-03','2011-09-08',false,11542),
(1140,280,'2018-11-21','2018-11-26',false,5132),
(1141,285,'2014-02-11','2014-02-16',false,6156),
(1142,285,'2016-02-12','2016-02-17',false,5544),
(1143,290,'2011-10-19','2011-10-24',false,12648),
(1144,290,'2009-08-09','2009-08-14',false,2320),
(1145,290,'2017-05-23','2017-05-28',false,10936),
(1146,295,'2021-01-11','2021-01-16',false,4686),
(1147,295,'2020-09-02','2020-09-07',false,13072),
(1148,300,'2012-02-23','2012-02-28',false,6604),
(1149,300,'2012-03-18','2012-03-23',false,11854),
(1150,300,'2011-11-07','2011-11-12',false,7794),
(1151,305,'2010-09-12','2010-09-17',false,6492),
(1152,305,'2010-04-04','2010-04-09',false,3112),
(1153,310,'2010-02-19','2010-02-24',false,14884),
(1154,310,'2015-01-12','2015-01-17',false,2566),
(1155,310,'2017-09-24','2017-09-29',false,16816),
(1156,315,'2015-11-21','2015-11-26',false,3496),
(1157,315,'2014-02-06','2014-02-11',false,14316),
(1158,320,'2019-07-05','2019-07-10',false,4428),
(1159,320,'2019-02-28','2019-03-05',false,8722),
(1160,320,'2013-10-06','2013-10-11',false,2786),
(1161,325,'2011-07-10','2011-07-15',false,15718),
(1162,325,'2014-06-07','2014-06-12',false,5176),
(1163,330,'2013-02-11','2013-02-16',false,12822),
(1164,330,'2011-11-15','2011-11-20',false,2610),
(1165,330,'2013-03-09','2013-03-14',false,10104),
(1166,335,'2013-06-18','2013-06-23',false,2266),
(1167,335,'2021-08-25','2021-08-30',false,9172),
(1168,340,'2017-05-26','2017-05-31',false,5316),
(1169,340,'2016-11-18','2016-11-23',false,10612),
(1170,340,'2009-12-06','2009-12-11',false,5520),
(1171,345,'2018-08-26','2018-08-31',false,12236),
(1172,345,'2017-04-09','2017-04-14',false,4866),
(1173,350,'2010-10-25','2010-10-30',false,12012),
(1174,350,'2015-04-11','2015-04-16',false,2204),
(1175,350,'2018-10-07','2018-10-12',false,15544),
(1176,355,'2016-12-25','2016-12-30',false,2370),
(1177,355,'2018-10-04','2018-10-09',false,12580),
(1178,360,'2012-11-15','2012-11-20',false,4020),
(1179,360,'2012-01-15','2012-01-20',false,18290),
(1180,360,'2021-03-27','2021-04-01',false,1542),
(1181,365,'2020-06-14','2020-06-19',false,6754),
(1182,365,'2009-10-16','2009-10-21',false,2486),
(1183,370,'2015-12-06','2015-12-11',false,13032),
(1184,370,'2010-09-10','2010-09-15',false,7122),
(1185,370,'2020-04-15','2020-04-20',false,11946),
(1186,375,'2011-02-01','2011-02-06',false,1298),
(1187,375,'2015-09-24','2015-09-29',false,17258),
(1188,380,'2009-12-05','2009-12-10',false,3408),
(1189,380,'2021-07-21','2021-07-26',false,12928),
(1190,380,'2018-01-02','2018-01-07',false,4392),
(1191,385,'2010-11-01','2010-11-06',false,12546),
(1192,385,'2009-09-02','2009-09-07',false,4644),
(1193,390,'2017-08-29','2017-09-03',false,6750),
(1194,390,'2021-08-21','2021-08-26',false,3096),
(1195,390,'2013-01-12','2013-01-17',false,3278),
(1196,395,'2020-12-02','2020-12-07',false,2172),
(1197,395,'2016-06-19','2016-06-24',false,10476),
(1198,400,'2009-07-01','2009-07-06',false,2706),
(1199,400,'2016-07-09','2016-07-14',false,9986),
(1200,400,'2013-05-14','2013-05-19',false,3772),
(1201,405,'2019-02-20','2019-02-25',false,17562),
(1202,405,'2021-06-25','2021-06-30',false,2320),
(1203,410,'2017-07-13','2017-07-18',false,13032),
(1204,410,'2020-05-12','2020-05-17',false,8598),
(1205,410,'2020-02-23','2020-02-28',false,6668),
(1206,415,'2016-05-03','2016-05-08',false,4656),
(1207,415,'2013-07-13','2013-07-18',false,7290),
(1208,420,'2019-02-04','2019-02-09',false,3544),
(1209,420,'2016-01-12','2016-01-17',false,9972),
(1210,420,'2018-11-07','2018-11-12',false,7794),
(1211,425,'2011-04-11','2011-04-16',false,15036),
(1212,425,'2015-08-09','2015-08-14',false,4896),
(1213,430,'2019-12-06','2019-12-11',false,17214),
(1214,430,'2021-07-28','2021-08-02',false,9942),
(1215,430,'2010-04-22','2010-04-27',false,5582),
(1216,435,'2016-04-23','2016-04-28',false,1248),
(1217,435,'2019-09-23','2019-09-28',false,16708),
(1218,440,'2015-10-11','2015-10-16',false,6174),
(1219,440,'2009-12-19','2009-12-24',false,6888),
(1220,440,'2018-04-30','2018-05-05',false,4560),
(1221,445,'2015-07-21','2015-07-26',false,4394),
(1222,445,'2017-06-07','2017-06-12',false,9426),
(1223,450,'2021-03-08','2021-03-13',false,9344),
(1224,450,'2011-07-05','2011-07-10',false,5660),
(1225,450,'2009-11-01','2009-11-06',false,12062),
(1226,455,'2012-03-19','2012-03-24',false,6332),
(1227,455,'2016-03-04','2016-03-09',false,7980),
(1228,460,'2021-07-30','2021-08-04',false,4128),
(1229,460,'2011-05-01','2011-05-06',false,9108),
(1230,460,'2015-10-19','2015-10-24',false,6092),
(1231,465,'2009-06-22','2009-06-27',false,16820),
(1232,465,'2010-12-23','2010-12-28',false,9498),
(1233,470,'2012-04-29','2012-05-04',false,8690),
(1234,470,'2017-07-06','2017-07-11',false,6332),
(1235,470,'2013-06-12','2013-06-17',false,16980),
(1236,475,'2011-03-17','2011-03-22',false,6724),
(1237,475,'2013-12-11','2013-12-16',false,10890),
(1238,480,'2009-06-15','2009-06-20',false,3822),
(1239,480,'2010-04-22','2010-04-27',false,1402),
(1240,480,'2015-07-16','2015-07-21',false,6678),
(1241,485,'2015-08-02','2015-08-07',false,5064),
(1242,485,'2010-06-19','2010-06-24',false,1426),
(1243,490,'2012-09-08','2012-09-13',false,12272),
(1244,490,'2020-06-27','2020-07-02',false,4284),
(1245,490,'2021-07-27','2021-08-01',false,15828),
(1246,495,'2018-07-06','2018-07-11',false,2672),
(1247,495,'2013-06-13','2013-06-18',false,5148),
(1248,500,'2019-06-03','2019-06-08',false,6976),
(1249,500,'2021-06-13','2021-06-18',false,5538),
(1250,500,'2013-10-31','2013-11-05',false,3088);

Insert into Cart values
(475,201,1,1662,'2017-04-05',false),
(198,202,1,3384,'2016-01-02',false),
(346,203,1,1490,'2017-07-18',false),
(102,204,1,3456,'2020-11-23',false),
(88,205,1,3232,'2019-02-03',false),
(479,206,1,2848,'2015-12-20',false),
(317,207,1,3068,'2019-07-07',false),
(165,208,1,850,'2019-08-24',false),
(427,209,1,1428,'2016-02-13',false),
(20,210,1,1376,'2020-08-05',false),
(431,211,2,5600,'2020-09-13',false),
(269,212,2,4368,'2017-07-10',false),
(47,213,2,5208,'2019-02-05',false),
(486,214,2,4924,'2018-07-08',false),
(109,215,2,5100,'2016-09-19',false),
(171,216,2,5376,'2015-10-17',false),
(347,217,2,3440,'2021-01-04',false),
(403,218,2,3876,'2018-10-22',false),
(392,219,2,6508,'2015-01-30',false),
(135,220,2,5316,'2021-10-23',false),
(385,221,3,9912,'2015-03-08',false),
(421,222,3,3486,'2021-04-24',false),
(355,223,3,6894,'2020-01-23',false),
(406,224,3,6612,'2021-11-06',false),
(215,225,3,9564,'2020-03-18',false),
(10,226,3,3210,'2021-11-21',false),
(155,227,3,9060,'2021-02-01',false),
(35,228,3,9156,'2018-04-30',false),
(325,229,3,8730,'2020-05-01',false),
(211,230,3,9138,'2016-11-03',false),
(59,231,4,5712,'2021-02-15',false),
(84,232,4,5752,'2017-06-07',false),
(284,233,4,13848,'2019-07-25',false),
(377,234,4,11572,'2020-06-26',false),
(168,235,4,9496,'2015-09-29',false),
(218,236,4,3520,'2021-10-20',false),
(271,237,4,6784,'2017-09-18',false),
(326,238,4,4864,'2020-03-14',false),
(194,239,4,3848,'2021-11-06',false),
(245,240,4,8536,'2016-11-30',false),
(420,241,5,6850,'2018-04-19',false),
(347,242,5,15780,'2018-07-05',false),
(153,243,5,12170,'2015-08-02',false),
(272,244,5,3900,'2021-11-10',false),
(189,245,5,6370,'2018-12-02',false),
(14,246,5,15830,'2018-12-12',false),
(380,247,5,7130,'2017-11-05',false),
(286,248,5,12380,'2017-11-18',false),
(249,249,5,8850,'2018-03-10',false),
(178,250,5,12700,'2016-11-24',false),
(1001, 270, 1, 1056, '2015-09-12', true),
(1001, 72, 4, 6248, 'gray | Male | XXL', true),
(1002, 110, 1, 2332, 'pink | Female | 5', true),
(1003, 153, 1, 3390, 'blue | Male | 9', true),
(1003, 168, 3, 6636, 'pink | Male | 5', true),
(1004, 165, 1, 1594, 'black | Male | 9', true),
(1005, 223, 2, 4596, '2020-01-23', true),
(1005, 172, 4, 4080, 'gray | Female | 5', true),
(1006, 219, 1, 3254, '2015-01-30', true),
(1007, 253, 1, 3084, '2016-06-27', true),
(1007, 20, 4, 10528, 'red | Female | XXXL', true),
(1008, 197, 1, 2254, 'blue | Male | 5', true),
(1009, 110, 2, 4664, 'pink | Female | 5', true),
(1009, 7, 3, 5718, 'red | Female | XL', true),
(1010, 152, 1, 1076, 'purple | Male | 5', true),
(1011, 135, 1, 2896, 'gray | Male | 7', true),
(1011, 100, 3, 9942, 'green | Male | L', true),
(1012, 137, 2, 3684, 'orange | Others | 8', true),
(1013, 266, 2, 4332, '2017-02-17', true),
(1013, 198, 3, 1674, 'purple | Others | 5', true),
(1014, 137, 2, 3684, 'orange | Others | 8', true),
(1015, 52, 2, 6996, 'red black | Male | XXXL', true),
(1015, 221, 4, 13216, '2015-03-08', true),
(1016, 300, 2, 6656, '2017-06-07', true),
(1017, 116, 2, 6284, 'yellow black | Female | 7', true),
(1017, 57, 4, 12952, 'red | Others | L', true),
(1018, 124, 2, 4620, 'pink | Male | 6', true),
(1019, 294, 1, 1826, '2019-11-07', true),
(1019, 155, 4, 12088, 'red black | Others | 6', true),
(1020, 164, 1, 2046, 'purple | Female | 9', true),
(1021, 292, 3, 5178, '2019-07-29', true),
(1021, 84, 4, 4992, 'orange | Female | XL', true),
(1022, 222, 1, 1162, '2021-04-24', true),
(1023, 196, 1, 2314, 'white | Male | 9', true),
(1023, 72, 4, 6248, 'gray | Male | XXL', true),
(1024, 174, 3, 4722, 'blue | Others | 7', true),
(1025, 85, 3, 6420, 'black | Others | XXXL', true),
(1025, 135, 4, 11584, 'gray | Male | 7', true),
(1026, 126, 1, 1862, 'gray | Female | 6', true),
(1027, 6, 3, 6708, 'red | Others | M', true),
(1027, 202, 3, 10152, '2016-01-02', true),
(1028, 286, 1, 806, '2016-12-07', true),
(1029, 134, 1, 1120, 'white | Others | 6', true),
(1029, 268, 4, 10056, '2017-04-03', true),
(1030, 204, 3, 10368, '2020-11-23', true),
(1031, 102, 3, 9612, 'navy blue | Male | 9', true),
(1031, 126, 4, 7448, 'gray | Female | 6', true),
(1032, 56, 3, 4224, 'pink | Male | L', true),
(1033, 273, 2, 1752, '2017-08-10', true),
(1033, 170, 3, 4656, 'white | Others | 7', true),
(1034, 135, 3, 8688, 'gray | Male | 7', true),
(1035, 252, 1, 1882, '2019-10-09', true),
(1035, 121, 4, 2656, 'gray | Female | 5', true),
(1036, 251, 3, 6732, '2021-02-28', true),
(1037, 3, 2, 4380, 'pink | Female | L', true),
(1037, 19, 3, 7488, 'white | Female | L', true),
(1038, 139, 2, 1884, 'orange | Male | 9', true),
(1039, 131, 1, 954, 'pink | Male | 7', true),
(1039, 71, 4, 2688, 'blue | Female | XXXL', true),
(1040, 259, 1, 2054, '2020-11-26', true),
(1041, 171, 1, 956, 'navy blue | Male | 5', true),
(1041, 209, 4, 5712, '2016-02-13', true),
(1042, 119, 1, 2196, 'blue | Female | 7', true),
(1043, 84, 1, 1248, 'orange | Female | XL', true),
(1043, 204, 3, 10368, '2020-11-23', true),
(1044, 272, 3, 10344, '2020-01-06', true),
(1045, 211, 3, 8400, '2020-09-13', true),
(1045, 56, 3, 4224, 'pink | Male | L', true),
(1046, 54, 1, 1960, 'blue | Others | XXL', true),
(1047, 220, 3, 7974, '2021-10-23', true),
(1047, 253, 4, 12336, '2016-06-27', true),
(1048, 44, 3, 8592, 'purple | Male | XXL', true),
(1049, 129, 3, 1860, 'navy blue | Male | 8', true),
(1049, 126, 3, 5586, 'gray | Female | 6', true),
(1050, 119, 3, 6588, 'blue | Female | 7', true),
(1051, 120, 1, 3022, 'orange | Male | 5', true),
(1051, 62, 4, 9608, 'purple | Female | L', true),
(1052, 98, 3, 8940, 'white | Male | S', true),
(1053, 26, 3, 8280, 'green | Female | S', true),
(1053, 284, 4, 5968, '2021-01-30', true),
(1054, 108, 1, 704, 'blue | Male | 7', true),
(1055, 238, 3, 3648, '2020-03-14', true),
(1055, 35, 4, 6176, 'gray | Others | XL', true),
(1056, 97, 3, 9768, 'purple | Others | M', true),
(1057, 175, 1, 2966, 'yellow black | Others | 6', true),
(1057, 30, 4, 4176, 'yellow black | Others | XXXL', true),
(1058, 259, 3, 6162, '2020-11-26', true),
(1059, 131, 3, 2862, 'pink | Male | 7', true),
(1059, 154, 3, 5034, 'green | Female | 6', true),
(1060, 271, 2, 2448, '2018-08-22', true),
(1061, 116, 3, 9426, 'yellow black | Female | 7', true),
(1061, 146, 4, 5432, 'yellow black | Female | 6', true),
(1062, 106, 2, 2744, 'black | Others | 4', true),
(1063, 79, 2, 3772, 'yellow black | Female | S', true),
(1063, 226, 4, 4280, '2021-11-21', true),
(1064, 277, 1, 946, '2021-03-22', true),
(1065, 156, 2, 4428, 'red black | Male | 9', true),
(1065, 88, 3, 1848, 'purple | Female | L', true),
(1066, 196, 3, 6942, 'white | Male | 9', true),
(1067, 75, 2, 3624, 'red | Male | M', true),
(1067, 152, 3, 3228, 'purple | Male | 5', true),
(1068, 75, 2, 3624, 'red | Male | M', true),
(1069, 160, 3, 7680, 'gray | Male | 8', true),
(1069, 250, 4, 10160, '2016-11-24', true),
(1070, 2, 3, 4254, 'white | Female | XXL', true),
(1071, 2, 1, 1418, 'white | Female | XXL', true),
(1071, 85, 3, 6420, 'black | Others | XXXL', true),
(1072, 279, 3, 4218, '2018-11-22', true),
(1073, 284, 1, 1492, '2021-01-30', true),
(1073, 56, 4, 5632, 'pink | Male | L', true),
(1074, 153, 3, 10170, 'blue | Male | 9', true),
(1075, 93, 1, 1746, 'pink | Female | S', true),
(1075, 121, 3, 1992, 'gray | Female | 5', true),
(1076, 116, 1, 3142, 'yellow black | Female | 7', true),
(1077, 73, 3, 10464, 'yellow black | Male | XXL', true),
(1077, 297, 4, 12592, '2018-01-19', true),
(1078, 79, 3, 5658, 'yellow black | Female | S', true),
(1079, 196, 3, 6942, 'white | Male | 9', true),
(1079, 162, 3, 4644, 'white | Female | 9', true),
(1080, 2, 1, 1418, 'white | Female | XXL', true),
(1081, 1, 2, 4316, 'orange | Others | XXL', true),
(1081, 150, 3, 4182, 'yellow black | Female | 7', true),
(1082, 121, 1, 664, 'gray | Female | 5', true),
(1083, 181, 2, 1140, 'white | Male | 8', true),
(1083, 272, 4, 13792, '2020-01-06', true),
(1084, 164, 3, 6138, 'purple | Female | 9', true),
(1085, 238, 3, 3648, '2020-03-14', true),
(1085, 3, 3, 6570, 'pink | Female | L', true),
(1086, 97, 3, 9768, 'purple | Others | M', true),
(1087, 45, 1, 724, 'orange | Male | XL', true),
(1087, 78, 3, 1782, 'navy blue | Others | XXL', true),
(1088, 3, 1, 2190, 'pink | Female | L', true),
(1089, 282, 3, 4896, '2015-05-03', true),
(1089, 39, 3, 2754, 'yellow black | Male | XXXL', true),
(1090, 133, 3, 7110, 'pink | Female | 9', true),
(1091, 263, 3, 2748, '2015-08-03', true),
(1091, 264, 4, 2368, '2019-06-26', true),
(1092, 163, 3, 2442, 'navy blue | Female | 7', true),
(1093, 170, 2, 3104, 'white | Others | 7', true),
(1093, 180, 4, 2152, 'green | Male | 8', true),
(1094, 122, 2, 5572, 'yellow black | Male | 4', true),
(1095, 27, 2, 4116, 'white | Male | M', true),
(1095, 137, 4, 7368, 'orange | Others | 8', true),
(1096, 103, 2, 2724, 'yellow black | Male | 8', true),
(1097, 147, 1, 2296, 'white | Male | 8', true),
(1097, 48, 3, 5790, 'yellow black | Others | XL', true),
(1098, 164, 2, 4092, 'purple | Female | 9', true),
(1099, 177, 2, 5196, 'black | Others | 9', true),
(1099, 162, 4, 6192, 'white | Female | 9', true),
(1100, 258, 2, 4640, '2017-07-10', true),
(1101, 150, 2, 2788, 'yellow black | Female | 7', true),
(1101, 69, 4, 7960, 'red black | Others | XL', true),
(1102, 106, 2, 2744, 'black | Others | 4', true),
(1103, 24, 2, 1932, 'pink | Others | XXL', true),
(1103, 171, 4, 3824, 'navy blue | Male | 5', true),
(1104, 72, 2, 3124, 'gray | Male | XXL', true),
(1105, 19, 2, 4992, 'white | Female | L', true),
(1105, 199, 3, 7566, 'purple | Others | 9', true),
(1106, 300, 2, 6656, '2017-06-07', true),
(1107, 5, 2, 1688, 'white | Others | L', true),
(1107, 189, 3, 4314, 'orange | Others | 7', true),
(1108, 12, 3, 7068, 'green | Female | L', true),
(1109, 165, 3, 4782, 'black | Male | 9', true),
(1109, 244, 4, 3120, '2021-11-10', true),
(1110, 225, 1, 3188, '2020-03-18', true),
(1111, 116, 2, 6284, 'yellow black | Female | 7', true),
(1111, 210, 4, 5504, '2020-08-05', true),
(1112, 189, 3, 4314, 'orange | Others | 7', true),
(1113, 214, 1, 2462, '2018-07-08', true),
(1113, 73, 3, 10464, 'yellow black | Male | XXL', true),
(1114, 8, 2, 4560, 'blue | Others | XXL', true),
(1115, 11, 2, 4652, 'navy blue | Male | XL', true),
(1115, 60, 3, 7524, 'red | Female | S', true),
(1116, 271, 2, 2448, '2018-08-22', true),
(1117, 293, 3, 7380, '2016-08-07', true),
(1117, 81, 4, 9608, 'green | Others | XXXL', true),
(1118, 46, 3, 8640, 'navy blue | Others | XL', true),
(1119, 5, 2, 1688, 'white | Others | L', true),
(1119, 234, 3, 8796, '2020-06-26', true),
(1120, 49, 1, 682, 'black | Others | L', true),
(1121, 296, 3, 8082, '2021-01-19', true),
(1121, 33, 3, 7782, 'white | Female | XXL', true),
(1122, 40, 2, 4208, 'yellow black | Female | XXL', true),
(1123, 207, 1, 3068, '2019-07-07', true),
(1123, 11, 4, 9304, 'navy blue | Male | XL', true),
(1124, 54, 3, 5880, 'blue | Others | XXL', true),
(1125, 227, 2, 6040, '2021-02-01', true),
(1125, 180, 3, 1614, 'green | Male | 8', true),
(1126, 165, 1, 1594, 'black | Male | 9', true),
(1127, 195, 1, 2472, 'pink | Male | 5', true),
(1127, 8, 3, 6840, 'blue | Others | XXL', true),
(1128, 164, 3, 6138, 'purple | Female | 9', true),
(1129, 182, 3, 2502, 'red | Female | 6', true),
(1129, 135, 4, 11584, 'gray | Male | 7', true),
(1130, 62, 2, 4804, 'purple | Female | L', true),
(1131, 299, 3, 1854, '2015-07-03', true),
(1131, 119, 4, 8784, 'blue | Female | 7', true),
(1132, 59, 2, 3888, 'blue | Male | S', true),
(1133, 243, 1, 2434, '2015-08-02', true),
(1133, 168, 4, 8848, 'pink | Male | 5', true),
(1134, 272, 2, 6896, '2020-01-06', true),
(1135, 194, 1, 1726, 'blue | Others | 9', true),
(1135, 279, 3, 4218, '2018-11-22', true),
(1136, 172, 3, 3060, 'gray | Female | 5', true),
(1137, 122, 2, 5572, 'yellow black | Male | 4', true),
(1137, 19, 3, 7488, 'white | Female | L', true),
(1138, 288, 2, 4452, '2017-05-05', true),
(1139, 38, 2, 4780, 'purple | Others | XXL', true),
(1139, 43, 3, 6762, 'navy blue | Female | L', true),
(1140, 141, 2, 5132, 'black | Others | 6', true),
(1141, 190, 3, 2208, 'black | Female | 4', true),
(1141, 105, 3, 3948, 'red | Female | 5', true),
(1142, 185, 3, 5544, 'green | Male | 8', true),
(1143, 294, 3, 5478, '2019-11-07', true),
(1143, 38, 3, 7170, 'purple | Others | XXL', true),
(1144, 258, 1, 2320, '2017-07-10', true),
(1145, 20, 1, 2632, 'red | Female | XXXL', true),
(1145, 136, 4, 8304, 'black | Female | 9', true),
(1146, 72, 3, 4686, 'gray | Male | XXL', true),
(1147, 145, 2, 1752, 'blue | Female | 9', true),
(1147, 96, 4, 11320, 'blue | Male | L', true),
(1148, 101, 2, 6604, 'navy blue | Female | 4', true),
(1149, 294, 3, 5478, '2019-11-07', true),
(1149, 165, 4, 6376, 'black | Male | 9', true),
(1150, 177, 3, 7794, 'black | Others | 9', true),
(1151, 257, 2, 2724, '2020-02-13', true),
(1151, 47, 3, 3768, 'purple | Others | XXL', true),
(1152, 61, 2, 3112, 'blue | Female | XXL', true),
(1153, 197, 2, 4508, 'blue | Male | 5', true),
(1153, 33, 4, 10376, 'white | Female | XXL', true),
(1154, 141, 1, 2566, 'black | Others | 6', true),
(1155, 205, 3, 9696, '2019-02-03', true),
(1155, 265, 4, 7120, '2017-02-28', true),
(1156, 128, 2, 3496, 'white | Others | 5', true),
(1157, 105, 3, 3948, 'red | Female | 5', true),
(1157, 204, 3, 10368, '2020-11-23', true),
(1158, 156, 2, 4428, 'red black | Male | 9', true),
(1159, 117, 1, 2074, 'orange | Female | 8', true),
(1159, 201, 4, 6648, '2017-04-05', true),
(1160, 122, 1, 2786, 'yellow black | Male | 4', true),
(1161, 194, 1, 1726, 'blue | Others | 9', true),
(1161, 52, 4, 13992, 'red black | Male | XXXL', true),
(1162, 82, 2, 5176, 'red | Male | XXL', true),
(1163, 186, 3, 8598, 'yellow black | Female | 6', true),
(1163, 270, 4, 4224, '2015-09-12', true),
(1164, 9, 1, 2610, 'green | Male | XL', true),
(1165, 50, 1, 1464, 'yellow black | Others | XXXL', true),
(1165, 46, 3, 8640, 'navy blue | Others | XL', true),
(1166, 159, 1, 2266, 'white | Others | 6', true),
(1167, 231, 1, 1428, '2021-02-15', true),
(1167, 192, 4, 7744, 'gray | Female | 6', true),
(1168, 15, 3, 5316, 'pink | Female | XXL', true),
(1169, 273, 1, 876, '2017-08-10', true),
(1169, 243, 4, 9736, '2015-08-02', true),
(1170, 26, 2, 5520, 'green | Female | S', true),
(1171, 168, 2, 4424, 'pink | Male | 5', true),
(1171, 23, 3, 7812, 'blue | Others | XXXL', true),
(1172, 66, 3, 4866, 'red | Others | S', true),
(1173, 87, 2, 1580, 'black | Female | XXL', true),
(1173, 158, 4, 10432, 'green | Male | 8', true),
(1174, 224, 1, 2204, '2021-11-06', true),
(1175, 142, 2, 6388, 'red black | Female | 5', true),
(1175, 228, 3, 9156, '2018-04-30', true),
(1176, 133, 1, 2370, 'pink | Female | 9', true),
(1177, 78, 2, 1188, 'navy blue | Others | XXL', true),
(1177, 115, 4, 11392, 'red | Female | 6', true),
(1178, 143, 3, 4020, 'black | Female | 6', true),
(1179, 154, 3, 5034, 'green | Female | 6', true),
(1179, 100, 4, 13256, 'green | Male | L', true),
(1180, 287, 1, 1542, '2015-10-14', true),
(1181, 264, 1, 592, '2019-06-26', true),
(1181, 259, 3, 6162, '2020-11-26', true),
(1182, 22, 1, 2486, 'gray | Others | XXXL', true),
(1183, 187, 3, 3330, 'black | Male | 8', true),
(1183, 4, 3, 9702, 'red black | Female | XXL', true),
(1184, 235, 3, 7122, '2015-09-29', true),
(1185, 164, 3, 6138, 'purple | Female | 9', true),
(1185, 192, 3, 5808, 'gray | Female | 6', true),
(1186, 274, 1, 1298, '2016-05-03', true),
(1187, 201, 3, 4986, '2017-04-05', true),
(1187, 207, 4, 12272, '2019-07-07', true),
(1188, 95, 2, 3408, 'red black | Female | M', true),
(1189, 26, 3, 8280, 'green | Female | S', true),
(1189, 222, 4, 4648, '2021-04-24', true),
(1190, 50, 3, 4392, 'yellow black | Others | XXXL', true),
(1191, 282, 3, 4896, '2015-05-03', true),
(1191, 215, 3, 7650, '2016-09-19', true),
(1192, 162, 3, 4644, 'white | Female | 9', true),
(1193, 124, 1, 2310, 'pink | Male | 6', true),
(1193, 187, 4, 4440, 'black | Male | 8', true),
(1194, 162, 2, 3096, 'white | Female | 9', true),
(1195, 140, 1, 1232, 'green | Others | 6', true),
(1195, 49, 3, 2046, 'black | Others | L', true),
(1196, 157, 2, 2172, 'orange | Female | 4', true),
(1197, 2, 3, 4254, 'white | Female | XXL', true),
(1197, 117, 3, 6222, 'orange | Female | 8', true),
(1198, 256, 1, 2706, '2020-05-23', true),
(1199, 159, 1, 2266, 'white | Others | 6', true),
(1199, 65, 4, 7720, 'purple | Others | M', true),
(1200, 79, 2, 3772, 'yellow black | Female | S', true),
(1201, 207, 3, 9204, '2019-07-07', true),
(1201, 122, 3, 8358, 'yellow black | Male | 4', true),
(1202, 258, 1, 2320, '2017-07-10', true),
(1203, 216, 1, 2688, '2015-10-17', true),
(1203, 41, 4, 10344, 'black | Others | S', true),
(1204, 186, 3, 8598, 'yellow black | Female | 6', true),
(1205, 15, 1, 1772, 'pink | Female | XXL', true),
(1205, 282, 3, 4896, '2015-05-03', true),
(1206, 170, 3, 4656, 'white | Others | 7', true),
(1207, 223, 1, 2298, '2020-01-23', true),
(1207, 298, 4, 4992, '2020-01-20', true),
(1208, 15, 2, 3544, 'pink | Female | XXL', true),
(1209, 299, 3, 1854, '2015-07-03', true),
(1209, 256, 3, 8118, '2020-05-23', true),
(1210, 111, 3, 7794, 'white | Others | 6', true),
(1211, 9, 3, 7830, 'green | Male | XL', true),
(1211, 62, 3, 7206, 'purple | Female | L', true),
(1212, 282, 3, 4896, '2015-05-03', true),
(1213, 220, 3, 7974, '2021-10-23', true),
(1213, 124, 4, 9240, 'pink | Male | 6', true),
(1214, 275, 3, 9942, '2018-11-29', true),
(1215, 187, 1, 1110, 'black | Male | 8', true),
(1215, 37, 4, 4472, 'gray | Male | S', true),
(1216, 84, 1, 1248, 'orange | Female | XL', true),
(1217, 107, 2, 5964, 'green | Female | 8', true),
(1217, 67, 4, 10744, 'orange | Female | L', true),
(1218, 27, 3, 6174, 'white | Male | M', true),
(1219, 251, 1, 2244, '2021-02-28', true),
(1219, 162, 3, 4644, 'white | Female | 9', true),
(1220, 8, 2, 4560, 'blue | Others | XXL', true),
(1221, 138, 1, 1666, 'yellow black | Female | 5', true),
(1221, 49, 4, 2728, 'black | Others | L', true),
(1222, 116, 3, 9426, 'yellow black | Female | 7', true),
(1223, 231, 2, 2856, '2021-02-15', true),
(1223, 66, 4, 6488, 'red | Others | S', true),
(1224, 96, 2, 5660, 'blue | Male | L', true),
(1225, 240, 2, 4268, '2016-11-30', true),
(1225, 111, 3, 7794, 'white | Others | 6', true),
(1226, 246, 2, 6332, '2018-12-12', true),
(1227, 138, 2, 3332, 'yellow black | Female | 5', true),
(1227, 222, 4, 4648, '2021-04-24', true),
(1228, 210, 3, 4128, '2020-08-05', true),
(1229, 84, 2, 2496, 'orange | Female | XL', true),
(1229, 224, 3, 6612, '2021-11-06', true),
(1230, 230, 2, 6092, '2016-11-03', true),
(1231, 289, 2, 5380, '2018-09-21', true),
(1231, 86, 4, 11440, 'blue | Female | XXXL', true),
(1232, 246, 3, 9498, '2018-12-12', true),
(1233, 265, 2, 3560, '2017-02-28', true),
(1233, 14, 3, 5130, 'green | Female | M', true),
(1234, 246, 2, 6332, '2018-12-12', true),
(1235, 63, 2, 3724, 'red black | Female | XXXL', true),
(1235, 100, 4, 13256, 'green | Male | L', true),
(1236, 188, 2, 6724, 'red | Female | 4', true),
(1237, 249, 1, 1770, '2018-03-10', true),
(1237, 8, 4, 9120, 'blue | Others | XXL', true),
(1238, 167, 3, 3822, 'blue | Male | 4', true),
(1239, 260, 3, 5346, '2020-07-01', true),
(1239, 156, 4, 8856, 'red black | Male | 9', true),
(1240, 288, 3, 6678, '2017-05-05', true),
(1241, 244, 1, 780, '2021-11-10', true),
(1241, 231, 3, 4284, '2021-02-15', true),
(1242, 247, 1, 1426, '2017-11-05', true),
(1243, 64, 3, 3600, 'orange | Others | XXL', true),
(1243, 32, 4, 8672, 'white | Others | XL', true),
(1244, 209, 3, 4284, '2016-02-13', true),
(1245, 197, 3, 6762, 'blue | Male | 5', true),
(1245, 120, 3, 9066, 'orange | Male | 5', true),
(1246, 17, 2, 2672, 'green | Others | S', true),
(1247, 80, 1, 2394, 'green | Others | XXL', true),
(1247, 39, 3, 2754, 'yellow black | Male | XXXL', true),
(1248, 73, 2, 6976, 'yellow black | Male | XXL', true),
(1249, 87, 3, 2370, 'black | Female | XXL', true),
(1249, 270, 3, 3168, '2015-09-12', true),
(1250, 35, 2, 3088, 'gray | Others | XL', true);

insert into Transactions(tid, cordid, ofstatus, timstamp, paymentmethod) values
(1, 1001, true,'2021-07-01 15:43:00', 'UPI'),
(2, 1002, true, '2021-07-01 15:10:00', 'UPI'),
(3, 1003, true, '2021-07-03 15:06:00', 'UPI'),
(4, 1004, true, '2021-07-21 15:57:00', 'UPI'),
(5, 1005, true, '2021-07-13 15:24:00', 'UPI'),
(6, 1006, true, '2021-07-26 15:36:00', 'COD'),
(7, 1007, true, '2021-08-05 11:37:00', 'UPI'),
(8, 1008, true, '2021-08-05 11:22:00', 'UPI'),
(9, 1009, true, '2021-08-17 07:52:00', 'COD'),
(10, 1010, true, '2021-08-10 07:58:00', 'UPI'),
(11, 1011, true, '2021-08-11 09:10:00', 'UPI'),
(12, 1012, true, '2021-08-14 09:37:00', 'UPI'),
(13, 1013, true, '2021-09-14 10:44:00', 'UPI'),
(14, 1014, true, '2021-09-14 10:28:00', 'UPI'),
(15, 1015, true, '2021-10-02 16:52:00', 'UPI'),
(16, 1016, true, '2021-01-31 16:41:00', 'COD'),
(17, 1017, true, '2021-10-24 17:53:00', 'UPI'),
(18, 1018, true, '2021-12-25 17:04:00', 'UPI'),
(19, 1019, true, '2021-12-25 17:26:00', 'UPI'),
(20, 1020, true, '2021-12-25 22:41:00', 'UPI'),
(21, 1021, true, '2022-01-01 22:09:00', 'UPI'),
(22, 1022, true, '2022-01-01 14:59:00', 'UPI'),
(23, 1023, true, '2022-01-31 14:30:00', 'COD'),
(24, 1024, true, '2022-01-22 09:39:00', 'UPI'),
(25, 1025, true, '2022-01-22 09:00:00', 'UPI'),
(26, 1026, true, '2022-01-26 10:05:00', 'UPI'),
(27, 1027, true, '2022-02-26 10:28:00', 'UPI'),
(28, 1028, true, '2022-03-08 10:37:00', 'COD'),
(29, 1029, true, '2022-02-27 10:51:00', 'UPI'),
(30, 1030, true, '2022-02-28 15:43:00', 'UPI'),
(31, 1031, true, '2022-02-28 15:51:00', 'UPI'),
(32, 1032, true, '2021-07-01 15:10:00', 'UPI'),
(33, 1033, true, '2021-07-03 15:06:00', 'UPI'),
(34, 1034, true, '2021-07-21 15:57:00', 'UPI'),
(35, 1035, true, '2021-07-13 15:24:00', 'UPI'),
(36, 1036, true, '2021-07-26 15:36:00', 'COD'),
(37, 1037, true, '2021-08-05 11:37:00', 'UPI'),
(38, 1038, true, '2021-08-05 11:22:00', 'UPI'),
(39, 1039, true, '2021-08-17 07:52:00', 'COD'),
(40, 1040, true, '2021-08-10 07:58:00', 'UPI'),
(41, 1041, true, '2021-08-11 09:10:00', 'UPI'),
(42, 1042, true, '2021-08-14 09:37:00', 'UPI'),
(43, 1043, true, '2021-09-14 10:44:00', 'UPI'),
(44, 1044, true, '2021-09-14 10:28:00', 'UPI'),
(45, 1045, true, '2021-10-02 16:52:00', 'UPI'),
(46, 1046, true, '2021-01-31 16:41:00', 'COD'),
(47, 1047, true, '2021-10-24 17:53:00', 'UPI'),
(48, 1048, true, '2021-12-25 17:04:00', 'UPI'),
(49, 1049, true, '2021-12-25 17:26:00', 'UPI'),
(50, 1050, true, '2021-12-25 22:41:00', 'UPI'),
(51, 1051, true, '2022-01-01 22:09:00', 'UPI'),
(52, 1052, true, '2022-01-01 14:59:00', 'UPI'),
(53, 1053, true, '2022-01-31 14:30:00', 'COD'),
(54, 1054, true, '2022-01-22 09:39:00', 'UPI'),
(55, 1055, true, '2022-01-22 09:00:00', 'UPI'),
(56, 1056, true, '2022-01-26 10:05:00', 'UPI'),
(57, 1057, true, '2022-02-26 10:28:00', 'UPI'),
(58, 1058, true, '2022-03-08 10:37:00', 'COD'),
(59, 1059, true, '2022-02-27 10:51:00', 'UPI'),
(60, 1060, true, '2022-02-28 15:43:00', 'UPI'),
(61, 1061, true, '2022-02-28 15:51:00', 'UPI'),
(62, 1062, true, '2021-07-01 15:10:00', 'UPI'),
(63, 1063, true, '2021-07-03 15:06:00', 'UPI'),
(64, 1064, true, '2021-07-21 15:57:00', 'UPI'),
(65, 1065, true, '2021-07-13 15:24:00', 'UPI'),
(66, 1066, true, '2021-07-26 15:36:00', 'COD'),
(67, 1067, true, '2021-08-05 11:37:00', 'UPI'),
(68, 1068, true, '2021-08-05 11:22:00', 'UPI'),
(69, 1069, true, '2021-08-17 07:52:00', 'COD'),
(70, 1070, true, '2021-08-10 07:58:00', 'UPI'),
(71, 1071, true, '2021-08-11 09:10:00', 'UPI'),
(72, 1072, true, '2021-08-14 09:37:00', 'UPI'),
(73, 1073, true, '2021-09-14 10:44:00', 'UPI'),
(74, 1074, true, '2021-09-14 10:28:00', 'UPI'),
(75, 1075, true, '2021-10-02 16:52:00', 'UPI'),
(76, 1076, true, '2021-01-31 16:41:00', 'COD'),
(77, 1077, true, '2021-10-24 17:53:00', 'UPI'),
(78, 1078, true, '2021-12-25 17:04:00', 'UPI'),
(79, 1079, true, '2021-12-25 17:26:00', 'UPI'),
(80, 1080, true, '2021-12-25 22:41:00', 'UPI'),
(81, 1081, true, '2022-01-01 22:09:00', 'UPI'),
(82, 1082, true, '2022-01-01 14:59:00', 'UPI'),
(83, 1083, true, '2022-01-31 14:30:00', 'COD'),
(84, 1084, true, '2022-01-22 09:39:00', 'UPI'),
(85, 1085, true, '2022-01-22 09:00:00', 'UPI'),
(86, 1086, true, '2022-01-26 10:05:00', 'UPI'),
(87, 1087, true, '2022-02-26 10:28:00', 'UPI'),
(88, 1088, true, '2022-03-08 10:37:00', 'COD'),
(89, 1089, true, '2022-02-27 10:51:00', 'UPI'),
(90, 1090, true, '2022-02-28 15:43:00', 'UPI'),
(91, 1091, true, '2022-02-28 15:51:00', 'UPI'),
(92, 1092, true, '2021-07-01 15:10:00', 'UPI'),
(93, 1093, true, '2021-07-03 15:06:00', 'UPI'),
(94, 1094, true, '2021-07-21 15:57:00', 'UPI'),
(95, 1095, true, '2021-07-13 15:24:00', 'UPI'),
(96, 1096, true, '2021-07-26 15:36:00', 'COD'),
(97, 1097, true, '2021-08-05 11:37:00', 'UPI'),
(98, 1098, true, '2021-08-05 11:22:00', 'UPI'),
(99, 1099, true, '2021-08-17 07:52:00', 'COD'),
(100, 1100, true, '2021-08-10 07:58:00', 'UPI'),
(101, 1101, true, '2021-08-11 09:10:00', 'UPI'),
(102, 1102, true, '2021-08-14 09:37:00', 'UPI'),
(103, 1103, true, '2021-09-14 10:44:00', 'UPI'),
(104, 1104, true, '2021-09-14 10:28:00', 'UPI'),
(105, 1105, true, '2021-10-02 16:52:00', 'UPI'),
(106, 1106, true, '2021-01-31 16:41:00', 'COD'),
(107, 1107, true, '2021-10-24 17:53:00', 'UPI'),
(108, 1108, true, '2021-12-25 17:04:00', 'UPI'),
(109, 1109, true, '2021-12-25 17:26:00', 'UPI'),
(110, 1110, true, '2021-12-25 22:41:00', 'UPI'),
(111, 1111, true, '2022-01-01 22:09:00', 'UPI'),
(112, 1112, true, '2022-01-01 14:59:00', 'UPI'),
(113, 1113, true, '2022-01-31 14:30:00', 'COD'),
(114, 1114, true, '2022-01-22 09:39:00', 'UPI'),
(115, 1115, true, '2022-01-22 09:00:00', 'UPI'),
(116, 1116, true, '2022-01-26 10:05:00', 'UPI'),
(117, 1117, true, '2022-02-26 10:28:00', 'UPI'),
(118, 1118, true, '2022-03-08 10:37:00', 'COD'),
(119, 1119, true, '2022-02-27 10:51:00', 'UPI'),
(120, 1120, true, '2022-02-28 15:43:00', 'UPI'),
(121, 1121, true, '2022-02-28 15:51:00', 'UPI'),
(122, 1122, true, '2021-07-01 15:10:00', 'UPI'),
(123, 1123, true, '2021-07-03 15:06:00', 'UPI'),
(124, 1124, true, '2021-07-21 15:57:00', 'UPI'),
(125, 1125, true, '2021-07-13 15:24:00', 'UPI'),
(126, 1126, true, '2021-07-26 15:36:00', 'COD'),
(127, 1127, true, '2021-08-05 11:37:00', 'UPI'),
(128, 1128, true, '2021-08-05 11:22:00', 'UPI'),
(129, 1129, true, '2021-08-17 07:52:00', 'COD'),
(130, 1130, true, '2021-08-10 07:58:00', 'UPI'),
(131, 1131, true, '2021-08-11 09:10:00', 'UPI'),
(132, 1132, true, '2021-08-14 09:37:00', 'UPI'),
(133, 1133, true, '2021-09-14 10:44:00', 'UPI'),
(134, 1134, true, '2021-09-14 10:28:00', 'UPI'),
(135, 1135, true, '2021-10-02 16:52:00', 'UPI'),
(136, 1136, true, '2021-01-31 16:41:00', 'COD'),
(137, 1137, true, '2021-10-24 17:53:00', 'UPI'),
(138, 1138, true, '2021-12-25 17:04:00', 'UPI'),
(139, 1139, true, '2021-12-25 17:26:00', 'UPI'),
(140, 1140, true, '2021-12-25 22:41:00', 'UPI'),
(141, 1141, true, '2022-01-01 22:09:00', 'UPI'),
(142, 1142, true, '2022-01-01 14:59:00', 'UPI'),
(143, 1143, true, '2022-01-31 14:30:00', 'COD'),
(144, 1144, true, '2022-01-22 09:39:00', 'UPI'),
(145, 1145, true, '2022-01-22 09:00:00', 'UPI'),
(146, 1146, true, '2022-01-26 10:05:00', 'UPI'),
(147, 1147, true, '2022-02-26 10:28:00', 'UPI'),
(148, 1148, true, '2022-03-08 10:37:00', 'COD'),
(149, 1149, true, '2022-02-27 10:51:00', 'UPI'),
(150, 1150, true, '2022-02-28 15:43:00', 'UPI'),
(151, 1151, true, '2022-01-01 22:09:00', 'UPI'),
(152, 1152, true, '2022-01-01 14:59:00', 'UPI'),
(153, 1153, true, '2022-01-31 14:30:00', 'COD'),
(154, 1154, true, '2022-01-22 09:39:00', 'UPI'),
(155, 1155, true, '2022-01-22 09:00:00', 'UPI'),
(156, 1156, true, '2022-01-26 10:05:00', 'UPI'),
(157, 1157, true, '2022-02-26 10:28:00', 'UPI'),
(158, 1158, true, '2022-03-08 10:37:00', 'COD'),
(159, 1159, true, '2022-02-27 10:51:00', 'UPI'),
(160, 1160, true, '2022-02-28 15:43:00', 'UPI'),
(161, 1161, true, '2022-02-28 15:51:00', 'UPI'),
(162, 1162, true, '2021-07-01 15:10:00', 'UPI'),
(163, 1163, true, '2021-07-03 15:06:00', 'UPI'),
(164, 1164, true, '2021-07-21 15:57:00', 'UPI'),
(165, 1165, true, '2021-07-13 15:24:00', 'UPI'),
(166, 1166, true, '2021-07-26 15:36:00', 'COD'),
(167, 1167, true, '2021-08-05 11:37:00', 'UPI'),
(168, 1168, true, '2021-08-05 11:22:00', 'UPI'),
(169, 1169, true, '2021-08-17 07:52:00', 'COD'),
(170, 1170, true, '2021-08-10 07:58:00', 'UPI'),
(171, 1171, true, '2021-08-11 09:10:00', 'UPI'),
(172, 1172, true, '2021-08-14 09:37:00', 'UPI'),
(173, 1173, true, '2021-09-14 10:44:00', 'UPI'),
(174, 1174, true, '2021-09-14 10:28:00', 'UPI'),
(175, 1175, true, '2021-10-02 16:52:00', 'UPI'),
(176, 1176, true, '2021-01-31 16:41:00', 'COD'),
(177, 1177, true, '2021-10-24 17:53:00', 'UPI'),
(178, 1178, true, '2021-12-25 17:04:00', 'UPI'),
(179, 1179, true, '2021-12-25 17:26:00', 'UPI'),
(180, 1180, true, '2021-12-25 22:41:00', 'UPI'),
(181, 1181, true, '2022-01-01 22:09:00', 'UPI'),
(182, 1182, true, '2022-01-01 14:59:00', 'UPI'),
(183, 1183, true, '2022-01-31 14:30:00', 'COD'),
(184, 1184, true, '2022-01-22 09:39:00', 'UPI'),
(185, 1185, true, '2022-01-22 09:00:00', 'UPI'),
(186, 1186, true, '2022-01-26 10:05:00', 'UPI'),
(187, 1187, true, '2022-02-26 10:28:00', 'UPI'),
(188, 1188, true, '2022-03-08 10:37:00', 'COD'),
(189, 1189, true, '2022-02-27 10:51:00', 'UPI'),
(190, 1190, true, '2022-02-28 15:43:00', 'UPI'),
(191, 1191, true, '2022-01-01 22:09:00', 'UPI'),
(192, 1192, true, '2022-01-01 14:59:00', 'UPI'),
(193, 1193, true, '2022-01-31 14:30:00', 'COD'),
(194, 1194, true, '2022-01-22 09:39:00', 'UPI'),
(195, 1195, true, '2022-01-22 09:00:00', 'UPI'),
(196, 1196, true, '2022-01-26 10:05:00', 'UPI'),
(197, 1197, true, '2022-02-26 10:28:00', 'UPI'),
(198, 1198, true, '2022-03-08 10:37:00', 'COD'),
(199, 1199, true, '2022-02-27 10:51:00', 'UPI'),
(200, 1200, true, '2022-02-28 15:51:00', 'UPI'),
(201, 1201, true, '2021-07-01 15:43:00', 'UPI'),
(202, 1202, true, '2021-07-01 15:10:00', 'UPI'),
(203, 1203, true, '2021-07-03 15:06:00', 'UPI'),
(204, 1204, true, '2021-07-21 15:57:00', 'UPI'),
(205, 1205, true, '2021-07-13 15:24:00', 'UPI'),
(206, 1206, true, '2021-07-26 15:36:00', 'COD'),
(207, 1207, true, '2021-08-05 11:37:00', 'UPI'),
(208, 1208, true, '2021-08-05 11:22:00', 'UPI'),
(209, 1209, true, '2021-08-17 07:52:00', 'COD'),
(210, 1210, true, '2021-08-10 07:58:00', 'UPI'),
(211, 1211, true, '2021-08-11 09:10:00', 'UPI'),
(212, 1212, true, '2021-08-14 09:37:00', 'UPI'),
(213, 1213, true, '2021-09-14 10:44:00', 'UPI'),
(214, 1214, true, '2021-09-14 10:28:00', 'UPI'),
(215, 1215, true, '2021-10-02 16:52:00', 'UPI'),
(216, 1216, true, '2021-01-31 16:41:00', 'COD'),
(217, 1217, true, '2021-10-24 17:53:00', 'UPI'),
(218, 1218, true, '2021-12-25 17:04:00', 'UPI'),
(219, 1219, true, '2021-12-25 17:26:00', 'UPI'),
(220, 1220, true, '2021-12-25 22:41:00', 'UPI'),
(221, 1221, true, '2022-01-01 22:09:00', 'UPI'),
(222, 1222, true, '2022-01-01 14:59:00', 'UPI'),
(223, 1223, true, '2022-01-31 14:30:00', 'COD'),
(224, 1224, true, '2022-01-22 09:39:00', 'UPI'),
(225, 1225, true, '2022-01-22 09:00:00', 'UPI'),
(226, 1226, true, '2022-01-26 10:05:00', 'UPI'),
(227, 1227, true, '2022-02-26 10:28:00', 'UPI'),
(228, 1228, true, '2022-03-08 10:37:00', 'COD'),
(229, 1229, true, '2022-02-27 10:51:00', 'UPI'),
(230, 1230, true, '2022-02-28 15:43:00', 'UPI'),
(231, 1231, true, '2022-02-28 15:51:00', 'UPI'),
(232, 1232, true, '2021-08-14 09:37:00', 'UPI'),
(233, 1233, true, '2021-09-14 10:44:00', 'UPI'),
(234, 1234, true, '2021-09-14 10:28:00', 'UPI'),
(235, 1235, true, '2021-10-02 16:52:00', 'UPI'),
(236, 1236, true, '2021-01-31 16:41:00', 'COD'),
(237, 1237, true, '2021-10-24 17:53:00', 'UPI'),
(238, 1238, true, '2021-12-25 17:04:00', 'UPI'),
(239, 1239, true, '2021-12-25 17:26:00', 'UPI'),
(240, 1240, true, '2021-12-25 22:41:00', 'UPI'),
(241, 1241, true, '2022-01-01 22:09:00', 'UPI'),
(242, 1242, true, '2022-01-01 14:59:00', 'UPI'),
(243, 1243, true, '2022-01-31 14:30:00', 'COD'),
(244, 1244, true, '2022-01-22 09:39:00', 'UPI'),
(245, 1245, true, '2022-01-22 09:00:00', 'UPI'),
(246, 1246, true, '2022-01-26 10:05:00', 'UPI'),
(247, 1247, true, '2022-02-26 10:28:00', 'UPI'),
(248, 1248, true, '2022-03-08 10:37:00', 'COD'),
(249, 1249, true, '2022-02-27 10:51:00', 'UPI'),
(250, 1250, true, '2022-02-28 15:43:00', 'UPI');

insert into DeliveryPerson values
(1001, 1),
(1002, 11),
(1003, 21),
(1004, 31),
(1005, 41),
(1006, 51),
(1007, 61),
(1008, 71),
(1009, 81),
(1010, 91),
(1011, 101),
(1012, 111),
(1013, 121),
(1014, 131),
(1015, 141),
(1016, 151),
(1017, 161),
(1018, 171),
(1019, 181),
(1020, 191),
(1021, 201),
(1022, 211),
(1023, 221),
(1024, 231),
(1025, 241),
(1026, 251),
(1027, 261),
(1028, 271),
(1029, 281),
(1030, 291),
(1031, 301),
(1032, 311),
(1033, 321),
(1034, 331),
(1035, 341),
(1036, 351),
(1037, 361),
(1038, 371),
(1039, 381),
(1040, 391),
(1041, 401),
(1042, 411),
(1043, 421),
(1044, 431),
(1045, 441),
(1046, 451),
(1047, 461),
(1048, 471),
(1049, 481),
(1050, 491),
(1051, 271),
(1052, 281),
(1053, 291),
(1054, 212),
(1055, 341),
(1056, 351),
(1057, 361),
(1058, 371),
(1059, 381),
(1060, 391),
(1061, 401),
(1062, 411),
(1063, 421),
(1064, 431),
(1065, 441),
(1066, 451),
(1067, 461),
(1068, 71),
(1069, 81),
(1070, 91),
(1071, 101),
(1072, 111),
(1073, 121),
(1074, 131),
(1075, 141),
(1076, 151),
(1077, 161),
(1078, 171),
(1079, 181),
(1080, 191),
(1081, 201),
(1082, 211),
(1083, 221),
(1084, 231),
(1085, 241),
(1086, 251),
(1087, 261),
(1088, 271),
(1089, 281),
(1090, 291),
(1091, 301),
(1092, 311),
(1093, 321),
(1094, 331),
(1095, 341),
(1096, 351),
(1097, 261),
(1098, 271),
(1099, 281),
(1100, 291),
(1101, 301),
(1102, 311),
(1103, 321),
(1104, 331),
(1105, 341),
(1106, 351),
(1107, 361),
(1108, 371),
(1109, 381),
(1110, 391),
(1111, 401),
(1112, 411),
(1113, 421),
(1114, 431),
(1115, 441),
(1116, 51),
(1117, 61),
(1118, 71),
(1119, 81),
(1120, 91),
(1121, 101),
(1122, 111),
(1123, 121),
(1124, 131),
(1125, 141),
(1126, 151),
(1127, 161),
(1128, 171),
(1129, 181),
(1130, 191),
(1131, 201),
(1132, 211),
(1133, 221),
(1134, 231),
(1135, 241),
(1136, 251),
(1137, 261),
(1138, 271),
(1139, 281),
(1140, 291),
(1141, 301),
(1142, 311),
(1143, 321),
(1144, 331),
(1145, 241),
(1146, 251),
(1147, 261),
(1148, 271),
(1149, 281),
(1150, 291),
(1151, 301),
(1152, 311),
(1153, 321),
(1154, 331),
(1155, 341),
(1156, 351),
(1157, 361),
(1158, 371),
(1159, 381),
(1160, 391),
(1161, 401),
(1162, 411),
(1163, 421),
(1164, 431),
(1165, 441),
(1166, 51),
(1167, 61),
(1168, 71),
(1169, 81),
(1170, 91),
(1171,91),
(1172,51),
(1173,191),
(1174,451),
(1175,331),
(1176,251),
(1177,121),
(1178,111),
(1179,11),
(1180,271),
(1181, 101),
(1182, 111),
(1183, 121),
(1184, 131),
(1185, 141),
(1186, 151),
(1187, 161),
(1188, 171),
(1189, 181),
(1190, 191),
(1191, 201),
(1192, 211),
(1193, 221),
(1194, 231),
(1195, 241),
(1196, 51),
(1197, 61),
(1198, 71),
(1199, 81),
(1200, 91),
(1201, 101),
(1202, 111),
(1203, 121),
(1204, 131),
(1205, 341),
(1206, 351),
(1207, 361),
(1208, 371),
(1209, 381),
(1210, 391),
(1211, 401),
(1212, 411),
(1213, 421),
(1214, 431),
(1215, 441),
(1216, 451),
(1217, 461),
(1218, 71),
(1219, 81),
(1220, 91),
(1221, 101),
(1222, 111),
(1223, 121),
(1224, 131),
(1225, 141),
(1226, 281),
(1227, 261),
(1228, 271),
(1229, 241),
(1230, 291),
(1231, 301),
(1232, 311),
(1233, 321),
(1234, 331),
(1235, 341),
(1236, 351),
(1237, 361),
(1238, 371),
(1239, 381),
(1240, 391),
(1241, 401),
(1242, 411),
(1243, 421),
(1244, 431),
(1245, 441),
(1246, 451),
(1247, 461),
(1248, 471),
(1249, 481),
(1250, 491);

Insert Into login values
(1,'employee',')8N-_Do('),
(2,'employee','_B>oxh'),
(3,'employee','\T>eU^Vs'),
(4,'employee','/_Y.;OZ2'),
(5,'employee',':bC/RL+X'),
(6,'employee','=C/nIJ0]'),
(7,'employee','Vg)d6HwP'),
(8,'employee','_zgs63\,y'),
(9,'employee','fV];~rEs'),
(10,'employee','b`8zXEZ)'),
(11,'employee','>VyLX_HB'),
(12,'employee','Bm]SX:4%'),
(13,'employee','K7t`0vH?'),
(14,'employee','q\"@%C*mI'),
(15,'employee','1fpT8SFY'),
(16,'employee','pUMFf3kj'),
(17,'employee',':tg5$<~s'),
(18,'employee','|Ei)>V%N'),
(19,'employee','1}kcJZe`'),
(20,'employee','J8^(ihyj'),
(21,'employee','-g\E%kY@'),
(22,'employee','M-2V{^u]'),
(23,'employee','DG*+/En8'),
(24,'employee','fB].KUCo'),
(25,'employee','u)gyf|W^'),
(26,'employee','`L95uq&\"'),
(27,'employee','>zZe=[^0'),
(28,'employee','D(mlIN/d'),
(29,'employee','OqRU+~rd'),
(30,'employee','{)(K\,RvO'),
(31,'employee','|c6vaD`C'),
(32,'employee','b|VwK=54'),
(33,'employee','o7@sD-[d'),
(34,'employee','!z\,HjYie'),
(35,'employee',']zw[T!F#'),
(36,'employee','RQ`0Pt~J'),
(37,'employee','Qx|sz^&M'),
(38,'employee','h%T|O{1I'),
(39,'employee',';HzD!pc5'),
(40,'employee','F^k8xg7f'),
(41,'employee','fN0`Q]t.'),
(42,'employee','9tMc}UL~'),
(43,'employee','Pd*k`{7<'),
(44,'employee','EgH''Y.VF'),
(45,'employee','8g-\,M7Q<'),
(46,'employee','S8^%wk''X'),
(47,'employee','v!sW}Mhg'),
(48,'employee','Wbo#<F$H'),
(49,'employee','<qp;}uOD'),
(50,'employee','<;(_GksS'),
(51,'employee','6hIE|.KF'),
(52,'employee','PIVH`)j#'),
(53,'employee','0]7&|p4r'),
(54,'employee','fvTwqKY<'),
(55,'employee','irA9w+&b'),
(56,'employee','?bNzd$&G'),
(57,'employee',')P^%B$SW'),
(58,'employee','.{$|-Nfx'),
(59,'employee','$RElyG#h'),
(60,'employee','w<f1iy*H'),
(61,'employee','z:hk(Z.;'),
(62,'employee','w5]2BO*u'),
(63,'employee','?U$x%6H!'),
(64,'employee','>v&6Q^I'''),
(65,'employee','V\,)]gs`$'),
(66,'employee','}.mfQ(%F'),
(67,'employee','uM<L~f4R'),
(68,'employee','eS/hB9A.'),
(69,'employee',':ukKlf%*'),
(70,'employee','2H</.~Y#'),
(71,'employee','|vSTn{93'),
(72,'employee','\,URivrj'),
(73,'employee','#FQ%]a6@'),
(74,'employee','(obV6[&J'),
(75,'employee','A$=pez6;'),
(76,'employee','yQ\,/MbU5'),
(77,'employee','&mc=3?_h'),
(78,'employee','m6l#NWz-'),
(79,'employee','[Xu\/-}K'),
(80,'employee','=\,?:#7PB'),
(81,'employee','-^O*qn'),
(82,'employee','D0gdB|uA'),
(83,'employee','Sti?P}(B'),
(84,'employee','{;yzk]mZ'),
(85,'employee','4I%Cm\~A'),
(86,'employee','ju.G7<s~'),
(87,'employee','|c*\,X13+'),
(88,'employee','+)@Q&MtK'),
(89,'employee','1L}&S6\"!'),
(90,'employee','}0V5W79B'),
(91,'employee','8Rqy1J.'''),
(92,'employee','M<egrw$4'),
(93,'employee','tU{-^l60'),
(94,'employee','(>A8|[3#'),
(95,'employee','#`Q(%u7b'),
(96,'employee',':AeTSzWt'),
(97,'employee','?YITf`w/'),
(98,'employee','bV)Ik|5@'),
(99,'employee','C`]A0%_~'),
(100,'employee','1{$_9:qB'),
(101,'employee','|*YdIP9U'),
(102,'employee','|mJusakj'),
(103,'employee',';ld=~hu*'),
(104,'employee','3-}:uU><'),
(105,'employee','tLoIw+SF'),
(106,'employee','iK*BE4xr'),
(107,'employee','G;yaSuKl'),
(108,'employee','-)d5*\Kl'),
(109,'employee','\<@s.ePi'),
(110,'employee','m;z\"/X:P'),
(111,'employee','+IcM(\,Lx'),
(112,'employee','oNs-%iZ'),
(113,'employee','s<h9C=g:'),
(114,'employee','O~@<a-}Y'),
(115,'employee','6M`%H@)\"'),
(116,'employee','?8C{Awp|'),
(117,'employee','LwTu5me7'),
(118,'employee','Mjmdg1A!'),
(119,'employee','\8I$Kd`M'),
(120,'employee','B}?+0Tzg'),
(121,'employee','pxb}E_-o'),
(122,'employee','}B=vk@\"%'),
(123,'employee','`E]bh.Ku'),
(124,'employee','{mF#Ck*('),
(125,'employee','\,i@\X-%1'),
(126,'employee','m8ei\O1J'),
(127,'employee','khiTw''%/'),
(128,'employee','fKRNb)$P'),
(129,'employee','*}''^!.3#'),
(130,'employee','IV_yS=Di'),
(131,'employee','@A`wlnh0'),
(132,'employee','g-\?+x`;'),
(133,'employee','7#<2xPCe'),
(134,'employee','[c5s\"''Z4'),
(135,'employee','*a5XVst_'),
(136,'employee','\,O^z5c~S'),
(137,'employee','e@2IQCMK'),
(138,'employee','r`%vtqzi'),
(139,'employee','=BLI''r)m'),
(140,'employee','&3Ip^Tkl'),
(141,'employee','v-iYOk@%'),
(142,'employee','HB0*Jw7;'),
(143,'employee','A7F?@|_S'),
(144,'employee','pKV);#B%'),
(145,'employee','<&2x#3yI'),
(146,'employee','d?m\^bWv'),
(147,'employee','1S9F&z\3'),
(148,'employee','r)P&UnXJ'),
(149,'employee',']2(faquQ'),
(150,'employee','>Y4p^nK?'),
(151,'employee',']rw^3EYU'),
(152,'employee','#S?&hsy<'),
(153,'employee','4b\\,C0m`'),
(154,'employee','U8\,n2)=H'),
(155,'employee','NB!Zi.~I'),
(156,'employee','y8E@_jWZ'),
(157,'employee','\"C->+$mX'),
(158,'employee',']^ET29-}'),
(159,'employee','o:3m9>bx'),
(160,'employee','^xRzsDTh'),
(161,'employee','(''fOtgF2'),
(162,'employee','kW<^qI}F'),
(163,'employee','(!xyTnIA'),
(164,'employee','ibW`}A/5'),
(165,'employee','~H*&-D2m'),
(166,'employee','y1I\_U@%'),
(167,'employee','F`SkYxRv'),
(168,'employee','(dxhrn0G'),
(169,'employee','f05XNWUx'),
(170,'employee','d(lc@SDX'),
(171,'employee','Snj\">[Q?'),
(172,'employee','Zn-sp}a^'),
(173,'employee','2=}.kmjv'),
(174,'employee','|''+R)y7-'),
(175,'employee','_`#r+=:5'),
(176,'employee','*ng>l!)^'),
(177,'employee','56VD>vy4'),
(178,'employee','6DaLMqu<'),
(179,'employee','WAy2tk{%'),
(180,'employee','}OZ/vpEd'),
(181,'employee','u4VAc~Pp'),
(182,'employee','[nQX>B^.'),
(183,'employee','n^dsf''o`'),
(184,'employee','>{Pjw=`F'),
(185,'employee','u8_}+g4T'),
(186,'employee','9+`7p}[-'),
(187,'employee','[$@IMDt3'),
(188,'employee','mM4d7@T&'),
(189,'employee','LTK{9?.N'),
(190,'employee','L@w^3=S-'),
(191,'employee','U>J:BSmC'),
(192,'employee','|qY~VBi0'),
(193,'employee','[k%=A0_j'),
(194,'employee','f:(+\xJv'),
(195,'employee','/!$l\"Ai;'),
(196,'employee','\{E>@/Z0'),
(197,'employee','$9F|:2-w'),
(198,'employee','JC>\,Ai85'),
(199,'employee','!m[;w:#u'),
(200,'employee','3dY$iO0X'),
(201,'employee','WnkC*Rli'),
(202,'employee','dSR.bu-4'),
(203,'employee','kj?Ja7ZQ'),
(204,'employee','RH2$37sb'),
(205,'employee','TA>0M]g?'),
(206,'employee','Y[b;v{-s'),
(207,'employee','c^AN8%)b'),
(208,'employee','kz$g\WB9'),
(209,'employee','|q`ACt1H'),
(210,'employee','F9$5G!V'),
(211,'employee','Yu%b{w.'),
(212,'employee','uOLbGj#:'),
(213,'employee','R$8I\*JQ'),
(214,'employee','#(~Jpaw-'),
(215,'employee','O34|\;j\"'),
(216,'employee','VWJ3%U>S'),
(217,'employee','@}[&*E:b'),
(218,'employee','+XDRBn91'),
(219,'employee','X3y_VtQu'),
(220,'employee',':U*M%0y)'),
(221,'employee','V\"Dog#~N'),
(222,'employee','^x.''cen%'),
(223,'employee','o26P(kIK'),
(224,'employee','s-D[G\C0'),
(225,'employee','!}g:tzk7'),
(226,'employee','=(A>.^z:'),
(227,'employee','u)Rg|SK7'),
(228,'employee','N{TOHLD_'),
(229,'employee','C=uyqOei'),
(230,'employee','-J6C|5a<'),
(231,'employee','~}v|VlC7'),
(232,'employee','z5if)?7`'),
(233,'employee','4q\"%:fn0'),
(234,'employee','m?XkBG;E'),
(235,'employee','_lCmj64&'),
(236,'employee','\Q*I6=ku'),
(237,'employee','Y8VKh*LG'),
(238,'employee','|z<7o+~c'),
(239,'employee','k!4C|\"T'''),
(240,'employee','B8:a>bZU'),
(241,'employee','\Px}JIX6'),
(242,'employee','2XvtzAGg'),
(243,'employee','9''lWeb+-'),
(244,'employee','TcNs(xZ<'),
(245,'employee','ab\VJ6;['),
(246,'employee','btQ;sc6i'),
(247,'employee','vAzPoSJ4'),
(248,'employee','~wzr=X|}'),
(249,'employee','[.at9Lh8'),
(250,'employee','#xJT*sh|'),
(251,'employee','UJsiG''Y1'),
(252,'employee','-HY{x\"Fv'),
(253,'employee','@5<IdjU['),
(254,'employee','r7lL\"ZH!'),
(255,'employee','RSd]+1j?'),
(256,'employee','Itqk*#j{'),
(257,'employee','LHl'']/ia'),
(258,'employee','!%9xz16='),
(259,'employee','2TiQB@+'''),
(260,'employee','{#qLcU%M'),
(261,'employee','}W<M2mJx'),
(262,'employee','uKxh0:bg'),
(263,'employee','!(/mpG''&'),
(264,'employee','uaWPD*_x'),
(265,'employee','(FhC>i#0'),
(266,'employee','Ls3+Y.>`'),
(267,'employee','|m_BwTj~'),
(268,'employee','^=97H`kK'),
(269,'employee','Tm7>]0%`'),
(270,'employee','4y$\b=2q'),
(271,'employee','rz:0cqZP'),
(272,'employee','Wp)O!f*_'),
(273,'employee','9fAy3?La'),
(274,'employee',')Y6hn5XH'),
(275,'employee','j(9s{bV)'),
(276,'employee','Sj\"R2cN$'),
(277,'employee','~T!KP:w#'),
(278,'employee','L2K:P9{p'),
(279,'employee','NX=8pYA&'),
(280,'employee','G=gzCYxN'),
(281,'employee','$ep6XM*d'),
(282,'employee','zx_)q|ZS'),
(283,'employee','38;LyZ4t'),
(284,'employee','{F!V@q}p'),
(285,'employee','yH(=fi|B'),
(286,'employee','RiUPAH[q'),
(287,'employee','GSAwWmE\,'),
(288,'employee','cva?96g3'),
(289,'employee','2Mbp&4{F'),
(290,'employee','(Vu}^c7='),
(291,'employee','x`QU985L'),
(292,'employee','qx:/$%O&'),
(293,'employee','=''$s4EDU'),
(294,'employee','|u>RXko$'),
(295,'employee','*BA`+aYI'),
(296,'employee','>R<qMKT'),
(297,'employee','gHWVAds'),
(298,'employee','|MhU3D\")'),
(299,'employee','RwPD-\"NV'),
(300,'employee','<:9KSs~;'),
(301,'employee',';:n~fg%R'),
(302,'employee','nilfV)x6'),
(303,'employee','bC''4dQ&W'),
(304,'employee','{i5Ts~tX'),
(305,'employee','|7#jrm\A'),
(306,'employee','};puFw+T'),
(307,'employee','aEG;0&8@'),
(308,'employee','[*12u!aP'),
(309,'employee','j1.OT_Go'),
(310,'employee','@l%f\|zw'),
(311,'employee','&1xbn29\,'),
(312,'employee','._u>p#:^'),
(313,'employee','*H;Po/Rh'),
(314,'employee','[LuRki/o'),
(315,'employee','r`;BefZ\"'),
(316,'employee','T/KU#D|y'),
(317,'employee','|\]RgW[d'),
(318,'employee','SY!FCPt_'),
(319,'employee','QZ;5/|ox'),
(320,'employee','zs<Dt&6/'),
(321,'employee','aMr\,;l\s'),
(322,'employee','wzO0FRd_'),
(323,'employee','Q7Ez4HWF'),
(324,'employee','8D{w(]X&'),
(325,'employee','''RXyEqC6'),
(326,'employee','''`\,}M\xB'),
(327,'employee','ND=wuxO>'),
(328,'employee','''cePAN@0'),
(329,'employee','Zg.5MG~f'),
(330,'employee','~z''tP.LM'),
(331,'employee','IoRH*^\<'),
(332,'employee','T=/VGo|2'),
(333,'employee','5sjZ~ANH'),
(334,'employee','uRd*M|lV'),
(335,'employee','TV=3D`%s'),
(336,'employee','&sJD4V(i'),
(337,'employee','F~}.AeV\,'),
(338,'employee','*pX?J.[/'),
(339,'employee','=bpHMK6T'),
(340,'employee','?=zMI#P:'),
(341,'employee','_A}%I?Fo'),
(342,'employee','_|kU).3h'),
(343,'employee','^s$_*j!Z'),
(344,'employee',':HZz\"2>|'),
(345,'employee','Lsr/m:1B'),
(346,'employee','P_NQnwFj'),
(347,'employee','\,(;?\V6#'),
(348,'employee','PUun6j\_'),
(349,'employee','4AD*GH7e'),
(350,'employee','=3Bug&Uy'),
(351,'employee','K_}^@b+c'),
(352,'employee','cvz\"`^@Z'),
(353,'employee','-?kUFte|'),
(354,'employee','?>o}Pa%h'),
(355,'employee','F5Uk0+;L'),
(356,'employee','{(*sADV4'),
(357,'employee','>yw@NcrI'),
(358,'employee','rVjUe`K9'),
(359,'employee','?8X!h\j$'),
(360,'employee','m$UnPyXd'),
(361,'employee','Rr(WJ$#4'),
(362,'employee','>gcq75Ck'),
(363,'employee','*1du4El!'),
(364,'employee','3%o4!q^Q'),
(365,'employee','$&a8[\Lh'),
(366,'employee','~0?\cJ:$'),
(367,'employee','(E''kq9T0'),
(368,'employee','4W^?}QuM'),
(369,'employee','yb<p^}D9'),
(370,'employee','O4*Q@Ay.'),
(371,'employee','Tl@_oD<h'),
(372,'employee','gVYi=Hlp'),
(373,'employee','Mv[}\,%>k'),
(374,'employee','nLl_T3Ct'),
(375,'employee','l>WmgcA^'),
(376,'employee','B`E&p{C9'),
(377,'employee','r`:-!q#U'),
(378,'employee','&Rxp''N\@'),
(379,'employee','X$1~*)}['),
(380,'employee','j&s\"am>]'),
(381,'employee','m:!3n%U]'),
(382,'employee','\"I_(a''-?'),
(383,'employee','=m`y]G;%'),
(384,'employee','<_''Tmo%?'),
(385,'employee','%}EAy^(h'),
(386,'employee','GpcPaFT|'),
(387,'employee','j.fdR~uI'),
(388,'employee','p=rXPB69'),
(389,'employee','tDX?9$\6'),
(390,'employee','%djK/OY\,'),
(391,'employee','l\6|HJvx'),
(392,'employee',';vkK?\^:'),
(393,'employee','EZH1^v]*'),
(394,'employee','YI5a)}o>'),
(395,'employee','>~kL5|[d'),
(396,'employee','|''km31fL'),
(397,'employee','PL''~(I69'),
(398,'employee','e\"dEUo)['),
(399,'employee','@''C53EVJ'),
(400,'employee','lSu\")xUO'),
(401,'employee','3G:jKsC1'),
(402,'employee','\"6GD[c(|'),
(403,'employee','xMV\QL-$'),
(404,'employee',')pzh1cS0'),
(405,'employee','c$FB@*\W'),
(406,'employee','mMS%''u2y'),
(407,'employee','v\"?hx8Zw'),
(408,'employee','<_tZnU7^'),
(409,'employee','V_;[sOrL'),
(410,'employee',':M(q\"+rF'),
(411,'employee','DC7VX/''r'),
(412,'employee','5z`@{\hX'),
(413,'employee','Yzq\"V;{$'),
(414,'employee','Tb?X*s}0'),
(415,'employee',':)RA@FyU'),
(416,'employee','4^A5ro''/'),
(417,'employee','`O0DcFJZ'),
(418,'employee','!CD)xv];'),
(419,'employee','f]K;*x{I'),
(420,'employee','[c`)~]9/'),
(421,'employee','o>Z8t9ig'),
(422,'employee','}0F6X1_N'),
(423,'employee','^CLNr9g/'),
(424,'employee','71%VU\<y'),
(425,'employee','Pr+7n]?1'),
(426,'employee','?>Zg(f)n'),
(427,'employee','f>&\"j!Vp'),
(428,'employee','n{2+\,m8\"'),
(429,'employee','BPmlsOIx'),
(430,'employee','&\,n''ZD~p'),
(431,'employee','J9-IjG3x'),
(432,'employee','k|S_#j/E'),
(433,'employee','F}Vc[bBo'),
(434,'employee',')%9B?^vx'),
(435,'employee','7d2\FneK'),
(436,'employee','%S@P5+if'),
(437,'employee','~uwr;(fh'),
(438,'employee','OJS<@4A*'),
(439,'employee','\"1~wC}a'''),
(440,'employee','R~8XSWlv'),
(441,'employee','lsh1`zuR'),
(442,'employee','gQoG\`^]'),
(443,'employee',')%g/jSpX'),
(444,'employee','&Vv*!''~|'),
(445,'employee','P0Kx]R=n'),
(446,'employee','N2!{7Rjz'),
(447,'employee',']0_SeJHL'),
(448,'employee','V''hN_5oa'),
(449,'employee','/54:o_v<'),
(450,'employee','1*nKW''fe'),
(451,'employee','BQ0_X\]<'),
(452,'employee','0(ucQx\W'),
(453,'employee','$Sqzt1fw'),
(454,'employee','6*lZH&f)'),
(455,'employee','XWtuGdI9'),
(456,'employee','(o?)g`H='),
(457,'employee',':B`pm0aq'),
(458,'employee','W<=a)3Xg'),
(459,'employee','IVBxA6co'),
(460,'employee','U*Z3}T<S'),
(461,'employee','^GaE\"YOQ'),
(462,'employee','\,7lQ<_Rx'),
(463,'employee','m2DaHwd|'),
(464,'employee','_^}!NoM/'),
(465,'employee','2[gIW}l+'),
(466,'employee','f+5@>''7F'),
(467,'employee','iyx[{fwH'),
(468,'employee','GB}QI{#Y'),
(469,'employee','0|e21Vm7'),
(470,'employee','(|t:/e?G'),
(471,'employee','\,n2SZ%Bv'),
(472,'employee','?^ygmk+Z'),
(473,'employee','=c\,IB[/P'),
(474,'employee','#x^M(lvV'),
(475,'employee','!*r:n|]R'),
(476,'employee','[{dCWcQ>'),
(477,'employee','''C{%L)\"8'),
(478,'employee','$87KSYl['),
(479,'employee','+gr;Ao38'),
(480,'employee','|]=9K;.l'),
(481,'employee','9+b`Xftg'),
(482,'employee','N.p&v=0H'),
(483,'employee','<|%g5q-C'),
(484,'employee','6P1e4+KJ'),
(485,'employee','F!E{s/D['),
(486,'employee','}eECh+8K'),
(487,'employee',':pb\,k3S5'),
(488,'employee','(~z?''Rpx'),
(489,'employee','OTe-'')|k'),
(490,'employee','ga''~b|E2'),
(491,'employee','=:M+Xo/>'),
(492,'employee','7mt36Dq='),
(493,'employee','M`<RV-.q'),
(494,'employee','W*{e@7ma'),
(495,'employee','L{$~|>ib'),
(496,'employee','faU65A''o'),
(497,'employee','F3:&oehK'),
(498,'employee','Y.h;F6D&'),
(499,'employee','[lQ:jyR8'),
(500,'employee','Tk)%}@e!'),
(1,'manager',';s1R&Ar}'),
(2,'manager','!Uu8+[(/'),
(3,'manager','[\"P7G(C#'),
(4,'manager','DQc!)>4F'),
(5,'manager','O24S(&G:'),
(6,'manager','tC2T4\,|Y'),
(7,'manager','0P(%V?FA'),
(8,'manager','y*kKpI()'),
(9,'manager','1gl89<Sp'),
(10,'manager','![<%oX.M'),
(11,'manager','Ro7zj$E`'),
(12,'manager','ICGRy#oq'),
(13,'manager','}wz]f;1>'),
(14,'manager','-QJ7>B\"n'),
(15,'manager',':(ijP[yd'),
(16,'manager','wr})@ZA3'),
(17,'manager','fc\e_o%A'),
(18,'manager','56zH8DB)'),
(19,'manager','mT&5K6b#'),
(20,'manager','pl]y2g:{'),
(21,'manager','?tN+pAlv'),
(22,'manager','Wg#:+>&i'),
(23,'manager','yu+\-amI'),
(24,'manager','/VM=`]lD'),
(25,'manager','AX|RDo~k'),
(26,'manager','a(#n/`0z'),
(27,'manager','v=W3''A\,!'),
(28,'manager','f[E%~<p2'),
(29,'manager','XvU-f\<j'),
(30,'manager','H;$>DqxA'),
(31,'manager','{\,zOWuX@'),
(32,'manager','\"bM$eYu6'),
(33,'manager','ruGw\,j6K'),
(34,'manager','m>q7[$US'),
(35,'manager','u(S=WZno'),
(36,'manager','1`2g/%~e'),
(37,'manager','/;''93ka7'),
(38,'manager','pA0#kW!L'),
(39,'manager','ichD?km@'),
(40,'manager','0;y(7Qmp'),
(41,'manager','\-0$8:(h'),
(42,'manager','x\,f*whZ.'),
(43,'manager','bg>EDm+d'),
(44,'manager','i\<p)5fu'),
(45,'manager','nFp+]5#C'),
(46,'manager','''_Z=Rkxi'),
(47,'manager','>&M#$_?p'),
(48,'manager','\]&/ycL?'),
(49,'manager','qTFIh/C#'),
(50,'manager','rXEmPAn&'),
(1,'customer','9y3VhbCv'),
(2,'customer','Y]1/ShzH'),
(3,'customer','Cl0nk`$6'),
(4,'customer','Kz`Te1L['),
(5,'customer','(Bgpt|M8'),
(6,'customer','aVf*J#2p'),
(7,'customer','_#HFV!L-'),
(8,'customer','fTgZu@7q'),
(9,'customer','\aCNe$|S'),
(10,'customer','sLU&?7v|'),
(11,'customer','-kW7iLU9'),
(12,'customer','WtNOZd0_'),
(13,'customer','nP/RTJ=F'),
(14,'customer','vE~t2PdB'),
(15,'customer','0''ymR~P?'),
(16,'customer','^QE8]%M/'),
(17,'customer','+s\,''7QVZ'),
(18,'customer','gD+0H6IS'),
(19,'customer','C}Ab[F<t'),
(20,'customer','y@Zd|1zr'),
(21,'customer','c1\,;XQ[f'),
(22,'customer','5W%@D8~&'),
(23,'customer','CDMNg^|z'),
(24,'customer','wA/)-|vj'),
(25,'customer','i:lC|T$O'),
(26,'customer','2VIFAD&G'),
(27,'customer','t?:qXbG'),
(28,'customer','c^s](FC'),
(29,'customer',')=mt\"&fV'),
(30,'customer','YIX''E\"!C'),
(31,'customer','Nqa\i=ox'),
(32,'customer','[Z(QoCNi'),
(33,'customer','y8kDK5#]'),
(34,'customer','E2;\,?5ib'),
(35,'customer','uRLNj+#K'),
(36,'customer','cS3Hb?A8'),
(37,'customer','MJ-b[)Gf'),
(38,'customer',')as?e6*9'),
(39,'customer','\"RhP~?o0'),
(40,'customer',':*_cS([a'),
(41,'customer','VBnzicRw'),
(42,'customer','K(\Mp)!P'),
(43,'customer','A(oYMZHV'),
(44,'customer','|.u6IYwi'),
(45,'customer','F#;3sH{w'),
(46,'customer','#vjwaJBC'),
(47,'customer','?[OSC!ry'),
(48,'customer','-#~/mo2'''),
(49,'customer','4BaRem$-'),
(50,'customer','-K6%[CqI'),
(51,'customer','dD5x9W-|'),
(52,'customer','$)8G&ct+'),
(53,'customer','lIEzepsc'),
(54,'customer','qDa+$[@|'),
(55,'customer','!42g{tOC'),
(56,'customer','dhzNW.Dq'),
(57,'customer','\`LCdGY{'),
(58,'customer','^.7wj_YA'),
(59,'customer','{.+^dB/W'),
(60,'customer','b9gz0WHV'),
(61,'customer','9gBX+'']W'),
(62,'customer','i}L:r$8X'),
(63,'customer','PRC5kZMB'),
(64,'customer','pk_w\DS*'),
(65,'customer','QfD~VMs_'),
(66,'customer','EqpV<AI-'),
(67,'customer','ETe1St5f'),
(68,'customer','=*la/X}$'),
(69,'customer','yn\M0`Gg'),
(70,'customer','U(jc?I7%'),
(71,'customer','F-a*Zz&i'),
(72,'customer','!%_s|&D'''),
(73,'customer','VJ<k.\,uy'),
(74,'customer','Z;6\<3b'''),
(75,'customer','#b[PRY''M'),
(76,'customer','j>hFT}4$'),
(77,'customer','}M1o!{JW'),
(78,'customer','[Wa`x_kg'),
(79,'customer','_5M\";''SD'),
(80,'customer','HuY+lja{'),
(81,'customer','dQqi}NM<'),
(82,'customer','=S/PO09>'),
(83,'customer','m%nEl[7z'),
(84,'customer','Z|X_pFOL'),
(85,'customer','EZM!rW1a'),
(86,'customer','k#yL]oxR'),
(87,'customer','|?tF@rpq'),
(88,'customer','oFpH(O#M'),
(89,'customer','KJl0ocLs'),
(90,'customer','^R8w<i0q'),
(91,'customer','=c!M\,|@b'),
(92,'customer','`1F:aZg5'),
(93,'customer','\"giA@eE^'),
(94,'customer','n*ic%eGu'),
(95,'customer','QmTqI1HG'),
(96,'customer','/WFp#>P8'),
(97,'customer','L)kK-w4&'),
(98,'customer','F`*r2Wvf'),
(99,'customer','?![L;}jw'),
(100,'customer','jw3&*nk'''),
(101,'customer','1)+ko^K5'),
(102,'customer','l~AE{;[v'),
(103,'customer','feI?0yLu'),
(104,'customer','.!rd28Zg'),
(105,'customer','6_yxos&G'),
(106,'customer','-I>#P15m'),
(107,'customer','T)!=kb(*'),
(108,'customer','e#s+&''>^'),
(109,'customer','xInZblKf'),
(110,'customer','^lDdc&;9'),
(111,'customer',']+faHgM>'),
(112,'customer','6&=t<}C>'),
(113,'customer','m64zT!3B'),
(114,'customer','>QD\,J-$/'),
(115,'customer','-<Cg#xZ@'),
(116,'customer','](lh5=gH'),
(117,'customer','WEs&2{xG'),
(118,'customer','_<N;uBtE'),
(119,'customer','2Z&*4ou>'),
(120,'customer','m(-#/h.p'),
(121,'customer','MGEpbk!v'),
(122,'customer','VCmD_J\"{'),
(123,'customer','B|yiG0fX'),
(124,'customer','YHmg}u<s'),
(125,'customer','t2dWcKFN'),
(126,'customer','zl(/j|ow'),
(127,'customer','ElV!#}yF'),
(128,'customer','''wfz@+e)'),
(129,'customer','Bz/s\,<~m'),
(130,'customer','lKeSj@?s'),
(131,'customer','Eir[y:cW'),
(132,'customer','U?TRLIiw'),
(133,'customer','ane9H@\"'''),
(134,'customer','_-f*jp%R'),
(135,'customer','kwFh54Us'),
(136,'customer','uz|Cm@}o'),
(137,'customer','''uA.W{p@'),
(138,'customer','9:j+kxa3'),
(139,'customer','-<]^U(t@'),
(140,'customer','tK(=x]!`'),
(141,'customer','@T\"B{?%>'),
(142,'customer','I\[?z&QP'),
(143,'customer','j>~)PX5x'),
(144,'customer','%k:ft/v9'),
(145,'customer','rT`S%l;Z'),
(146,'customer','}1*ElKH)'),
(147,'customer','$1i@=!pX'),
(148,'customer','HD|''Icrv'),
(149,'customer','GDA_?aS/'),
(150,'customer','I$0*hB@\"'),
(151,'customer','ATj!Zl$q'),
(152,'customer','n+v\,:W!0'),
(153,'customer','|^h%}#8t'),
(154,'customer','1v%=xT]0'),
(155,'customer','Ml0VHk@O'),
(156,'customer','vO(V[N~G'),
(157,'customer','?Gef(nkN'),
(158,'customer','#!m`G.1p'),
(159,'customer','uWwReoK~'),
(160,'customer','59e>s0m^'),
(161,'customer','t)>JVFNI'),
(162,'customer','mJ-iu\@a'),
(163,'customer','!v$ZPJl4'),
(164,'customer','\"Tu:[QSy'),
(165,'customer','t!WpGo&k'),
(166,'customer','yhv|S+Nz'),
(167,'customer','baetdS@w'),
(168,'customer','?f\,FW(sb'),
(169,'customer','e0h!l@pI'),
(170,'customer','EG-AQg4|'),
(171,'customer','7AWUqxBI'),
(172,'customer','t2C`}4pR'),
(173,'customer','V`#]2v=?'),
(174,'customer','q0bA~vLT'),
(175,'customer','CrjM(^Z~'),
(176,'customer','Wed}KCV|'),
(177,'customer','mrv$T''|#'),
(178,'customer','rO9?)&zw'),
(179,'customer','_zfHKh1E'),
(180,'customer','c_x12M#'),
(181,'customer','hUA.iav3'),
(182,'customer','B&6)Apvh'),
(183,'customer','ecLq~Tih'),
(184,'customer','^Z&L`XaP'),
(185,'customer','K>''-Z<ow'),
(186,'customer','tW/19mM)'),
(187,'customer','7Ws32bgK'),
(188,'customer','30.YGAw<'),
(189,'customer','XY%_PAr3'),
(190,'customer','VQ]D%=i}'),
(191,'customer','@)Twp*NL'),
(192,'customer','i&@ZUJn.'),
(193,'customer','ecM@ULNY'),
(194,'customer','IYGFzWS&'),
(195,'customer',';4k#&W-%'),
(196,'customer','lht<{][w'),
(197,'customer','L@_xs`g2'),
(198,'customer','}>m9BOuk'),
(199,'customer','*9Q60BNk'),
(200,'customer','S5:)Hj^p'),
(201,'customer','{\"bqVv#'''),
(202,'customer','AzN7ZoP:'),
(203,'customer','ce<ghU)f'),
(204,'customer','`:KwNC{%'),
(205,'customer','4[eYfx{0'),
(206,'customer','tu?[`+&6'),
(207,'customer','vo_*REqH'),
(208,'customer','+$S?2mb('),
(209,'customer','f''tIP;3]'),
(210,'customer','38/&7znx'),
(211,'customer','DC`+jq7p'),
(212,'customer','SsD&n#)}'),
(213,'customer','E*2L~h}Q'),
(214,'customer','|\EHq0Zb'),
(215,'customer','PzXJn?{>'),
(216,'customer','*}HYmJ]_'),
(217,'customer','I%T^?[{g'),
(218,'customer','Y[($%7MB'),
(219,'customer','t[j>lyzf'),
(220,'customer','Gwvny1R*'),
(221,'customer','zWp/yl6k'),
(222,'customer','?#+zm.6C'),
(223,'customer','#$2*5P)0'),
(224,'customer','I''ci|Yr>'),
(225,'customer','=Bc(6mv'''),
(226,'customer','^S~}nqm>'),
(227,'customer','?~<+pY''.'),
(228,'customer','!uq*Q19-'),
(229,'customer','\"_ac#)r5'),
(230,'customer','D3i!8)y`'),
(231,'customer','uPi;`W/v'),
(232,'customer','Ko?E7X:@'),
(233,'customer',':od''ia\\,'),
(234,'customer','&*CNS0Gt'),
(235,'customer','1#9&w`='''),
(236,'customer','qiQS_ehg'),
(237,'customer','K5H:.lcG'),
(238,'customer','avo#tIp{'),
(239,'customer','VQ2''9f:e'),
(240,'customer','0''%BqEAk'),
(241,'customer','K_T+/8YG'),
(242,'customer','CbUeMWBZ'),
(243,'customer','>szg:B5)'),
(244,'customer','?+\,y]YXV'),
(245,'customer','H[ISrBEp'),
(246,'customer','AnU/kXpT'),
(247,'customer','7i\"{:NgO'),
(248,'customer','eq=7V+6<'),
(249,'customer','_Dl#R2Sz'),
(250,'customer','PZ2UMI[+'),
(251,'customer','owL@rQ|~'),
(252,'customer','}s:`y0X['),
(253,'customer',';M#`-e_u'),
(254,'customer','pJmS`$ho'),
(255,'customer',']JOZIP8B'),
(256,'customer','eaTKolJ)'),
(257,'customer','y.$(9Jqe'),
(258,'customer',')J~Wu]Lj'),
(259,'customer',';U9?^[ov'),
(260,'customer','&DNazh(#'),
(261,'customer','1yH5x\"2c'),
(262,'customer','|+j\<UOa'),
(263,'customer','ix|w=t1X'),
(264,'customer','k}WR.[os'),
(265,'customer','d<=9%0\e'),
(266,'customer','\":3U|]2$'),
(267,'customer','JN]a}S''n'),
(268,'customer','GC''t:vQ}'),
(269,'customer','ju94BYV'),
(270,'customer','s>de?A.B'),
(271,'customer','*t\"Vx&M'),
(272,'customer','`\"|3t=O0'),
(273,'customer','to^prl48'),
(274,'customer','|;C)/kfg'),
(275,'customer','Tu7P*qFI'),
(276,'customer','l*={|[O~'),
(277,'customer','+yW\mh-'''),
(278,'customer','>4ly.^-k'),
(279,'customer','epk?Anr9'),
(280,'customer','7WhT_.#4'),
(281,'customer','|}OF64+='),
(282,'customer','~1S[#rC:'),
(283,'customer','JGgkIixp'),
(284,'customer','nqC@ZLX-'),
(285,'customer','3xTfsZL$'),
(286,'customer','rvKn<k#6'),
(287,'customer','\*ZW@#''$'),
(288,'customer','C`!H4jys'),
(289,'customer','eW|TMi*f'),
(290,'customer','=LvM_6Ba'),
(291,'customer','RY}K4M#m'),
(292,'customer','ODEeQK0u'),
(293,'customer','Xu$2G;OP'),
(294,'customer','o:.5F&Q-'),
(295,'customer','*Lm.s)!>'),
(296,'customer','ph!E];9`'),
(297,'customer','F7zEBhr\"'),
(298,'customer','/MQG|Co<'),
(299,'customer','''wb{^<N7'),
(300,'customer','.ZEG`qs_'),
(301,'customer','*&4[+R91'),
(302,'customer','!4K*hjw9'),
(303,'customer','.zD_OkgM'),
(304,'customer','doXW*]fD'),
(305,'customer','85IPFSrt'),
(306,'customer','~u''\I`Z$'),
(307,'customer','m/#^W%Jo'),
(308,'customer','Q;iZ[P8l'),
(309,'customer','xu\GIvh-'),
(310,'customer','OU`6jiu4'),
(311,'customer','=4:SN`yz'),
(312,'customer','$R5|g2^0'),
(313,'customer','qfBHU#TN'),
(314,'customer','E#tv<G[9'),
(315,'customer','SEqywbe#'),
(316,'customer','PxW!GBKv'),
(317,'customer',']`6\,kr$H'),
(318,'customer','mk''6i7~Q'),
(319,'customer','RDB7Z4''H'),
(320,'customer','xW[dr;tS'),
(321,'customer','C;!9t%w('),
(322,'customer','8.-](kB$'),
(323,'customer','bRU6}j(3'),
(324,'customer','>/lMQ?Zm'),
(325,'customer','^?iyN=}0'),
(326,'customer','vX\,!IrMY'),
(327,'customer','z<\Tt0ro'),
(328,'customer','!\,`i*{>G'),
(329,'customer','XT^pC&_l'),
(330,'customer','EKUl)FGO'),
(331,'customer','obl?0-wI'),
(332,'customer','trn%`X-_'),
(333,'customer','fKD{Q_tR'),
(334,'customer','6sRn[U$#'),
(335,'customer','T}3s_zf\"'),
(336,'customer','Q]*y\"/&{'),
(337,'customer','jHf/T<5}'),
(338,'customer','!aw@BQ[_'),
(339,'customer','uGV_?wm('),
(340,'customer','dpRm?k5*'),
(341,'customer','PiUD=b3\"'),
(342,'customer','_M>+g\,\m'),
(343,'customer','I=1[w:8L'),
(344,'customer','9D%d_OkI'),
(345,'customer','jdCqk\I'''),
(346,'customer','Pm<BaN(>'),
(347,'customer','=_NoBs[m'),
(348,'customer','1\"<S9N=?'),
(349,'customer','#HuTI''SV'),
(350,'customer','IcPl?;i.'),
(351,'customer','>I5iStB\,'),
(352,'customer','</r>{tm1'),
(353,'customer','Io3W''_H['),
(354,'customer','@(A+hTab'),
(355,'customer','}iT\,v~GZ'),
(356,'customer','k/WY@w!u'),
(357,'customer','7zr8ReY$'),
(358,'customer','qo+HwlE?'),
(359,'customer','FS#adA3>'),
(360,'customer','|Ic[\+>8'),
(361,'customer','SRAY=ar^'),
(362,'customer','d\e%vDfg'),
(363,'customer','VB.=LUen'),
(364,'customer','iMo%</p7'),
(365,'customer','KUJMd}cV'),
(366,'customer','R\,sj}36S'),
(367,'customer','6!]qFIL{'),
(368,'customer','A?S)U(Hs'),
(369,'customer','ZCx^''6*g'),
(370,'customer','FB)#eY(5'),
(371,'customer','cy+N8R*@'),
(372,'customer','fGs/&\"Hv'),
(373,'customer','/fYw5Q\m'),
(374,'customer','%Xc7i+E@'),
(375,'customer','<4I5[9v-'),
(376,'customer','T''\,HlsJ>'),
(377,'customer','lD>eWsFa'),
(378,'customer','R5Ns;O#A'),
(379,'customer','cT)G''Q2b'),
(380,'customer','<r%Bp}c-'),
(381,'customer','qHp3}m8o'),
(382,'customer','^8Yha<]:'),
(383,'customer','@r;RI~Qu'),
(384,'customer','\BqKi=@C'),
(385,'customer','Tqg)HwOy'),
(386,'customer','xGU+{l\"'''),
(387,'customer','y.7NplaI'),
(388,'customer','p\,1Zj`S{'),
(389,'customer','n2f4>L.I'),
(390,'customer','I0|*{Fvn'),
(391,'customer',']9\,<i`(k'),
(392,'customer','!S>ikp5a'),
(393,'customer','0%i<v97O'),
(394,'customer','{[H^xUQh'),
(395,'customer','5znxK;*j'),
(396,'customer','DE>7_$l4'),
(397,'customer','M$jnl`I\"'),
(398,'customer','bw]N8jgK'),
(399,'customer','EL7yxr|'),
(400,'customer',')hiP_yXR'),
(401,'customer','W[XM$#<J'),
(402,'customer',';6Z~2=kX'),
(403,'customer','@qgKUOjM'),
(404,'customer','vy~\"4#p-'),
(405,'customer','wqD!E;A3'),
(406,'customer','p1Q>Bq#c'),
(407,'customer','zI\Ks157'),
(408,'customer','J6[<gMh_'),
(409,'customer','R<XkCmP%'),
(410,'customer',')8+jhHR<'),
(411,'customer','sA8z1;E]'),
(412,'customer','dIXHm&?+'),
(413,'customer','RV2\,ClFi'),
(414,'customer','V/~%_Em:'),
(415,'customer','/mq{SU3}'),
(416,'customer','Sqn{geL!'),
(417,'customer',']l{_}st['),
(418,'customer','ST<Du3q7'),
(419,'customer','L1v:u4\+'),
(420,'customer','9*^va\,4w'),
(421,'customer','h;n\,.j_S'),
(422,'customer','3Ie+KCD`'),
(423,'customer','(uUAc9&y'),
(424,'customer','hawIpLWt'),
(425,'customer','.D;6I]t3'),
(426,'customer','/XR;j`UY'),
(427,'customer','7h*Cf\"/D'),
(428,'customer','\,:ZmyN?2'),
(429,'customer','xXv3M<\,]'),
(430,'customer','|LI2%hA#'),
(431,'customer','au-lTf5C'),
(432,'customer','Obe`84t]'),
(433,'customer','<8HzDGF!'),
(434,'customer','%DfpHzE'),
(435,'customer','h5v!{w^6'),
(436,'customer',')pu[~/@x'),
(437,'customer','6\,y?>BHa'),
(438,'customer','M2V!X$@U'),
(439,'customer','hiN@+\Y_'),
(440,'customer','93-7b@M}'),
(441,'customer','!hpXd7%)'),
(442,'customer','BzxmqsIE'),
(443,'customer','E[/xk\P]'),
(444,'customer','J!i9:c`;'),
(445,'customer','o>*;}/ET'),
(446,'customer',';$?J<!5Q'),
(447,'customer','x(<tg9>P'),
(448,'customer','1BG0j\,K9'),
(449,'customer','[071.89/'),
(450,'customer','Z@!s$B&o'),
(451,'customer','|WT#4pkf'),
(452,'customer','I!+Sa?69'),
(453,'customer','E\,fW\4`&'),
(454,'customer','*v^@=[cl'),
(455,'customer','y+UZ8{eY'),
(456,'customer','9n;krcj2'),
(457,'customer','&Gn-!bAf'),
(458,'customer','u{EvchN='),
(459,'customer','S8)`Lf*7'),
(460,'customer','U<dGL0|`'),
(461,'customer','X{+HsU#'),
(462,'customer','YW{1&s=a'),
(463,'customer','Wclv?Rnx'),
(464,'customer','0*{>.Izp'),
(465,'customer','PgrtJEc:'),
(466,'customer','|Dv_Fwp['),
(467,'customer','!2T1k:QD'),
(468,'customer','G3jI=H(F'),
(469,'customer','=u(^''H4i'),
(470,'customer','=JZK1WCL'),
(471,'customer','spAaz''IN'),
(472,'customer','e~Ttg.d`'),
(473,'customer','tAqB\"LdM'),
(474,'customer','<%/y\"v#O'),
(475,'customer','Qk''OJ&~y'),
(476,'customer','`vJ*=C;P'),
(477,'customer','1~j}8lmO'),
(478,'customer','qS0af8T1'),
(479,'customer','R+G<i:YL'),
(480,'customer','AP93#d?E'),
(481,'customer','yl&|5(F0'),
(482,'customer','J+`{@7l~'),
(483,'customer','N}''O@Az;'),
(484,'customer','sB52tR-z'),
(485,'customer','\7GP~fJ<'),
(486,'customer','_s/gKG7f'),
(487,'customer','oL48PZ+)'),
(488,'customer','AEew$\*8'),
(489,'customer','9`:;xR7-'),
(490,'customer','r=^xgdB~'),
(491,'customer','1+leG''$-'),
(492,'customer',':`M943|B'),
(493,'customer','aS:k`i}X'),
(494,'customer','JB^Gcb''F'),
(495,'customer',';^u>h:Ly'),
(496,'customer','Q7aOwb+D'),
(497,'customer','&Q]A%Hbn'),
(498,'customer','rq>bn4l1'),
(499,'customer','''4p|d`P$'),
(500,'customer','L\j^\">x:');
